source,filename,sheet_name,name,description,price,schema,valid,collect_dt,sorted_schema,company,category,extension,tags,대분류,중분류,소분류,tags_list,data_size,data_count,data_size_bytes
bigdata-sea,page_000042.html,-,어업별 어선조업 위치,3개 어업별 어선의 조업 GPS 정보\n\n∙해양침적쓰레기 수거를 위한 기초자료로 활용\n∙연근해 해역을 운항하는 선박의 어구 또는 어망으로 발생되는 전복사고 대처 할 수 있는 정보 활용,0,FS_NM|FS_NO|FSH_PRMS_SCTN|FSH_KIND|FS_LCT_LA|FS_LCT_LO|MRN_NO|FW_YR|FW_MNTH,True,2025-07-15,FSH_KIND-FSH_PRMS_SCTN-FS_LCT_LA-FS_LCT_LO-FS_NM-FS_NO-FW_MNTH-FW_YR-MRN_NO,광주과학기술원,어업자원,"CSV, JSON, XML","['GPS정보', '광주과학기술원', '어선정보', '어업', '조업위치', '해구도']",산업/기술,해양/수산,어업,"['GPS정보', '광주과학기술원', '어선정보', '어업', '조업위치', '해구도']",33433982,394372,33433982.0
bigdata-sea,page_000043.html,-,수산물 판매유통 데이터,"수산물의 판매지역, 보관일수, 품명, 판매가격 데이터\n\n∙국내에 유통되는 수산물은 여러 단계별 유통 경로 중 1차 유통단계의 판매지역에 대한 정보 제공\n∙1차 유통단계에 판매가 이루어질 때까지의 보관지역과 보관기간에 대한 정보 제공\n∙어종별로 냉동보관창고에서 보관 후 1차 유통단계까지 소요되는 평균소요기간에 대한 정보 제공",250000,SEQ_NO|SALE_YMD|CMPNY_CD|SALE_AREA_CTPRV|SALE_AREA_TWNSHP|CSTD_AREA_CTPRV|CSTD_AREA_TWNSHP|CSTD_PERD|CTGRY_MLSFC_NM|SOF|PRDCT_NM|SALE_PRICE|PHOTO_INFO_ESSN_ID,True,2025-07-15,CMPNY_CD-CSTD_AREA_CTPRV-CSTD_AREA_TWNSHP-CSTD_PERD-CTGRY_MLSFC_NM-PHOTO_INFO_ESSN_ID-PRDCT_NM-SALE_AREA_CTPRV-SALE_AREA_TWNSHP-SALE_PRICE-SALE_YMD-SEQ_NO-SOF,에이치더블유,해양수산,"CSV, JSON, XML","['hw', '상품', '수산물', '유통', '트렌드', '판매']",소비/유통,상품,유통,"['hw', '상품', '수산물', '유통', '트렌드', '판매']",1582519,39784,1582519.0
bigdata-sea,page_000044.html,-,"넙치, 숭어 양식 환경, 질병, 활동상태","넙치, 숭어 양식장의 수질 환경, 질병 활동 데이터\n\n∙넙치 숭어의 양식환경 데이터를 참고 수온과 DO, 급이내역을 활용하여 양식사업에 적용할수 있다\n∙질병데이터를 통하여 질병발생시기및 예측 및 예방을 할수있다\n∙활동 데이터를 활용하여 이상 여부를 판단할수 있다",500000,SN|YMD|TM|SNSR_ID|SOF|SCNM|FRM_AREA|ARCD|FRM_NM|MNGR_NM|TOT_BRD_WA|CSTRN_NO|WT|TM_PARTY_INP_WT_QTY|TM_PARTY_FILT_WT_QTY|SRFCLYR_WTPR|MDLLYR_WTPR|DPLYR_WTPR|DO_QTY|SLN|HDRG_ION_CTRN|NH3_CTRN|NTDX_CTRN|TRBDTY|COD_QTY|FEED_KIND|FDNG_QTY|FDNG_CNT|TOT_NOANM_CNT|DENS|PPLTN_DSTNT_AVE_WT|PPLTN_DSTNT_AVE_MGNT|NUT_QTY_EC|NUT_QTY_NEOMIX|SNSR_MSRM_PNT|DISS_EXNEX|DISS_NM_KOR|DISS_NM_SCNM|DISS_OCRN_YMD|DISS_SYM|MNGMN_MTT|DISS_VIDO_INFO_FILE_NM|DISS_VIDO_FILE_MGNT|DISS_VIDO_RSOLTN|DISS_IMG_INFO_FILE_NM|DISS_IMG_FILE_MGNT|DISS_IMG_RSOLTN|PRDL_YMD|BRD_DCNT|PRDL_WL|PRDL_HT|PRDL_WT|NOW_WL|NOW_HT|NOW_WT|ACST_DENS|ACST_VIDO_INFO_FILE_NM|ACST_VIDO_FILE_MGNT|ACST_VIDO_RSOLTN|ACST_IMG_INFO_FILE_NM|ACST_IMG_FILE_MGNT|ACST_IMG_RSOLTN,True,2025-07-15,ACST_DENS-ACST_IMG_FILE_MGNT-ACST_IMG_INFO_FILE_NM-ACST_IMG_RSOLTN-ACST_VIDO_FILE_MGNT-ACST_VIDO_INFO_FILE_NM-ACST_VIDO_RSOLTN-ARCD-BRD_DCNT-COD_QTY-CSTRN_NO-DENS-DISS_EXNEX-DISS_IMG_FILE_MGNT-DISS_IMG_INFO_FILE_NM-DISS_IMG_RSOLTN-DISS_NM_KOR-DISS_NM_SCNM-DISS_OCRN_YMD-DISS_SYM-DISS_VIDO_FILE_MGNT-DISS_VIDO_INFO_FILE_NM-DISS_VIDO_RSOLTN-DO_QTY-DPLYR_WTPR-FDNG_CNT-FDNG_QTY-FEED_KIND-FRM_AREA-FRM_NM-HDRG_ION_CTRN-MDLLYR_WTPR-MNGMN_MTT-MNGR_NM-NH3_CTRN-NOW_HT-NOW_WL-NOW_WT-NTDX_CTRN-NUT_QTY_EC-NUT_QTY_NEOMIX-PPLTN_DSTNT_AVE_MGNT-PPLTN_DSTNT_AVE_WT-PRDL_HT-PRDL_WL-PRDL_WT-PRDL_YMD-SCNM-SLN-SN-SNSR_ID-SNSR_MSRM_PNT-SOF-SRFCLYR_WTPR-TM-TM_PARTY_FILT_WT_QTY-TM_PARTY_INP_WT_QTY-TOT_BRD_WA-TOT_NOANM_CNT-TRBDTY-WT-YMD,목포대학교산학협력단,해양환경,"CSV, JSON, XML","['넙치', '상태', '숭어', '양식', '양식환경', '질병', '환경', '활동']",산업/기술,해양/수산,양식,"['넙치', '상태', '숭어', '양식', '양식환경', '질병', '환경', '활동']",3258552,74058,3258552.0
bigdata-sea,page_000045.html,-,국가어항 일반현황,"국가 어항의 매년 업데이트 되는 어항의 기본정보\n\n∙관광 플랫폼, 관광공사\n∙다른 분야와 융합이 가능한 1차 원천정보\n∙어항의 위도와 경도를 알 수 있는 정도의 데이터 모음",0,YR|YR_PRT_CONNO|CTPRV_CD|CTPRV_NM|SIGNGU_CD|SIGUN_NM|FSHNG_PRT_CD|FSHNG_PRT_NM|HANG_SPCS_CD|HANG_SPCS_NM|APPNM_YR|FP_ADDR_DNL|LA|LO|NRB_FP_NM|NRB_FP_SPCSCD|NRB_FP_SPCSNM|NRB_FP_DIST|PRT_RPLICEPHOTO|NRB_ROAD|NRB_ROAD_DIST|SHPSRVC_DSTNC|ISL_DIST|PSSHP_TYP|RTR_PUL|RTR_HSHLD|MAIN_TRRSR_CNT|MAIN_TRRSR_NM|NRB_BEACH_CNT|NRB_BEACH_NM|HSTRCLST_CNT|HSTRCLST_NM|FSHNG_VLLG_CNT|FSTVL_CNT|FSTVL_NM|FSTVL_OPN_PRD|EDU_FCLTY_CNT|MLFLT_CNT|CWFCLTY_CNT|PBLC_FCLTY_CNT|TYPHN_NM|DMG_FCLTY_NM|DAMGE_AMT|BURBND_MTHD|ACDNT_YMD|ACDNT_LCT|ACDNT_CN|HMACCDNT|DEATH|INJRY|VSL_DMG|HMACCDNT_PRSNCNT|WFCL_CNT|HSTR_CONT|RGSTN_DT|EXC_YR,True,2025-07-15,ACDNT_CN-ACDNT_LCT-ACDNT_YMD-APPNM_YR-BURBND_MTHD-CTPRV_CD-CTPRV_NM-CWFCLTY_CNT-DAMGE_AMT-DEATH-DMG_FCLTY_NM-EDU_FCLTY_CNT-EXC_YR-FP_ADDR_DNL-FSHNG_PRT_CD-FSHNG_PRT_NM-FSHNG_VLLG_CNT-FSTVL_CNT-FSTVL_NM-FSTVL_OPN_PRD-HANG_SPCS_CD-HANG_SPCS_NM-HMACCDNT-HMACCDNT_PRSNCNT-HSTRCLST_CNT-HSTRCLST_NM-HSTR_CONT-INJRY-ISL_DIST-LA-LO-MAIN_TRRSR_CNT-MAIN_TRRSR_NM-MLFLT_CNT-NRB_BEACH_CNT-NRB_BEACH_NM-NRB_FP_DIST-NRB_FP_NM-NRB_FP_SPCSCD-NRB_FP_SPCSNM-NRB_ROAD-NRB_ROAD_DIST-PBLC_FCLTY_CNT-PRT_RPLICEPHOTO-PSSHP_TYP-RGSTN_DT-RTR_HSHLD-RTR_PUL-SHPSRVC_DSTNC-SIGNGU_CD-SIGUN_NM-TYPHN_NM-VSL_DMG-WFCL_CNT-YR-YR_PRT_CONNO,빌리언21,해양산업,"CSV, JSON, XML","['관광', '관광지', '국가어항', '빌리언21', '어항주변관광지', '일반현황', '해수욕장']",공간/위치,관광,관광,"['관광', '관광지', '국가어항', '빌리언21', '어항주변관광지', '일반현황', '해수욕장']",18460,780,18460.0
bigdata-sea,page_000046.html,-,선박 스케줄 정보,"선박의 터미널 입출항 정보\n\n∙선박 입출항시간 분석하는 자료로 활용\n∙하역작업시간 분석하는 자료로 활용\n∙항만별, 터미널별 척수, 선박규모, 물동량등 통계자료 활용",1000000,SN|VOYG_NO|SHIP_NM|MS_CD|PRT|SC_ID|BRTH_NM|TRMNL|REF_CD|EXPECT_ARVL_TM|EXPECT_BRTH_TM|RL_ARVL_TM|EXPECT_DPTR_TM|TRMNL_ID|OPRT_BGN_DTM|RGSTN_MAN|RGST_DT,True,2025-07-15,BRTH_NM-EXPECT_ARVL_TM-EXPECT_BRTH_TM-EXPECT_DPTR_TM-MS_CD-OPRT_BGN_DTM-PRT-REF_CD-RGSTN_MAN-RGST_DT-RL_ARVL_TM-SC_ID-SHIP_NM-SN-TRMNL-TRMNL_ID-VOYG_NO,해운항만물류정보협회,해운물류,"CSV, JSON, XML","['물류', '선박', '스케줄', '입출항', '입항시간', '정보', '출항시간', '컨테이너', '항만', '해운', '협회']",소비/유통,상품,물류,"['물류', '선박', '스케줄', '입출항', '입항시간', '정보', '출항시간', '컨테이너', '항만', '해운', '협회']",2689902,46556,2689902.0
bigdata-sea,page_000048.html,-,해상수출 물류가격 견적데이터,"∙2014년부터 2020년까지의 전세계 항구에 대한 해상수출 운임 견적서\n∙출발항구, 도착국가, 선적물 정보에 따른 예상 해상수출 운임 견적서\n∙시계열 데이터\n\n∙국내 해상수출 견적 데이터 확인 및 분석하고자 하는 기업 및 기관\n∙국내 해상수출 데이터와 관련해 데이터를 분석하고자 하는 스타트업\n∙국내 해상수출 데이터와 관련해 데이터를 분석하고자 하는 포워딩 업체\n∙국내 해상수출 데이터와 관련해 데이터를 분석하고자 하는 해외 업체",700000,ESTMT_OFC_NO|ESTMT_YMD|DPTR_PRT_NM|ARVL_PRT_NM|ARVL_CN_NM|FRGHT_VOLM_VL|CNTNR_20FT_QTY|CNTNR_40FT_QTY|UNPRC|OCNFR_USD|TRMNL_RNTF|WHRFG|PAPERS_COST|SUM_AMT|SUM_AMT_KRW|RM,True,2025-07-15,ARVL_CN_NM-ARVL_PRT_NM-CNTNR_20FT_QTY-CNTNR_40FT_QTY-DPTR_PRT_NM-ESTMT_OFC_NO-ESTMT_YMD-FRGHT_VOLM_VL-OCNFR_USD-PAPERS_COST-RM-SUM_AMT-SUM_AMT_KRW-TRMNL_RNTF-UNPRC-WHRFG,울산과학기술원,해운물류,"CSV, JSON, XML","['예상수출물류비용', '예상컨테이너비용', '울산과학기술원', '해상수출', '해상운임', '해상운임견적']",소비/유통,상품,물류,"['예상수출물류비용', '예상컨테이너비용', '울산과학기술원', '해상수출', '해상운임', '해상운임견적']",10480174,274990,10480174.0
bigdata-sea,page_000054.html,-,어업별 조업 정보,"3개 어업별 어선의 조업 현황(어구 종류, 양망/투망이력) 정보\n\n∙어업인에게 안전한 조업활동 정보 제공\n∙해양침적쓰레기 수거를 위한 기초자료로 활용",0,FS_NM|FS_NO|FSH_KIND|BUOY_KND_NM|SOF_NM|FSH_COLCT_CNT|FSHNG_INTRVL|FW_YR|FW_MNTH|FW_DAY|FW_HMS|MRN_NO|OBSV_HMS|CRRNT_SPD|CRRNT_DRCN,True,2025-07-15,BUOY_KND_NM-CRRNT_DRCN-CRRNT_SPD-FSHNG_INTRVL-FSH_COLCT_CNT-FSH_KIND-FS_NM-FS_NO-FW_DAY-FW_HMS-FW_MNTH-FW_YR-MRN_NO-OBSV_HMS-SOF_NM,광주과학기술원,어업자원,"CSV, JSON, XML","['광주과학기술원', '어구종류', '어선정보', '어업', '어종', '조업현황']",산업/기술,해양/수산,어업,"['광주과학기술원', '어구종류', '어선정보', '어업', '어종', '조업현황']",2459127,57189,2459127.0
bigdata-sea,page_000055.html,-,어업별 어획량 정보,3개 어업별 어선의 조업 결과에 따른 어획량 정보\n\n∙어업별 어획량 통계 자료에 활용\n∙어업활동범위 및 어획량 예측 서비스에 활용,0,MRN_NO|FSH_KIND|BUOY_KND_NM|SOF_NM|FW_YR|FW_MNTH|FSH_HL_MNTH,True,2025-07-15,BUOY_KND_NM-FSH_HL_MNTH-FSH_KIND-FW_MNTH-FW_YR-MRN_NO-SOF_NM,광주과학기술원,어업자원,"CSV, JSON, XML","['광주과학기술원', '어구', '어업', '어종', '어획량', '해어황예보']",산업/기술,해양/수산,어업,"['광주과학기술원', '어구', '어업', '어종', '어획량', '해어황예보']",74894,2534,74894.0
bigdata-sea,page_000056.html,-,어업별 어구부위 위치,3개 어업별 어구부이(수상) GPS위치\n\n∙조업 어구 실시간 위치 정보제공 서비스에 활용\n∙선박운항 시 사고를 예방하고 원활한 운항을 지원하는 서비스에 활용\n∙폐어구의 해양오염 또는 유령어업에 의한 수산자원 피해 최소화,0,FS_NM|FS_NO|FSH_KIND|BUOY_KND_NM|BUOY_CNT|BUOY_UNIT|BUOY_NO|FW_YR|FW_MNTH|FW_DAY|FW_HMS|BUOY_ID|BUOY_LA|BUOY_LO,True,2025-07-15,BUOY_CNT-BUOY_ID-BUOY_KND_NM-BUOY_LA-BUOY_LO-BUOY_NO-BUOY_UNIT-FSH_KIND-FS_NM-FS_NO-FW_DAY-FW_HMS-FW_MNTH-FW_YR,광주과학기술원,어업자원,"CSV, JSON, XML","['광주과학기술원', '부이', '어구', '어선', '위치정보', '조업']",산업/기술,해양/수산,어업,"['광주과학기술원', '부이', '어구', '어선', '위치정보', '조업']",21354130,305059,21354130.0
bigdata-sea,page_000057.html,-,어업별 수중어구 위치,3개 어업별 수중어망에 부착된 어구수중위치\n\n∙어업인의 어구자산을 회수할 수 있는 정보제공\n∙유실어구 조기처리로 폐어구의 해양오염 또는 유령어업에 의한 수산자원 피해 최소화,0,FS_NM|FS_NO|FSH_KIND|BUOY_KND_NM|BUOY_CNT|BUOY_UNIT|FW_YR|FW_MNTH|FW_DAY|FW_HMS|BUOY_ID|TAG_ID|TAG_LA|TAG_LO,True,2025-07-15,BUOY_CNT-BUOY_ID-BUOY_KND_NM-BUOY_UNIT-FSH_KIND-FS_NM-FS_NO-FW_DAY-FW_HMS-FW_MNTH-FW_YR-TAG_ID-TAG_LA-TAG_LO,광주과학기술원,어업자원,"CSV, JSON, XML","['광주과학기술원', '어구', '어선', '위치정보', '조업', '태그']",산업/기술,해양/수산,어업,"['광주과학기술원', '어구', '어선', '위치정보', '조업', '태그']",2264128,35377,2264128.0
bigdata-sea,page_000058.html,-,수산물 판매상품 데이터,"수산물의 어종, 형태, 규격, 사진 등 관련 데이터           \n\n∙유통되는 수산물의 어종별 상품의 고유형태에 대한 정보 제공\n∙유통되는 수산물의 어종별 상품의 규격 및 포장형태(단위)에 대한 정보 제공",250000,SEQ_NO|OCRN_YMD|CMPNY_CD|CTGRY_MLSFC_NM|SOF|PRDCT_NM|PACKN_UNIT|STNDR|PHOTO_INFO_ESSN_ID,True,2025-07-15,CMPNY_CD-CTGRY_MLSFC_NM-OCRN_YMD-PACKN_UNIT-PHOTO_INFO_ESSN_ID-PRDCT_NM-SEQ_NO-SOF-STNDR,에이치더블유,해양수산,"CSV, JSON, XML","['상품', '수산물', '에이치더블유', '유통', '트렌드', '판매']",소비/유통,상품,유통,"['상품', '수산물', '에이치더블유', '유통', '트렌드', '판매']",1867415,37853,1867415.0
bigdata-sea,page_000059.html,-,수산물 구매유통 데이터,"수산물의 구매지역, 품명, 규격, 단위 데이터\n\n∙국내에 유통되는 어종별 수산물의 구입 회사는 지역별로 다양하게 존재함\n∙유통되는 수산물의 어종별 구입회사의 회사형태에 대한 정보 제공\n∙구입회사 소재지의 지역별 정보 제공",250000,SEQ_NO|SALE_YMD|CMPNY_CD|PURC_OFC_CLS|SALE_AREA_CTPRV|SALE_AREA_TWNSHP|CTGRY_MLSFC_NM|PRDCT_NM|PACKN_UNIT|STNDR|PHOTO_INFO_ESSN_ID,True,2025-07-15,CMPNY_CD-CTGRY_MLSFC_NM-PACKN_UNIT-PHOTO_INFO_ESSN_ID-PRDCT_NM-PURC_OFC_CLS-SALE_AREA_CTPRV-SALE_AREA_TWNSHP-SALE_YMD-SEQ_NO-STNDR,에이치더블유,해양산업,"CSV, JSON, XML","['구매', '구매업종', '수산물', '신선', '에이치더블유', '유통', '트렌드']",소비/유통,상품,유통,"['구매', '구매업종', '수산물', '신선', '에이치더블유', '유통', '트렌드']",784770,21210,784770.0
bigdata-sea,page_000060.html,-,수산물 원산지 이력 데이터,"수산물의 판매일자, 보관일수, 품명, 원산지 데이터\n\n∙국내에 유통되는 어종의 다양한 원산지에 대한 정보 제공\n∙같은 어종 중 원산지별 총판매수량에 대한 정보를 제공\n∙국내 같은 어종의 원산지별 판매 비중에 대한 정보를 제공\n∙원산지별 어종의 보관기간에 대한 정보 제공\n∙냉동낙지의 2016년 01월01일부터 2019년 12월31일까지 원산지별 규격별 판매회사가 판매한 정보 제공",250000,SEQ_NO|SALE_YMD|CMPNY_CD|CSTD_PERD|CTGRY_MLSFC_NM|SOF|PRDCT_NM|ORPLC_NTN_NM|STNDR|PACKN_UNIT|SMRY_CONT|GOODS_SALE_QTY|PHOTO_INFO_ESSN_ID,True,2025-07-15,CMPNY_CD-CSTD_PERD-CTGRY_MLSFC_NM-GOODS_SALE_QTY-ORPLC_NTN_NM-PACKN_UNIT-PHOTO_INFO_ESSN_ID-PRDCT_NM-SALE_YMD-SEQ_NO-SMRY_CONT-SOF-STNDR,에이치더블유,국제협력,"CSV, JSON, XML","['수산물', '신선', '에이치더블유', '원산지', '유통', '전자이력', '트렌드']",소비/유통,상품,유통,"['수산물', '신선', '에이치더블유', '원산지', '유통', '전자이력', '트렌드']",1883591,40459,1883591.0
bigdata-sea,page_000061.html,-,수산물 수입평균단가 데이터,"국내 수입 수산물의 어종별, 수입형태별 수입평균단가(주별) 데이터\n\n∙국내에 수입신고되는 어종의 명칭과 원산지에 대한 정보 제공\n∙원료 원산지와 제조국이 다른 어종에 대한 정보 제공\n∙1주일 단위로 정의된 수입어종의 수입평균단가 정보 제공\n∙수입어종의 2015년 12월 28일부터 2020년 12월21일까지의 정보 제공",0,SEQ_NO|STRD_DTM|PRDCT_SCTN|MNFCT_NTN_NM|XPORT_NTN_NM|IMPORT_PRPS|CTGRY_MLSFC_NM|SOF|DETL_SOF|IMPORT_FOM|AVE_UNPRC_AMT|PHOTO_INFO_ESSN_ID,True,2025-07-15,AVE_UNPRC_AMT-CTGRY_MLSFC_NM-DETL_SOF-IMPORT_FOM-IMPORT_PRPS-MNFCT_NTN_NM-PHOTO_INFO_ESSN_ID-PRDCT_SCTN-SEQ_NO-SOF-STRD_DTM-XPORT_NTN_NM,에이치더블유,국제협력,"CSV, JSON, XML","['가격', '단가', '수산물', '수입', '에이치더블유', '원산지', '트렌드', '평균']",산업/기술,해양/수산,어업,"['가격', '단가', '수산물', '수입', '에이치더블유', '원산지', '트렌드', '평균']",3817185,97322,3817185.0
bigdata-sea,page_000062.html,-,어업별 조업 데이터,"조업선 책임자가 작성한 기본보고서(조업일자, 조업지역, 조업량 등)\n\n∙국내 및 해외 어업별 조업선의 조업지역에 대한 정보 제공\n∙조업선의 톤수 및 마력에 따른 조업량 규모에 대한 정보 제공\n∙국내외 어업별 조업선의 선명에 대한 정보 제공\n∙조업의 톤수 및 마력으로 1회 얼마의 양을 조업할 수 있는지 확인하고자 하는 목적",200000,SEQ_NO|WRKNG_YMD|WRKNG_AREA|FSH_LAW|SHIP_NM|TME|WRKNG_FS_TOT_TN|ENGNR_HRPR_QTY|SOF|STNDR|WRKNG_QTY|PHOTO_INFO_ESSN_ID,True,2025-07-15,ENGNR_HRPR_QTY-FSH_LAW-PHOTO_INFO_ESSN_ID-SEQ_NO-SHIP_NM-SOF-STNDR-TME-WRKNG_AREA-WRKNG_FS_TOT_TN-WRKNG_QTY-WRKNG_YMD,에이치더블유,해양수산,"CSV, JSON, XML","['수산물', '어선', '어업', '어획', '조업']",산업/기술,해양/수산,어업,"['수산물', '어선', '어업', '어획', '조업']",1056876,22540,1056876.0
bigdata-sea,page_000063.html,-,어업별 어획 데이터,"조업선 책임자가 작성한보고데이터(어획일자, 어종, 규격, 수량, 중량 등)\n\n∙조업선의 책임자(선장)로부터 받은 조업량 정보를 위판장에 위판을 하기 위해 어종 및 어획수량에 대한 정보 제공",200000,SEQ_NO|WRKNG_YMD|WRKNG_AREA|SHIP_NM|TME|CTGRY_MLSFC_NM|SOF|STNDR|QTY|WT_KG|QLT_MSRM_RSLT|PHOTO_INFO_ESSN_ID,True,2025-07-15,CTGRY_MLSFC_NM-PHOTO_INFO_ESSN_ID-QLT_MSRM_RSLT-QTY-SEQ_NO-SHIP_NM-SOF-STNDR-TME-WRKNG_AREA-WRKNG_YMD-WT_KG,에이치더블유,해양수산,"CSV, JSON, XML","['보고시스템', '수산물', '어업', '어종', '어획', '전자', '조업']",산업/기술,해양/수산,어업,"['보고시스템', '수산물', '어업', '어종', '어획', '전자', '조업']",1014218,22763,1014218.0
bigdata-sea,page_000064.html,-,위판장 어종품질 데이터,"연근해산 수산물의 어종과 품질 데이터\n\n∙대형기선저인망(쌍끌이) 조업선의 위판이 이루어지는 위판장 및 어종, 위판 규격에 관한 정보제공\n∙위판금액 및 어종품질에 대한 정보제공",200000,SEQ_NO|CNSGN_YMD|MCS_NM|CTGRY_MLSFC_NM|SOF|SMRY_CONT|CNSGN_STNDR|CNSGN_PRICE|QLT_MSRM_RSLT|PHOTO_INFO_ESSN_ID,True,2025-07-15,CNSGN_PRICE-CNSGN_STNDR-CNSGN_YMD-CTGRY_MLSFC_NM-MCS_NM-PHOTO_INFO_ESSN_ID-QLT_MSRM_RSLT-SEQ_NO-SMRY_CONT-SOF,에이치더블유,해양수산,"CSV, JSON, XML","['수산물', '신선', '어종품질', '위판', '위판장', '유통', '품질']",산업/기술,해양/수산,어업,"['수산물', '신선', '어종품질', '위판', '위판장', '유통', '품질']",1286717,28245,1286717.0
bigdata-sea,page_000065.html,-,위판장 위판가격 데이터,"연근해산 수산물의 위판가격 데이터\n\n∙위판이 이루어지는 위판장 및 어종의 상자 및 박스당 위판수량, 위판 가격에 관한 정보제공",200000,SEQ_NO|CNSGN_YMD|MCS_NM|CTGRY_MLSFC_NM|MCS_SOF|CNSGN_STNDR|TOT_VOL|CNSGN_PRICE|PHOTO_INFO_ESSN_ID,True,2025-07-15,CNSGN_PRICE-CNSGN_STNDR-CNSGN_YMD-CTGRY_MLSFC_NM-MCS_NM-MCS_SOF-PHOTO_INFO_ESSN_ID-SEQ_NO-TOT_VOL,에이치더블유,해양수산,"CSV, JSON, XML","['가격', '수산물', '신선', '위판', '위판가격', '위판장', '유통']",산업/기술,해양/수산,어업,"['가격', '수산물', '신선', '위판', '위판가격', '위판장', '유통']",975392,26928,975392.0
bigdata-sea,page_000066.html,-,가공공장 유통 데이터,"가공수산물(원료) 구매지역, 원산지, 보관일수 등 데이터\n\n∙국내 수산물 가공공장이 사용하는 원료의 어종에 대한 정보 제공\n∙국내 수산물 가공공장이 사용하는 원료 원산지에 대한 정보 제공\n∙가공공장이 구입하는 원료의 구매가격에 대한 정보 제공",250000,SEQ_NO|SALE_YMD|CMPNY_CD|PURC_AREA|ORPLC_NTN_NM|CSTD_PERD|CTGRY_MLSFC_NM|SOF|PRDCT_NM|PURC_PRICE|STNDR|QTY|SMRY_CONT|PHOTO_INFO_ESSN_ID,True,2025-07-15,CMPNY_CD-CSTD_PERD-CTGRY_MLSFC_NM-ORPLC_NTN_NM-PHOTO_INFO_ESSN_ID-PRDCT_NM-PURC_AREA-PURC_PRICE-QTY-SALE_YMD-SEQ_NO-SMRY_CONT-SOF-STNDR,에이치더블유,해양수산,"CSV, JSON, XML","['가격', '가공', '가공공장', '수산물', '원산지', '유통']",소비/유통,상품,구매,"['가격', '가공', '가공공장', '수산물', '원산지', '유통']",1458711,32821,1458711.0
bigdata-sea,page_000068.html,-,가공공장 가공 데이터,수산물 어종별 가공형태 및 수율 데이터\n\n∙국내에 유통되는 수산물 원재료의 가공 후 가공수율에 대한 정보 제공\n∙가공 원료의 원산지에 대한 정보 제공\n∙여러 가공 원료 어종 중 대중성 어종이라고 할 수 있는 오징어에 대한 가공 수율 정보를 제공,250000,SEQ_NO|CTGRY_MLSFC_NM|SOF|PRCSS_FOM|SOF_SCTN_UNIT|EXAM_NO|ORPLC_NTN_NM|WRKNG_AREA|ENTRY_YR|ENTRY_MNTH|TOT_WT|VSCR_WT|NET_WT|HR|PHOTO_INFO_ESSN_ID,True,2025-07-15,CTGRY_MLSFC_NM-ENTRY_MNTH-ENTRY_YR-EXAM_NO-HR-NET_WT-ORPLC_NTN_NM-PHOTO_INFO_ESSN_ID-PRCSS_FOM-SEQ_NO-SOF-SOF_SCTN_UNIT-TOT_WT-VSCR_WT-WRKNG_AREA,에이치더블유,해양수산,"CSV, JSON, XML","['가공', '가공공장', '수산물', '수율', '유통', '포장']",산업/기술,해양/수산,어업,"['가공', '가공공장', '수산물', '수율', '유통', '포장']",520940,18605,520940.0
bigdata-sea,page_000069.html,-,한나라호 선박의 추진축계 모니터링 데이터,"한나라호 실습선의 운항 실증을 위한 추진축계 모니터링 데이터 \n\n∙Ship Building 관련 업계의 추친축계 설계 및 제작, 유지보수에 활용\n∙선박엔진, 샤프트, 기어, 프로펠러까지 안전진단 및 고장예측에 활용",0,VSL_NO|TRNNG_SHP_NAME|MSRM_DTM|RTTN_SPDMTR|SH_LD_EBY_VIBRAT|SH_TD_EBY_VIBRAT|VD_EBY_VIBRAT|HD_EBY_VIBRAT,True,2025-07-15,HD_EBY_VIBRAT-MSRM_DTM-RTTN_SPDMTR-SH_LD_EBY_VIBRAT-SH_TD_EBY_VIBRAT-TRNNG_SHP_NAME-VD_EBY_VIBRAT-VSL_NO,한국해양대학교 산학협력단,해운물류,"CSV, JSON, XML","['모니터링', '실습선', '운항실증', '추친축계', '한나라호']",산업/기술,해양/수산,선박,"['모니터링', '실습선', '운항실증', '추친축계', '한나라호']",0,0,0.0
bigdata-sea,page_000070.html,-,"뱀장어, 새우 양식 환경, 질병, 활동 상태","뱀장어 새우 양식 환경, 질병, 활동 데이터\n\n∙뱀장어 새우의 양식환경 데이터를 참고 수온과 DO, 급이내역을 활용하여 양식사업에 적용할수 있다\n∙질병데이터를 통하여 질병발생시기및 예측 및 예방을 할수있다\n∙활동 데이터를 활용하여 이상 여부를 판단할수 있다",500000,SN|YMD|TM|SNSR_ID|SOF|SCNM|FRM_AREA|ARCD|FRM_NM|MNGR_NM|TOT_BRD_WA|CSTRN_NO|WT|TM_PARTY_INP_WT_QTY|TM_PARTY_FILT_WT_QTY|SRFCLYR_WTPR|MDLLYR_WTPR|DPLYR_WTPR|DO_QTY|SLN|HDRG_ION_CTRN|NH3_CTRN|NTDX_CTRN|TRBDTY|COD_QTY|FEED_KIND|FDNG_QTY|FDNG_CNT|TOT_NOANM_CNT|DENS|PPLTN_DSTNT_AVE_WT|PPLTN_DSTNT_AVE_MGNT|NUT_QTY_EC|NUT_QTY_NEOMIX|SNSR_MSRM_PNT|DISS_EXNEX|DISS_NM_KOR|DISS_NM_SCNM|DISS_OCRN_YMD|DISS_SYM|MNGMN_MTT|DISS_VIDO_INFO_FILE_NM|DISS_VIDO_FILE_MGNT|DISS_VIDO_RSOLTN|DISS_IMG_INFO_FILE_NM|DISS_IMG_FILE_MGNT|DISS_IMG_RSOLTN|PRDL_YMD|BRD_DCNT|PRDL_WL|PRDL_HT|PRDL_WT|NOW_WL|NOW_HT|NOW_WT|ACST_DENS|ACST_VIDO_INFO_FILE_NM|ACST_VIDO_FILE_MGNT|ACST_VIDO_RSOLTN|ACST_IMG_INFO_FILE_NM|ACST_IMG_FILE_MGNT|ACST_IMG_RSOLTN,True,2025-07-15,ACST_DENS-ACST_IMG_FILE_MGNT-ACST_IMG_INFO_FILE_NM-ACST_IMG_RSOLTN-ACST_VIDO_FILE_MGNT-ACST_VIDO_INFO_FILE_NM-ACST_VIDO_RSOLTN-ARCD-BRD_DCNT-COD_QTY-CSTRN_NO-DENS-DISS_EXNEX-DISS_IMG_FILE_MGNT-DISS_IMG_INFO_FILE_NM-DISS_IMG_RSOLTN-DISS_NM_KOR-DISS_NM_SCNM-DISS_OCRN_YMD-DISS_SYM-DISS_VIDO_FILE_MGNT-DISS_VIDO_INFO_FILE_NM-DISS_VIDO_RSOLTN-DO_QTY-DPLYR_WTPR-FDNG_CNT-FDNG_QTY-FEED_KIND-FRM_AREA-FRM_NM-HDRG_ION_CTRN-MDLLYR_WTPR-MNGMN_MTT-MNGR_NM-NH3_CTRN-NOW_HT-NOW_WL-NOW_WT-NTDX_CTRN-NUT_QTY_EC-NUT_QTY_NEOMIX-PPLTN_DSTNT_AVE_MGNT-PPLTN_DSTNT_AVE_WT-PRDL_HT-PRDL_WL-PRDL_WT-PRDL_YMD-SCNM-SLN-SN-SNSR_ID-SNSR_MSRM_PNT-SOF-SRFCLYR_WTPR-TM-TM_PARTY_FILT_WT_QTY-TM_PARTY_INP_WT_QTY-TOT_BRD_WA-TOT_NOANM_CNT-TRBDTY-WT-YMD,목포대학교산학협력단,해양환경,"CSV, JSON, XML","['뱀장어', '새우', '양식', '양식환경', '질병', '환경', '활동']",산업/기술,해양/수산,양식,"['뱀장어', '새우', '양식', '양식환경', '질병', '환경', '활동']",2378831028,25856859,2378831028.0
bigdata-sea,page_000071.html,-,한바다호 선박의 추진축계 모니터링 데이터,"한바다호 실습선의 운항실증을 위한 추진축계 모니터링 데이터 \n\n∙Ship Building 관련 업계의 추친축계 설계 및 제작, 유지보수에 활용\n∙선박엔진, 샤프트, 기어, 프로펠러까지 안전진단 및 고장예측에 활용",0,VSL_NO|TRNNG_SHP_NAME|MSRM_DTM|RTTN_SPDMTR|SH_LD_EBY_VIBRAT|SH_TD_EBY_VIBRAT|VD_EBY_VIBRAT|HD_EBY_VIBRAT,True,2025-07-15,HD_EBY_VIBRAT-MSRM_DTM-RTTN_SPDMTR-SH_LD_EBY_VIBRAT-SH_TD_EBY_VIBRAT-TRNNG_SHP_NAME-VD_EBY_VIBRAT-VSL_NO,한국해양대학교 산학협력단,해운물류,"CSV, JSON, XML","['모니터링', '실습선', '운항실증', '추진축계', '한바다호']",산업/기술,해양/수산,해양,"['모니터링', '실습선', '운항실증', '추진축계', '한바다호']",0,0,0.0
bigdata-sea,page_000072.html,-,"가자미류, 돔류, 바리류 양식 환경, 질병, 활동 상태","가자미류, 돔류, 바리류 양식 환경, 질병, 활동 데이터\n\n∙가자미류, 돔류, 바리의 양식환경 데이터를 참고 수온과 DO, 급이내역을 활용하여 양식사업에 적용할수 있다\n∙질병데이터를 통하여 질병발생시기및 예측 및 예방을 할수있다\n∙활동 데이터를 활용하여 이상 여부를 판단할수 있다",500000,SN|YMD|TM|SNSR_ID|SOF|SCNM|FRM_AREA|ARCD|FRM_NM|MNGR_NM|TOT_BRD_WA|CSTRN_NO|WT|TM_PARTY_INP_WT_QTY|TM_PARTY_FILT_WT_QTY|SRFCLYR_WTPR|MDLLYR_WTPR|DPLYR_WTPR|DO_QTY|SLN|HDRG_ION_CTRN|NH3_CTRN|NTDX_CTRN|TRBDTY|COD_QTY|FEED_KIND|FDNG_QTY|FDNG_CNT|TOT_NOANM_CNT|DENS|PPLTN_DSTNT_AVE_WT|PPLTN_DSTNT_AVE_MGNT|NUT_QTY_EC|NUT_QTY_NEOMIX|SNSR_MSRM_PNT|DISS_EXNEX|DISS_NM_KOR|DISS_NM_SCNM|DISS_OCRN_YMD|DISS_SYM|MNGMN_MTT|DISS_VIDO_INFO_FILE_NM|DISS_VIDO_FILE_MGNT|DISS_VIDO_RSOLTN|DISS_IMG_INFO_FILE_NM|DISS_IMG_FILE_MGNT|DISS_IMG_RSOLTN|PRDL_YMD|BRD_DCNT|PRDL_WL|PRDL_HT|PRDL_WT|NOW_WL|NOW_HT|NOW_WT|ACST_DENS|ACST_VIDO_INFO_FILE_NM|ACST_VIDO_FILE_MGNT|ACST_VIDO_RSOLTN|ACST_IMG_INFO_FILE_NM|ACST_IMG_FILE_MGNT|ACST_IMG_RSOLTN,True,2025-07-15,ACST_DENS-ACST_IMG_FILE_MGNT-ACST_IMG_INFO_FILE_NM-ACST_IMG_RSOLTN-ACST_VIDO_FILE_MGNT-ACST_VIDO_INFO_FILE_NM-ACST_VIDO_RSOLTN-ARCD-BRD_DCNT-COD_QTY-CSTRN_NO-DENS-DISS_EXNEX-DISS_IMG_FILE_MGNT-DISS_IMG_INFO_FILE_NM-DISS_IMG_RSOLTN-DISS_NM_KOR-DISS_NM_SCNM-DISS_OCRN_YMD-DISS_SYM-DISS_VIDO_FILE_MGNT-DISS_VIDO_INFO_FILE_NM-DISS_VIDO_RSOLTN-DO_QTY-DPLYR_WTPR-FDNG_CNT-FDNG_QTY-FEED_KIND-FRM_AREA-FRM_NM-HDRG_ION_CTRN-MDLLYR_WTPR-MNGMN_MTT-MNGR_NM-NH3_CTRN-NOW_HT-NOW_WL-NOW_WT-NTDX_CTRN-NUT_QTY_EC-NUT_QTY_NEOMIX-PPLTN_DSTNT_AVE_MGNT-PPLTN_DSTNT_AVE_WT-PRDL_HT-PRDL_WL-PRDL_WT-PRDL_YMD-SCNM-SLN-SN-SNSR_ID-SNSR_MSRM_PNT-SOF-SRFCLYR_WTPR-TM-TM_PARTY_FILT_WT_QTY-TM_PARTY_INP_WT_QTY-TOT_BRD_WA-TOT_NOANM_CNT-TRBDTY-WT-YMD,목포대학교산학협력단,해양환경,"CSV, JSON, XML","['가자미', '돔', '바리', '양식', '양식환경', '질병', '환경', '활동']",산업/기술,해양/수산,양식,"['가자미', '돔', '바리', '양식', '양식환경', '질병', '환경', '활동']",3198936,61518,3198936.0
bigdata-sea,page_000073.html,-,한나라호 선박의 승선원 이동통로 공간환경 정보 데이터,"한나라호 실습선의 승선원 이동통로 공간상태를 계측한 환경 정보 데이터\n\n∙승선원 근무환경 개선을 위한 환경정보 분석에 활용\n∙선박의 주요 공간정보 분석을 통한 관련 기자재 설치, 유지보수, 개선에 활용",0,VSL_NO|TRNNG_SHP_NAME|MSRM_DTM|COLCT_PLAC|TMP|HMDT|PFBS_NTRO_CBDX_CTRN|PFBS_NTRO_VLATL_ONCCP_CTRN|PFBS_NTRO_UFNDS_CTRN|PFBS_NTRO_FNPM_CTRN|PFBS_NTRO_FNDS_CTRN,True,2025-07-15,COLCT_PLAC-HMDT-MSRM_DTM-PFBS_NTRO_CBDX_CTRN-PFBS_NTRO_FNDS_CTRN-PFBS_NTRO_FNPM_CTRN-PFBS_NTRO_UFNDS_CTRN-PFBS_NTRO_VLATL_ONCCP_CTRN-TMP-TRNNG_SHP_NAME-VSL_NO,한국해양대학교 산학협력단,해사안전,"CSV, JSON, XML","['공간정보', '실습선', '한나라호', '화물실', '환경정보']",산업/기술,해양/수산,실습선,"['공간정보', '실습선', '한나라호', '화물실', '환경정보']",58014306,1074339,58014306.0
bigdata-sea,page_000074.html,-,한바다호 선박의 승선원 이동통로 공간환경 정보 데이터,"한바다호 실습선의 승선원 이동통로 공간상태를 계측한 환경 정보 데이터\n\n∙승선원 근무환경 개선을 위한 환경정보 분석에 활용\n∙선박의 주요 공간정보 분석을 통한 관련 기자재 설치, 유지보수, 개선에 활용",0,VSL_NO|TRNNG_SHP_NAME|MSRM_DTM|COLCT_PLAC|TMP|HMDT|PFBS_NTRO_CBDX_CTRN|PFBS_NTRO_VLATL_ONCCP_CTRN|PFBS_NTRO_UFNDS_CTRN|PFBS_NTRO_FNPM_CTRN|PFBS_NTRO_FNDS_CTRN,True,2025-07-15,COLCT_PLAC-HMDT-MSRM_DTM-PFBS_NTRO_CBDX_CTRN-PFBS_NTRO_FNDS_CTRN-PFBS_NTRO_FNPM_CTRN-PFBS_NTRO_UFNDS_CTRN-PFBS_NTRO_VLATL_ONCCP_CTRN-TMP-TRNNG_SHP_NAME-VSL_NO,한국해양대학교 산학협력단,해사안전,"CSV, JSON, XML","['공간정보', '실습선', '한바다호', '화물실', '환경정보']",산업/기술,해양/수산,해양,"['공간정보', '실습선', '한바다호', '화물실', '환경정보']",80138552,1541126,80138552.0
bigdata-sea,page_000075.html,-,"전복 양식 환경, 질병, 활동 상태","전복 양식 양식 환경, 질병, 활동 데이터\n\n∙전복의 양식환경 데이터를 참고 수온과 DO, 급이내역을 활용하여 양식사업에 적용할수 있다\n∙질병데이터를 통하여 질병발생시기및 예측 및 예방을 할수있다\n∙활동 데이터를 활용하여 이상 여부를 판단할수 있다",0,SN|YMD|TM|SNSR_ID|SOF|SCNM|FRM_AREA|ARCD|FRM_NM|MNGR_NM|TOT_BRD_WA|CSTRN_NO|WT|TM_PARTY_INP_WT_QTY|TM_PARTY_FILT_WT_QTY|SRFCLYR_WTPR|MDLLYR_WTPR|DPLYR_WTPR|DO_QTY|SLN|HDRG_ION_CTRN|NH3_CTRN|NTDX_CTRN|TRBDTY|COD_QTY|FEED_KIND|FDNG_QTY|FDNG_CNT|TOT_NOANM_CNT|DENS|PPLTN_DSTNT_AVE_WT|PPLTN_DSTNT_AVE_MGNT|NUT_QTY_EC|NUT_QTY_NEOMIX|SNSR_MSRM_PNT|DISS_EXNEX|DISS_NM_KOR|DISS_NM_SCNM|DISS_OCRN_YMD|DISS_SYM|MNGMN_MTT|DISS_VIDO_INFO_FILE_NM|DISS_VIDO_FILE_MGNT|DISS_VIDO_RSOLTN|DISS_IMG_INFO_FILE_NM|DISS_IMG_FILE_MGNT|DISS_IMG_RSOLTN|PRDL_YMD|BRD_DCNT|PRDL_WL|PRDL_HT|PRDL_WT|NOW_WL|NOW_HT|NOW_WT|ACST_DENS|ACST_VIDO_INFO_FILE_NM|ACST_VIDO_FILE_MGNT|ACST_VIDO_RSOLTN|ACST_IMG_INFO_FILE_NM|ACST_IMG_FILE_MGNT|ACST_IMG_RSOLTN,True,2025-07-15,ACST_DENS-ACST_IMG_FILE_MGNT-ACST_IMG_INFO_FILE_NM-ACST_IMG_RSOLTN-ACST_VIDO_FILE_MGNT-ACST_VIDO_INFO_FILE_NM-ACST_VIDO_RSOLTN-ARCD-BRD_DCNT-COD_QTY-CSTRN_NO-DENS-DISS_EXNEX-DISS_IMG_FILE_MGNT-DISS_IMG_INFO_FILE_NM-DISS_IMG_RSOLTN-DISS_NM_KOR-DISS_NM_SCNM-DISS_OCRN_YMD-DISS_SYM-DISS_VIDO_FILE_MGNT-DISS_VIDO_INFO_FILE_NM-DISS_VIDO_RSOLTN-DO_QTY-DPLYR_WTPR-FDNG_CNT-FDNG_QTY-FEED_KIND-FRM_AREA-FRM_NM-HDRG_ION_CTRN-MDLLYR_WTPR-MNGMN_MTT-MNGR_NM-NH3_CTRN-NOW_HT-NOW_WL-NOW_WT-NTDX_CTRN-NUT_QTY_EC-NUT_QTY_NEOMIX-PPLTN_DSTNT_AVE_MGNT-PPLTN_DSTNT_AVE_WT-PRDL_HT-PRDL_WL-PRDL_WT-PRDL_YMD-SCNM-SLN-SN-SNSR_ID-SNSR_MSRM_PNT-SOF-SRFCLYR_WTPR-TM-TM_PARTY_FILT_WT_QTY-TM_PARTY_INP_WT_QTY-TOT_BRD_WA-TOT_NOANM_CNT-TRBDTY-WT-YMD,목포대학교산학협력단,해양환경,"CSV, JSON, XML","['급이', '양식', '양식환경', '전복', '질병', '환경', '활동']",산업/기술,해양/수산,양식,"['급이', '양식', '양식환경', '전복', '질병', '환경', '활동']",263680632,3469482,263680632.0
bigdata-sea,page_000076.html,-,한나라호 선박의 승선원 교육실 공간환경 정보 데이터,"한나라호 실습선의 승선원 교육실 공간상태를 계측한 환경 정보 데이터\n\n∙승선원 근무환경 개선을 위한 환경정보 분석에 활용\n∙선박의 주요 공간정보 분석을 통한 관련 기자재 설치, 유지보수, 개선에 활용",0,VSL_NO|TRNNG_SHP_NAME|MSRM_DTM|COLCT_PLAC|TMP|HMDT|PFBS_NTRO_CBDX_CTRN|PFBS_NTRO_VLATL_ONCCP_CTRN|PFBS_NTRO_UFNDS_CTRN|PFBS_NTRO_FNPM_CTRN|PFBS_NTRO_FNDS_CTRN,True,2025-07-15,COLCT_PLAC-HMDT-MSRM_DTM-PFBS_NTRO_CBDX_CTRN-PFBS_NTRO_FNDS_CTRN-PFBS_NTRO_FNPM_CTRN-PFBS_NTRO_UFNDS_CTRN-PFBS_NTRO_VLATL_ONCCP_CTRN-TMP-TRNNG_SHP_NAME-VSL_NO,한국해양대학교 산학협력단,해사안전,"CSV, JSON, XML","['공간정보', '숙직실', '실습선', '한나라호', '환경정보']",산업/기술,해양/수산,실습선,"['공간정보', '숙직실', '실습선', '한나라호', '환경정보']",73145969,1140925,73145969.0
bigdata-sea,page_000077.html,-,한바다호 선박의 승선원 교육실 공간환경 정보 데이터,"한바다호 실습선의 승선원 교육실 공간상태를 계측한 환경 정보 데이터\n\n∙승선원 근무환경 개선을 위한 환경정보 분석에 활용\n∙선박의 주요 공간정보 분석을 통한 관련 기자재 설치, 유지보수, 개선에 활용",0,VSL_NO|TRNNG_SHP_NAME|MSRM_DTM|COLCT_PLAC|TMP|HMDT|PFBS_NTRO_CBDX_CTRN|PFBS_NTRO_VLATL_ONCCP_CTRN|PFBS_NTRO_UFNDS_CTRN|PFBS_NTRO_FNPM_CTRN|PFBS_NTRO_FNDS_CTRN,True,2025-07-15,COLCT_PLAC-HMDT-MSRM_DTM-PFBS_NTRO_CBDX_CTRN-PFBS_NTRO_FNDS_CTRN-PFBS_NTRO_FNPM_CTRN-PFBS_NTRO_UFNDS_CTRN-PFBS_NTRO_VLATL_ONCCP_CTRN-TMP-TRNNG_SHP_NAME-VSL_NO,한국해양대학교 산학협력단,해사안전,"CSV, JSON, XML","['공간정보', '숙직실', '실습선', '한바다호', '환경정보']",산업/기술,해양/수산,선박,"['공간정보', '숙직실', '실습선', '한바다호', '환경정보']",73579393,1133929,73579393.0
bigdata-sea,page_000078.html,-,한나라호 선박의 AIS 운항 데이터,한나라호 실습선의 운항 경로 탐색용 AIS 정보 데이터\n\n∙선박의 안전운항 서비스 제공에 활용\n∙선박의 운항경로 분석을 통한 경제운항 서비스 제공에 활용,0,VSL_NO|TRNNG_SHP_NAME|LA|LO|SHIP_SPD|RL_PRGS_DRCN|SH_AGL|MSRM_DTM,True,2025-07-15,LA-LO-MSRM_DTM-RL_PRGS_DRCN-SHIP_SPD-SH_AGL-TRNNG_SHP_NAME-VSL_NO,한국해양대학교 산학협력단,해운물류,"CSV, JSON, XML","['AIS', '선박', '실습선', '운항경로', '한나라호']",산업/기술,해양/수산,해양,"['AIS', '선박', '실습선', '운항경로', '한나라호']",18236450,373868,18236450.0
bigdata-sea,page_000079.html,-,한바다호 선박의 AIS 운항 데이터,한바다호 실습선의 운항 경로 탐색용 AIS 정보 데이터\n\n∙선박의 안전운항 서비스 제공에 활용\n∙선박의 운항경로 분석을 통한 경제운항 서비스 제공에 활용,0,VSL_NO|TRNNG_SHP_NAME|LA|LO|SHIP_SPD|RL_PRGS_DRCN|SH_AGL|MSRM_DTM,True,2025-07-15,LA-LO-MSRM_DTM-RL_PRGS_DRCN-SHIP_SPD-SH_AGL-TRNNG_SHP_NAME-VSL_NO,한국해양대학교 산학협력단,해운물류,"CSV, JSON, XML","['AIS', '선박', '실습선', '운항경로', '한바다호']",산업/기술,해양/수산,해양,"['AIS', '선박', '실습선', '운항경로', '한바다호']",8445196,222242,8445196.0
bigdata-sea,page_000080.html,-,한나라호 선박의 안전진단용 동요 측정 데이터,한나라호 실습선의 정박시 안전진단용 동요 측정 데이터\n\n∙선박의 안전운항 서비스 제공에 활용\n∙선박의 운항경로 분석을 통한 경제운항 서비스 제공에 활용\n∙선체 안전진단 서비스에 활용,0,VSL_NO|TRNNG_SHP_NAME|MSRM_DTM|MSRM_LCT_NM|X_ANGLE_GRDNT|Y_ANGLE_GRDNT|Z_ANGLE_GRDNT,True,2025-07-15,MSRM_DTM-MSRM_LCT_NM-TRNNG_SHP_NAME-VSL_NO-X_ANGLE_GRDNT-Y_ANGLE_GRDNT-Z_ANGLE_GRDNT,한국해양대학교 산학협력단,해사안전,"CSV, JSON, XML","['동요', '선체', '실습선', '안전진단', '한나라호']",산업/기술,해양/수산,선박,"['동요', '선체', '실습선', '안전진단', '한나라호']",54683064,959352,54683064.0
bigdata-sea,page_000081.html,-,한바다호 선박의 안전진단용 동요 측정 데이터,한바다호 실습선의 정박시 안전진단용 동요 측정 데이터\n\n∙선박의 안전운항 서비스 제공에 활용\n∙선박의 운항경로 분석을 통한 경제운항 서비스 제공에 활용\n∙선체 안전진단 서비스에 활용,0,VSL_NO|TRNNG_SHP_NAME|MSRM_DTM|MSRM_LCT_NM|X_ANGLE_GRDNT|Y_ANGLE_GRDNT|Z_ANGLE_GRDNT,True,2025-07-15,MSRM_DTM-MSRM_LCT_NM-TRNNG_SHP_NAME-VSL_NO-X_ANGLE_GRDNT-Y_ANGLE_GRDNT-Z_ANGLE_GRDNT,한국해양대학교 산학협력단,해사안전,"CSV, JSON, XML","['동요', '선체', '실습선', '안전진단', '한바다호']",산업/기술,해양/수산,선박,"['동요', '선체', '실습선', '안전진단', '한바다호']",57362072,1020274,57362072.0
bigdata-sea,page_000082.html,-,한나라호 선박의 운항경로 분석 데이터,한바다호 실습선의 안전운항을 위한 운항 경로 분석 데이터\n\n∙선박의 안전운항 서비스 제공에 활용\n∙선박의 운항경로 분석을 통한 경제운항 서비스 제공에 활용,0,MSRM_DTM|LA|LO|SHIP_SPD,True,2025-07-15,LA-LO-MSRM_DTM-SHIP_SPD,한국해양대학교 산학협력단,해운물류,"CSV, JSON, XML","['선박', '실습선', '안전운항', '운항경로분석', '한바다호']",산업/기술,해양/수산,해양,"['선박', '실습선', '안전운항', '운항경로분석', '한바다호']",9664334,236356,9664334.0
bigdata-sea,page_000083.html,-,국가어항 개발투자현황,"국가 어항의 매년 업데이트 되는 투자 금융과 관련된 정보\n\n∙관광 플랫폼, 관광공사\n∙다른 분야와 융합이 가능한 1차 원천정보\n∙시장조사를 할 수 있는 기초적인 데이터",0,YR|YR_PRT_CONNO|CTPRV_CD|CTPRV_NM|SIGNGU_CD|SIGUN_NM|FSHNG_PRT_CD|FSHNG_PRT_NM|DP_MRNG_FCLTY|DP_WHARF|DP_CNTR_FCLTY|DP_BRKWTR|DP_WRCST|ECV_MRNG_FCLTY|ECV_WHARF|ECV_CNTR_FCLTY|ECV_BRKWTR|ECV_WRCST|DP_DRNG|LND_DRNG|INV_MRNG_FCLTY|INV_WHARF|INV_CNTR_FCLTY|INV_BRKWTR|INV_WRCRT|LDAR|SAR|RGRHWAR|FTZ_TTLAR|FTZ_LDAR|FTZ_SAR|FPZL_LNNO|FPZL_OLNLP|FPZL_AR|NDADP_BSNM|NDADP_BIZ|NDADP_PRMSN|NDADP_SCALE|NDADP_PRPS|NDADP_RVERS|NDADP_USAG|NDADP_CNT|NDADP_PLBC|NDADP_WLFARE|NDADP_PRFT|NDADP_PRDCTN|NDADP_TRSM|NDADP_ETC|NDADP_AR|NDADP_WRCST|SKLL_FCLTY_NM|SKLL_FCLTY_CLS|SKLL_FCLTY_CNT|SKLL_FCLTY_USG|SKLL_FCLTY_RM|FPCF_NM|FPCF_TYP|FPCF_CNT|FPCF_USG|FPCF_RM|LSRFCLTY_NM|LSRFCLTY_CNT|LSRFCLTY_RM|PSSHP_WTNGRM_CNT|PSSHP_WTNGRM_RM|FP_PHOTO_NM|HSTR_CONT|RGSTN_DT|EXC_YR,True,2025-07-15,CTPRV_CD-CTPRV_NM-DP_BRKWTR-DP_CNTR_FCLTY-DP_DRNG-DP_MRNG_FCLTY-DP_WHARF-DP_WRCST-ECV_BRKWTR-ECV_CNTR_FCLTY-ECV_MRNG_FCLTY-ECV_WHARF-ECV_WRCST-EXC_YR-FPCF_CNT-FPCF_NM-FPCF_RM-FPCF_TYP-FPCF_USG-FPZL_AR-FPZL_LNNO-FPZL_OLNLP-FP_PHOTO_NM-FSHNG_PRT_CD-FSHNG_PRT_NM-FTZ_LDAR-FTZ_SAR-FTZ_TTLAR-HSTR_CONT-INV_BRKWTR-INV_CNTR_FCLTY-INV_MRNG_FCLTY-INV_WHARF-INV_WRCRT-LDAR-LND_DRNG-LSRFCLTY_CNT-LSRFCLTY_NM-LSRFCLTY_RM-NDADP_AR-NDADP_BIZ-NDADP_BSNM-NDADP_CNT-NDADP_ETC-NDADP_PLBC-NDADP_PRDCTN-NDADP_PRFT-NDADP_PRMSN-NDADP_PRPS-NDADP_RVERS-NDADP_SCALE-NDADP_TRSM-NDADP_USAG-NDADP_WLFARE-NDADP_WRCST-PSSHP_WTNGRM_CNT-PSSHP_WTNGRM_RM-RGRHWAR-RGSTN_DT-SAR-SIGNGU_CD-SIGUN_NM-SKLL_FCLTY_CLS-SKLL_FCLTY_CNT-SKLL_FCLTY_NM-SKLL_FCLTY_RM-SKLL_FCLTY_USG-YR-YR_PRT_CONNO,빌리언21,해양산업,"CSV, JSON, XML","['개발계획', '개발현황', '국가어항', '사업비', '어촌관광', '투자실적']",공간/위치,관광,관광,"['개발계획', '개발현황', '국가어항', '사업비', '어촌관광', '투자실적']",20158,885,20158.0
bigdata-sea,page_000084.html,-,검사 대상 어선 정보,어선 선박 검사 처리 정보\n\n∙어선 선박 검사 이력 조회,0,CONNO|SHIP_TPCD|TOT_TN|LNTH|BT|DPTH|SHIP_QLFMT|SHIP_PRPS|SHIP_DETL_PRPS|SHPPN_PRT|PHOTO_SEQ|PHOTO_FILE_NM,True,2025-07-15,BT-CONNO-DPTH-LNTH-PHOTO_FILE_NM-PHOTO_SEQ-SHIP_DETL_PRPS-SHIP_PRPS-SHIP_QLFMT-SHIP_TPCD-SHPPN_PRT-TOT_TN,한국해양교통안전공단,해사안전,"CSV, JSON, XML","['검사대상', '어선', '어선검사', '어선사진']",산업/기술,해양/수산,어선정보,"['검사대상', '어선', '어선검사', '어선사진']",2742249,129896,2742249.0
bigdata-sea,page_000085.html,-,국가어항 이용현황,"국가 어항의 매년 업데이트 되는 항구 이용객의 정보\n\n∙숙박 관련 플랫폼, 소셜 이커머스, 관광공사\n∙매년 어항을 방문하는 관광객 수의 기본 지표\n∙관광객 수 예측 조사와 같은 알고리즘을 만드는 분들의 테스트 자료로 활용\n∙다른 분야와 융합이 가능한 1차 원천정보\n∙시장조사를 할 수 있는 기초적인 데이터",0,YR|YR_PRT_CONNO|CTPRV_CD|CTPRV_NM|SIGNGU_CD|SIGNGU_NM|FSHNG_PRT_CD|FSHNG_PRT_NM|FP_WHOLHSHLD|FP_WHOLPUL|FP_PUL|FP_REARPUL|FSHS_PPLTN_FVM_AVE_AGE|FVM_NM|FVM_CNT_FP_INSD_FS_ULSN|FVM_CNT_PRTUSE|FVM_CNT|AU_PRT_ENFSN|AU_SHYP_ENFSN|AU_CNSGNPLC_ENFSN|AU_WR_ENFSN_PRTIN|AU_FS_ENFSN_PRTIN|AU_LSUR_ENFSN_PRTIN|ASD_GNRL|ASD_FCLTY|ASD_SCENE|ASD_LABOR_ENVRN|ASD_CVNTL|ASD_TLROM|ASD_MLFLT|ASD_PKL|PSU_GNRL|PSU_ISLNDR|PSU_PSSNG|PSU_PLSRBT|PSU_PILTG|FPV_CNT_JRSDC|FPV_CNT_JRSDCOUT|FPV_CNT_STNG|TRST_CNT_YR|MAX_TRST_CNT_DD|LSUR_TRVR_CNT|FSTVL_VISITR_CNT|NRB_VLG_TUR|AREA_FSTVL_VISITR_CNT|TSD_SD|TSD_ACCSS|TSD_PKL|TSD_FCLTY_MNG|TSD_SCENE_MNG|TSD_DOCK|TSD_CVNTL|TSD_RSTR|TSD_CNSGNPLC|TSD_SCENE|TSD_GUD_FCLTY|TSD_FOOD|TSD_CN|TSD_LSUR_FCLTY|TSD_CRDT_TRSM|TSD_CST|ACPLC_FS_CNT|ACPLC_FS_TOT_TN|ACPLC_FS_FYER_ETRYPT_FQ|ACPLC_FS_DAY_MAX_ETRYPT_FQ|FMS_CNT|FMS_GT|FRGN_FS_FYER_ULSN_CNT|FRGN_FS_FYER_ULSN_TOT_TN|FRGN_FS_FYER_ETRYPT_FQ|FRGN_FS_DAY_MAX_ETRYPT_FQ|PSSHP_CNT|PSSHP_ROUTE|PSSHP_DILY_MAX_NVGTN_CNT|PSSHP_PSSNG_YR|PLSRBT_CNT|PLSRBT_GT|PLSRBT_DMAX|PILTG_CNT|PILTG_GT|PILTG_DMAX|WRKNG_FS_CNT|WRKNG_FS_TOT_TN|WRKNG_FS_FYER_ETRYPT_FQ|WRKNG_FS_DAY_MAX_ETRYPT_FQ|LS_WRKNG_FS_CNT|LSRSHP_LSBT_CNT|LSRSHP_MRNA_CAPA|EVCTN_FS_WDVLM_FS_CNT|EVCTN_FS_DAY_AVE_ETRYPT_FQ|EVCTN_FS_AVE_ETRYPT_FQ|EVCTN_FS_CNT|EVCTN_FS_TN|PU_CNT|PU_INTND|PU_APLCNT|PU_PRPS|PU_AR|PU_FEE_YR|PUP_LCT|PUP_PBLC|PUP_WLFARE|PUP_PRFT|PUP_PRDCTN|PUP_TRSM|PUP_ETC|PUFU_NM|PUFU_PRPS|PUFU_CNT|PUFU_USE|LND_XU|LND_USE|LND_XUAR|LND_USBLAR|LND_USGRT|FPFA_MRNG|FPFA_TRNSO|FPFA_SF_FS_FG_PRSRV_FCLTY|FPFA_SPORT|FPFA_CNVC|FPFA_ENVRN|FPFA_WS|FPFA_RSRVTNAR|LND_TOURAR|FSHNG_RCRTN_TBVF_CNT|FSHNG_VLLG_CNT|FSHNG_VISITR_CNT|PSSHP_CONNO|HSTR_CONT|RGSTN_DT|EXC_YR,True,2025-07-15,ACPLC_FS_CNT-ACPLC_FS_DAY_MAX_ETRYPT_FQ-ACPLC_FS_FYER_ETRYPT_FQ-ACPLC_FS_TOT_TN-AREA_FSTVL_VISITR_CNT-ASD_CVNTL-ASD_FCLTY-ASD_GNRL-ASD_LABOR_ENVRN-ASD_MLFLT-ASD_PKL-ASD_SCENE-ASD_TLROM-AU_CNSGNPLC_ENFSN-AU_FS_ENFSN_PRTIN-AU_LSUR_ENFSN_PRTIN-AU_PRT_ENFSN-AU_SHYP_ENFSN-AU_WR_ENFSN_PRTIN-CTPRV_CD-CTPRV_NM-EVCTN_FS_AVE_ETRYPT_FQ-EVCTN_FS_CNT-EVCTN_FS_DAY_AVE_ETRYPT_FQ-EVCTN_FS_TN-EVCTN_FS_WDVLM_FS_CNT-EXC_YR-FMS_CNT-FMS_GT-FPFA_CNVC-FPFA_ENVRN-FPFA_MRNG-FPFA_RSRVTNAR-FPFA_SF_FS_FG_PRSRV_FCLTY-FPFA_SPORT-FPFA_TRNSO-FPFA_WS-FPV_CNT_JRSDC-FPV_CNT_JRSDCOUT-FPV_CNT_STNG-FP_PUL-FP_REARPUL-FP_WHOLHSHLD-FP_WHOLPUL-FRGN_FS_DAY_MAX_ETRYPT_FQ-FRGN_FS_FYER_ETRYPT_FQ-FRGN_FS_FYER_ULSN_CNT-FRGN_FS_FYER_ULSN_TOT_TN-FSHNG_PRT_CD-FSHNG_PRT_NM-FSHNG_RCRTN_TBVF_CNT-FSHNG_VISITR_CNT-FSHNG_VLLG_CNT-FSHS_PPLTN_FVM_AVE_AGE-FSTVL_VISITR_CNT-FVM_CNT-FVM_CNT_FP_INSD_FS_ULSN-FVM_CNT_PRTUSE-FVM_NM-HSTR_CONT-LND_TOURAR-LND_USBLAR-LND_USE-LND_USGRT-LND_XU-LND_XUAR-LSRSHP_LSBT_CNT-LSRSHP_MRNA_CAPA-LSUR_TRVR_CNT-LS_WRKNG_FS_CNT-MAX_TRST_CNT_DD-NRB_VLG_TUR-PILTG_CNT-PILTG_DMAX-PILTG_GT-PLSRBT_CNT-PLSRBT_DMAX-PLSRBT_GT-PSSHP_CNT-PSSHP_CONNO-PSSHP_DILY_MAX_NVGTN_CNT-PSSHP_PSSNG_YR-PSSHP_ROUTE-PSU_GNRL-PSU_ISLNDR-PSU_PILTG-PSU_PLSRBT-PSU_PSSNG-PUFU_CNT-PUFU_NM-PUFU_PRPS-PUFU_USE-PUP_ETC-PUP_LCT-PUP_PBLC-PUP_PRDCTN-PUP_PRFT-PUP_TRSM-PUP_WLFARE-PU_APLCNT-PU_AR-PU_CNT-PU_FEE_YR-PU_INTND-PU_PRPS-RGSTN_DT-SIGNGU_CD-SIGNGU_NM-TRST_CNT_YR-TSD_ACCSS-TSD_CN-TSD_CNSGNPLC-TSD_CRDT_TRSM-TSD_CST-TSD_CVNTL-TSD_DOCK-TSD_FCLTY_MNG-TSD_FOOD-TSD_GUD_FCLTY-TSD_LSUR_FCLTY-TSD_PKL-TSD_RSTR-TSD_SCENE-TSD_SCENE_MNG-TSD_SD-WRKNG_FS_CNT-WRKNG_FS_DAY_MAX_ETRYPT_FQ-WRKNG_FS_FYER_ETRYPT_FQ-WRKNG_FS_TOT_TN-YR-YR_PRT_CONNO,빌리언21,해운물류,"CSV, JSON, XML","['국가어항', '바다', '방문객수', '여객선', '이용현황', '입항빈도']",공간/위치,관광,관광,"['국가어항', '바다', '방문객수', '여객선', '이용현황', '입항빈도']",24375,975,24375.0
bigdata-sea,page_000086.html,-,검사 대상 일반선 정보,어선 외 선박 검사 처리 정보\n\n∙어선 외 선박 검사 이력 조회,0,CONNO|SHIP_TPCD|TOT_TN|LNTH|BT|DPTH|SHIP_QLFMT|SHIP_PRPS|SHIP_DETL_PRPS|SHPPN_PRT|PHOTO_SEQ|PHOTO_FILE_NM,True,2025-07-15,BT-CONNO-DPTH-LNTH-PHOTO_FILE_NM-PHOTO_SEQ-SHIP_DETL_PRPS-SHIP_PRPS-SHIP_QLFMT-SHIP_TPCD-SHPPN_PRT-TOT_TN,한국해양교통안전공단,해사안전,"CSV, JSON, XML","['일반선', '일반선검사', '일반선사진', '한국해양교통', '해양교통안전센터']",산업/기술,해양/수산,해양,"['일반선', '일반선검사', '일반선사진', '한국해양교통', '해양교통안전센터']",222833,11460,222833.0
bigdata-sea,page_000087.html,-,국가어항 지역경제 정보,"국가 어항의 매년 업데이트 항구지역의 경제 정보\n\n∙수산업 협동 조합, 수산관련과\n∙매년 어항 주변 음식업의 매출액의 변동성 확인 가능\n∙다른 분야와 융합이 가능한 1차 원천정보\n∙시장조사를 할 수 있는 기초적인 데이터",0,YR|YR_PRT_CONNO|CTPRV_CD|CTPRV_NM|SIGNGU_CD|SIGNGU_NM|FSHNG_PRT_CD|FSHNG_PRT_NM|MCS_ASC|MCS_NM|MCS_PLT|MCS_SCALE|MCS_ACHS|MCS_VOLYR|MCS_AMTYR|MCS_MAIN_SOF|MCS_COMMRCHNT|MCS_SYSAMT|MCS_NSYSAMT|MCS_SYSVOL|MCS_NSYSVOL|MCS_SLFR|MCS_MSLFR|MCS_SLFR_NXCL|SAMT_FOOD_PRTIN|SAMT_FOOD_PRTOUT|SAMT_FOOD_ALL|SAMT_STNG_PRTIN|SAMT_STNG_PRTOUT|SAMT_STNG_ALL|SAMT_LSUR_PRTIN|SAMT_LSUR_PRTOUT|SAMT_LSUR_ALL|SAMT_WHRT|SAMT_FV|ENTRPRS_FOOD_PRTIN|ENTRPRS_FOOD_PRTOUT|ENTRPRS_STNG_PRTIN|ENTRPRS_STNG_PRTOUT|ENTRPRS_LSUR_PRTIN|ENTRPRS_LSUR_PRTOUT|FSHS_QFU|FSHS_QFR|FSHS_RFRGR_CLSTR|FSHS_QFU_QTY|FSHS_QFR_QTY|FSHS_RFRGR|FSHS_CLSTR|FSHS_MPSL_YR_PRSLS_PRTIN|FSHS_MPSL_YR_PRSLS_PRTOUT|FSHS_MPPSL_YR_PRSLS_PRTIN|FSHS_MPPSL_YR_PRSLS_PRTOUT|FSHS_AECSL_YR_PRSLS_PRTIN|FSHS_AECSL_YR_PRSLS_PRTOUT|CREW_CNT|SEP_CNSGN|SEP_FLNG|SEP_QF|SEP_RFRGR|SEP_FCLTY|SEP_CNT|CNSGNPLC_ENFSN_COMMRCHNT|CNSGNPLC_ENFSN_ACTNR|CNSGNPLC_ENFSN_PRTCA|MPSF_ENFSN_PRTIN|MPSF_ENFSN_PRTOUT|MPMSF_ENFSN_PRTIN|MPMSF_ENFSN_PRTOUT|SLFR_NXCL_ENFSN_PRTIN|SLFR_NXCL_ENFSN_PRTOUT|FOOD_ENFSN_PRTIN|FOOD_ENFSN_PRTOUT|SEP_PRTIN|SEP_PRTOUT|LSUR_ENFSN_PRTIN|LSUR_ENFSN_PRTOUT|FO_UNLDNG_TM|FO_LDNG_TM|FO_SD|FSHRT_CNT|FSH_KIND|TOT_FSHRY_AREA|BSNS_CNT|ENFSN_CNT|AREA_TOT_PPLTN_CNT|HSTR_CONT|RGSTN_DT|EXC_YR,True,2025-07-15,AREA_TOT_PPLTN_CNT-BSNS_CNT-CNSGNPLC_ENFSN_ACTNR-CNSGNPLC_ENFSN_COMMRCHNT-CNSGNPLC_ENFSN_PRTCA-CREW_CNT-CTPRV_CD-CTPRV_NM-ENFSN_CNT-ENTRPRS_FOOD_PRTIN-ENTRPRS_FOOD_PRTOUT-ENTRPRS_LSUR_PRTIN-ENTRPRS_LSUR_PRTOUT-ENTRPRS_STNG_PRTIN-ENTRPRS_STNG_PRTOUT-EXC_YR-FOOD_ENFSN_PRTIN-FOOD_ENFSN_PRTOUT-FO_LDNG_TM-FO_SD-FO_UNLDNG_TM-FSHNG_PRT_CD-FSHNG_PRT_NM-FSHRT_CNT-FSHS_AECSL_YR_PRSLS_PRTIN-FSHS_AECSL_YR_PRSLS_PRTOUT-FSHS_CLSTR-FSHS_MPPSL_YR_PRSLS_PRTIN-FSHS_MPPSL_YR_PRSLS_PRTOUT-FSHS_MPSL_YR_PRSLS_PRTIN-FSHS_MPSL_YR_PRSLS_PRTOUT-FSHS_QFR-FSHS_QFR_QTY-FSHS_QFU-FSHS_QFU_QTY-FSHS_RFRGR-FSHS_RFRGR_CLSTR-FSH_KIND-HSTR_CONT-LSUR_ENFSN_PRTIN-LSUR_ENFSN_PRTOUT-MCS_ACHS-MCS_AMTYR-MCS_ASC-MCS_COMMRCHNT-MCS_MAIN_SOF-MCS_MSLFR-MCS_NM-MCS_NSYSAMT-MCS_NSYSVOL-MCS_PLT-MCS_SCALE-MCS_SLFR-MCS_SLFR_NXCL-MCS_SYSAMT-MCS_SYSVOL-MCS_VOLYR-MPMSF_ENFSN_PRTIN-MPMSF_ENFSN_PRTOUT-MPSF_ENFSN_PRTIN-MPSF_ENFSN_PRTOUT-RGSTN_DT-SAMT_FOOD_ALL-SAMT_FOOD_PRTIN-SAMT_FOOD_PRTOUT-SAMT_FV-SAMT_LSUR_ALL-SAMT_LSUR_PRTIN-SAMT_LSUR_PRTOUT-SAMT_STNG_ALL-SAMT_STNG_PRTIN-SAMT_STNG_PRTOUT-SAMT_WHRT-SEP_CNSGN-SEP_CNT-SEP_FCLTY-SEP_FLNG-SEP_PRTIN-SEP_PRTOUT-SEP_QF-SEP_RFRGR-SIGNGU_CD-SIGNGU_NM-SLFR_NXCL_ENFSN_PRTIN-SLFR_NXCL_ENFSN_PRTOUT-TOT_FSHRY_AREA-YR-YR_PRT_CONNO,빌리언21,해양수산,"CSV, JSON, XML","['국가어항', '매출액', '수산물', '수산물위판', '위판장']",산업/기술,해양/수산,어업,"['국가어항', '매출액', '수산물', '수산물위판', '위판장']",21762,806,21762.0
bigdata-sea,page_000088.html,-,국가어항 안전점검 외관조사,매년 국가 어항의 손상유무를 확인할 수 있는 어항 안전정보\n\n∙어항 시설유지부서\n∙매년 어항 시설의 손상유무를 확인 할 수 있는 지표\n∙다른 분야와 융합이 가능한 1차 원천정보\n∙시장조사를 할 수 있는 기초적인 데이터,0,CHECK_NO|FCLTY_NO|CHECK_ITEM_CD|CHECK_FCLTY_CD|DMG_STTUS|DMG_LCT|DMG_NM|DMG_VOL|DMG_UNIT|DMG_CAUSE|MNDNG_MTHD|MNDNG_VOL|MNDNG_UNIT|MNDNG_UNPRC|MNDNG_CST|MNDNG_PRRTY|MNDNG_MTHD_DTL|SAFETY_CHECK_CONNO|CONNO|EXAM_NO|RGSTN_DT|UPDATE_YMD|EXC_YR,True,2025-07-15,CHECK_FCLTY_CD-CHECK_ITEM_CD-CHECK_NO-CONNO-DMG_CAUSE-DMG_LCT-DMG_NM-DMG_STTUS-DMG_UNIT-DMG_VOL-EXAM_NO-EXC_YR-FCLTY_NO-MNDNG_CST-MNDNG_MTHD-MNDNG_MTHD_DTL-MNDNG_PRRTY-MNDNG_UNIT-MNDNG_UNPRC-MNDNG_VOL-RGSTN_DT-SAFETY_CHECK_CONNO-UPDATE_YMD,빌리언21,공통행정,"CSV, JSON, XML","['공사', '보수', '손상', '안전', '안전점검', '어항안전']",공공/행정,정책,공공데이터,"['공사', '보수', '손상', '안전', '안전점검', '어항안전']",520432,15357,520432.0
bigdata-sea,page_000090.html,-,어촌관광 주변 편의시설 및 부가정보,"어촌 관광지 주변 먹거리, 건강, 의료, 차량, 식품, 잡화 등",0,DATA_PRCSS_DETL_SEQ|DATA_SEQ|CHRC_VL|CTGRY_NM|SCLAS_NM|REPRSNT_TELNO|RN_ADDR|LTNO_ADDR|INDUTY_NM|RNTM|CRCD_YN|PKL_YN|RSVT_YN|DELV_YN|PACKN_POSBL_YN|TM24_YN|WIFI_OFR_YN|BSSH_NM|X_CRD|Y_CRD,True,2025-07-15,BSSH_NM-CHRC_VL-CRCD_YN-CTGRY_NM-DATA_PRCSS_DETL_SEQ-DATA_SEQ-DELV_YN-INDUTY_NM-LTNO_ADDR-PACKN_POSBL_YN-PKL_YN-REPRSNT_TELNO-RNTM-RN_ADDR-RSVT_YN-SCLAS_NM-TM24_YN-WIFI_OFR_YN-X_CRD-Y_CRD,엘티에스코리아,해양산업,"CSV, JSON, XML","['관광', '바다', '어촌관광', '여행', '연구기관', '지자체', '콘텐츠']",공간/위치,관광,관광,"['관광', '바다', '어촌관광', '여행', '연구기관', '지자체', '콘텐츠']",3576743,58211,3576743.0
bigdata-sea,page_000093.html,-,어선 측정 데이터,어선의 건조 정보 및 세부 사양 데이터\n\n∙어선 건조 이력 및 사양 조회,0,REQUST_TYPE|SHPPN_PRT|SHIP_TPCD|SHIP_QLFMT|SHPBLD_ADDR|LNCH_YMD|TOT_TN|LNTH|BT|MSRD_DPTM|MSRD_DPTS|MSRD_CTR|MSRD_LEN|TOT_BLK|BU_UPDCK|BA_UPDCK|TOT_BLK_POE,True,2025-07-15,BA_UPDCK-BT-BU_UPDCK-LNCH_YMD-LNTH-MSRD_CTR-MSRD_DPTM-MSRD_DPTS-MSRD_LEN-REQUST_TYPE-SHIP_QLFMT-SHIP_TPCD-SHPBLD_ADDR-SHPPN_PRT-TOT_BLK-TOT_BLK_POE-TOT_TN,한국해양교통안전공단,해사안전,"CSV, JSON, XML","['어선건조', '어선길이', '어선무게', '어선사양', '어선용적', '한국해양교통', '해양교통안전센터']",산업/기술,해양/수산,어선정보,"['어선건조', '어선길이', '어선무게', '어선사양', '어선용적', '한국해양교통', '해양교통안전센터']",4278549,171906,4278549.0
bigdata-sea,page_000094.html,-,어촌관광 바다여행 콘텐츠,어촌관광(바다여행관광 콘텐츠 데이터셋)_기업일반사용자 용,0,CID|SUB_CATEGORY|COPYRIGHT|TITLE|TITLE_SUB|INTRO_INFO|INTRO_MONEY|INTRO_DISTINCTION|INTRO_AREA|INTRO_CAR|INTRO_FACILITIES|INTRO_ZOOALLOW|INTRO_CONVENIENTFACILITIES|INTRO_HINTS|INTRO_COURSEINFO|INTRO_POINTMENU|INTRO_MENUMONEY|INTRO_EDUINFO|INTRO_TIMEREQUIRED|INTRO_MAPURL|INTRO_SELECTTIME|INTRO_WORDTYPE|INTRO_TOILET|INTRO_SYSTEMPROGRAMINFO|INTRO_RESERVESTOCK|INTRO_TRIAL|INTRO_ETC|INTRO_AROUND|INTRO_PAROTITIS|INTRO_FATTENING|INTRO_BED|INTRO_DELICACY|INTRO_RUNTIME|INTRO_EVENTINFO|INTRO_ORIGINSOURCE|ZIP_CD|ADDR|ADDR_DT|AXIS_X|AXIS_Y|VISI_WAY|PHONE_NM|HOME_URL|PARK_YN|PARK_EXP|FAC_INFO|OPEN_TIME|SWIM_TIME|PUT_TY|FLO_TY|CAM_SZ|RESE_YN|RESE_EXP|RESE_DT|USE_TIME|OBS_TIME|HOLIDAY|EXHI_TYPE|LEI_PRO_NM|WORK_DT|FIR_L_DATE|STRU_INFO|CHAR_LIG|CO_DIFF|CO_LAN|CO_INT|REQ_TIME|DOCK|FES_DT_S|FES_DT_E|IMP_FES|FES_POSI|EXP_TYPE|EXP_INT|EXP_DT|EXP_MIN_NUM|SERIAL|LODGING_TY|ING_TY|ROOM_TY|BREAKFAST|CHECKIN|CHECKOUT|CARD_YN|CEO_NM|FOOD_TY|SEET_INFO|SMOKING|MAIN_MENU|BROAD_INTRO|BROAD_INTRO_DETAIL|SHOP_IMAGE|LINK_URL|DISTANCE|PRODUCT_ID|PRODUCT_TYPE,True,2025-07-15,ADDR-ADDR_DT-AXIS_X-AXIS_Y-BREAKFAST-BROAD_INTRO-BROAD_INTRO_DETAIL-CAM_SZ-CARD_YN-CEO_NM-CHAR_LIG-CHECKIN-CHECKOUT-CID-COPYRIGHT-CO_DIFF-CO_INT-CO_LAN-DISTANCE-DOCK-EXHI_TYPE-EXP_DT-EXP_INT-EXP_MIN_NUM-EXP_TYPE-FAC_INFO-FES_DT_E-FES_DT_S-FES_POSI-FIR_L_DATE-FLO_TY-FOOD_TY-HOLIDAY-HOME_URL-IMP_FES-ING_TY-INTRO_AREA-INTRO_AROUND-INTRO_BED-INTRO_CAR-INTRO_CONVENIENTFACILITIES-INTRO_COURSEINFO-INTRO_DELICACY-INTRO_DISTINCTION-INTRO_EDUINFO-INTRO_ETC-INTRO_EVENTINFO-INTRO_FACILITIES-INTRO_FATTENING-INTRO_HINTS-INTRO_INFO-INTRO_MAPURL-INTRO_MENUMONEY-INTRO_MONEY-INTRO_ORIGINSOURCE-INTRO_PAROTITIS-INTRO_POINTMENU-INTRO_RESERVESTOCK-INTRO_RUNTIME-INTRO_SELECTTIME-INTRO_SYSTEMPROGRAMINFO-INTRO_TIMEREQUIRED-INTRO_TOILET-INTRO_TRIAL-INTRO_WORDTYPE-INTRO_ZOOALLOW-LEI_PRO_NM-LINK_URL-LODGING_TY-MAIN_MENU-OBS_TIME-OPEN_TIME-PARK_EXP-PARK_YN-PHONE_NM-PRODUCT_ID-PRODUCT_TYPE-PUT_TY-REQ_TIME-RESE_DT-RESE_EXP-RESE_YN-ROOM_TY-SEET_INFO-SERIAL-SHOP_IMAGE-SMOKING-STRU_INFO-SUB_CATEGORY-SWIM_TIME-TITLE-TITLE_SUB-USE_TIME-VISI_WAY-WORK_DT-ZIP_CD,엘티에스코리아,해양산업,"CSV, JSON, XML","['관광', '기업일반', '바다', '어촌관광', '여행', '콘텐츠']",공간/위치,관광,관광,"['관광', '기업일반', '바다', '어촌관광', '여행', '콘텐츠']",75326,241,75326.0
bigdata-sea,page_000097.html,-,내항 여객선 운항 데이터,국내 내항 여객선 운항 데이터\n\n∙해운산업 분야의 각종 통계 자료로 활용,0,JU_BHF_NM|SR_NM|NVGTN_PSSHP_NO|NVGTN_PSSHP_NM|NVGTN_PSSHP_CD|SLNG_ZONE|TOT_TN|PSSNG_FXNMB|CREW_FXNMB|VHCLE_LDNG_CNT|SHIP_KIND|SUMMER_DILY_NVGTN_CNT|WNT_DILY_NVGTN_CNT|SLNG_VE_NT|NVGTN_DIST_MILE|RQRMN_TM_MIN|ONE_ENGN_PARTY_DF|ENGN_CNT|SHIP_CS_YR|SHIP_CS_MNTH|SHIP_CS_DY|SC_NM|PSSHP_PHOTO_SN_1|PSSHP_PHOTO_FILE_NM_1|PSSHP_PHOTO_SN_2|PSSHP_PHOTO_FILE_NM_2|PSSHP_PHOTO_SN_3|PSSHP_PHOTO_FILE_NM_3|PSSHP_PHOTO_SN_4|PSSHP_PHOTO_FILE_NM_4|PSSHP_PHOTO_SN_5|PSSHP_PHOTO_FILE_NM_5|PSSHP_PHOTO_SN_6|PSSHP_PHOTO_FILE_NM_6|FRST_DPTR_PRT_NM|MIDDL_PORTCLL_NO_1|MIDDL_PORTCLL_NM_1|MIDDL_PORTCLL_RQRMN_TM_1|MIDDL_PORTCLL_NO_2|MIDDL_PORTCLL_NM_2|MIDDL_PORTCLL_RQRMN_TM_2|MIDDL_PORTCLL_NO_3|MIDDL_PORTCLL_NM_3|MIDDL_PORTCLL_RQRMN_TM_3|TRMNL_NM|TRMNL_RQRMN_TM,True,2025-07-15,CREW_FXNMB-ENGN_CNT-FRST_DPTR_PRT_NM-JU_BHF_NM-MIDDL_PORTCLL_NM_1-MIDDL_PORTCLL_NM_2-MIDDL_PORTCLL_NM_3-MIDDL_PORTCLL_NO_1-MIDDL_PORTCLL_NO_2-MIDDL_PORTCLL_NO_3-MIDDL_PORTCLL_RQRMN_TM_1-MIDDL_PORTCLL_RQRMN_TM_2-MIDDL_PORTCLL_RQRMN_TM_3-NVGTN_DIST_MILE-NVGTN_PSSHP_CD-NVGTN_PSSHP_NM-NVGTN_PSSHP_NO-ONE_ENGN_PARTY_DF-PSSHP_PHOTO_FILE_NM_1-PSSHP_PHOTO_FILE_NM_2-PSSHP_PHOTO_FILE_NM_3-PSSHP_PHOTO_FILE_NM_4-PSSHP_PHOTO_FILE_NM_5-PSSHP_PHOTO_FILE_NM_6-PSSHP_PHOTO_SN_1-PSSHP_PHOTO_SN_2-PSSHP_PHOTO_SN_3-PSSHP_PHOTO_SN_4-PSSHP_PHOTO_SN_5-PSSHP_PHOTO_SN_6-PSSNG_FXNMB-RQRMN_TM_MIN-SC_NM-SHIP_CS_DY-SHIP_CS_MNTH-SHIP_CS_YR-SHIP_KIND-SLNG_VE_NT-SLNG_ZONE-SR_NM-SUMMER_DILY_NVGTN_CNT-TOT_TN-TRMNL_NM-TRMNL_RQRMN_TM-VHCLE_LDNG_CNT-WNT_DILY_NVGTN_CNT,한국해양교통안전공단,해운물류,"CSV, JSON, XML","['내항여객선', '여객선', '여객선기관', '여객선기항지', '여객선종류', '한국해양교통', '해양교통안전센터']",산업/기술,해양/수산,해양,"['내항여객선', '여객선', '여객선기관', '여객선기항지', '여객선종류', '한국해양교통', '해양교통안전센터']",8385,351,8385.0
bigdata-sea,page_000098.html,-,해상수출 물류가격 인보이스데이터,"∙2014년부터 2020년까지의 전세계 해상수출에 대한 청구서 데이터\n∙출발항구, 도착국가, 선적물 정보에 따른 해상수출 청구서 데이터\n∙시계열 데이터\n\n∙국내 해상수출 견적 데이터 확인 및 분석하고자 하는 기업 및 기관\n∙국내 해상수출 데이터와 관련해 데이터를 분석하고자 하는 스타트업\n∙국내 해상수출 데이터와 관련해 데이터를 분석하고자 하는 포워딩 업체\n∙국내 해상수출 데이터와 관련해 데이터를 분석하고자 하는 해외 업체",700000,INVC_NO|INVC_YMD|DPTR_PRT_NM|ARVL_PRT_NM|ARVL_CN_NM|FRGHT_VOLM_VL|CNTNR_20FT_QTY|CNTNR_24FT_QTY|UNPRC|OCNFR_USD|TRMNL_RNTF|WHRFG|PAPERS_COST|SUM_AMT|SUM_AMT_KRW|RM,True,2025-07-15,ARVL_CN_NM-ARVL_PRT_NM-CNTNR_20FT_QTY-CNTNR_24FT_QTY-DPTR_PRT_NM-FRGHT_VOLM_VL-INVC_NO-INVC_YMD-OCNFR_USD-PAPERS_COST-RM-SUM_AMT-SUM_AMT_KRW-TRMNL_RNTF-UNPRC-WHRFG,울산과학기술원,해운물류,"CSV, JSON, XML","['실제수출물류비용', '실제컨테이너비용', '해상수출', '해상운임', '해상운임청구']",소비/유통,상품,물류,"['실제수출물류비용', '실제컨테이너비용', '해상수출', '해상운임', '해상운임청구']",10177209,257289,10177209.0
bigdata-sea,page_000099.html,-,해상수출 물류가격 계약서 데이터,"∙2014년부터 2020년까지의 전세계 항구에 대한 해상수출 운임 계약서\n∙출발항구, 도착국가, 선적물 정보에 따른 예상 해상수출 운임 계약서\n∙시계열 데이터\n\n∙국내 해상수출 견적 데이터 확인 및 분석하고자 하는 기업 및 기관\n∙국내 해상수출 데이터와 관련해 데이터를 분석하고자 하는 스타트업\n∙국내 해상수출 데이터와 관련해 데이터를 분석하고자 하는 포워딩 업체\n∙국내 해상수출 데이터와 관련해 데이터를 분석하고자 하는 해외 업체",700000,CTRT_OFC_NO|CTRT_YMD|DPTR_PRT_NM|ARVL_PRT_NM|ARVL_CN_NM|FRGHT_VOLM_VL|CNTNR_20FT_QTY|CNTNR_24FT_QTY|UNPRC|OCNFR_USD|TRMNL_RNTF|WHRFG|PAPERS_COST|SUM_AMT|SUM_AMT_KRW|RM,True,2025-07-15,ARVL_CN_NM-ARVL_PRT_NM-CNTNR_20FT_QTY-CNTNR_24FT_QTY-CTRT_OFC_NO-CTRT_YMD-DPTR_PRT_NM-FRGHT_VOLM_VL-OCNFR_USD-PAPERS_COST-RM-SUM_AMT-SUM_AMT_KRW-TRMNL_RNTF-UNPRC-WHRFG,울산과학기술원,해운물류,"CSV, JSON, XML","['수출물류계약서', '컨테이너비용', '해상수출', '해상운임', '해상운임계약']",소비/유통,상품,물류,"['수출물류계약서', '컨테이너비용', '해상수출', '해상운임', '해상운임계약']",8945048,235396,8945048.0
bigdata-sea,page_000101.html,-,해상수출 물류가격 추가발생 데이터,"∙2014년부터 2020년까지의 전세계 항구에 대한 해상수출 운임 추가지급 데이터\n∙출발항구, 도착국가, 선적물 정보에 따른 해상수출 운임 추가지급 데이터\n∙시계열 데이터\n\n∙국내 해상수출 견적 데이터 확인 및 분석하고자 하는 기업 및 기관\n∙국내 해상수출 데이터와 관련해 데이터를 분석하고자 하는 스타트업\n∙국내 해상수출 데이터와 관련해 데이터를 분석하고자 하는 포워딩 업체\n∙국내 해상수출 데이터와 관련해 데이터를 분석하고자 하는 해외 업체",300000,INVC_NO|INVC_YMD|DPTR_PRT_NM|ARVL_PRT_NM|ARVL_CN_NM|FRGHT_VOLM_VL|CNTNR_20FT_QTY|CNTNR_24FT_QTY|UNPRC|OCNFR_USD|TRMNL_RNTF|WHRFG|PAPERS_COST|SUM_AMT|SUM_AMT_KRW|RM,True,2025-07-15,ARVL_CN_NM-ARVL_PRT_NM-CNTNR_20FT_QTY-CNTNR_24FT_QTY-DPTR_PRT_NM-FRGHT_VOLM_VL-INVC_NO-INVC_YMD-OCNFR_USD-PAPERS_COST-RM-SUM_AMT-SUM_AMT_KRW-TRMNL_RNTF-UNPRC-WHRFG,울산과학기술원,해운물류,"CSV, JSON, XML","['수출물류비용', '해상물류수출추가비용', '해상수출', '해상운임', '해상운임견적']",소비/유통,상품,물류,"['수출물류비용', '해상물류수출추가비용', '해상수출', '해상운임', '해상운임견적']",4553561,114475,4553561.0
bigdata-sea,page_000102.html,-,해상수출 물류가격 포워더정보 데이터,"∙국내 포워더 업체 데이터\n∙포워더 이름, 전화번호, 팩스번호, 이메일, 홈페이지\n\n∙국내 포워더 연락처를 확인하고 싶은 수출기업\n∙국내 포워더 연락처 데이터를 기반으로 사업을 하고자 하는 기업/기관/스타트업",700000,FRWDR_ENTRPRS_NO|FRWDR_ENTRPRS_NM|FRWDR_ENTRPRS_ADRES|FRWDR_ENTRPRS_HMPG|FRWDR_ENTRPRS_TELNO|FRWDR_ENTRPRS_FXNUM|FRWDR_ENTRPRS_RMA|RM,True,2025-07-15,FRWDR_ENTRPRS_ADRES-FRWDR_ENTRPRS_FXNUM-FRWDR_ENTRPRS_HMPG-FRWDR_ENTRPRS_NM-FRWDR_ENTRPRS_NO-FRWDR_ENTRPRS_RMA-FRWDR_ENTRPRS_TELNO-RM,울산과학기술원,해운물류,"CSV, JSON, XML","['국내물류업체', '물류업체', '선적업체', '포워더', '포워딩업체']",소비/유통,상품,물류,"['국내물류업체', '물류업체', '선적업체', '포워더', '포워딩업체']",26633108,163282,26633108.0
bigdata-sea,page_000103.html,-,컨테이너 서비스 스케줄 데이터,"∙글로벌 주요 컨테이너 선사의 서비스 운항 스케줄\n∙데이터 제공형태 : 국내 주요항구 발, 전세계 주요 항구 도착 스케줄\n\n∙수출기업, 포워더 등 물류계획 수립을 위한 기초자료로 활용\n∙수출 물류 프로세스 자동화를 구축하는 수출입 물류 관련 소프트웨어 구축에 활용",2000000,SCHD_ID|SC_CD|TRADLINX_INQPOSB_SHIP_YN|TRADLINX_SHIP_ID|SHIP_NM|SR_DRCN|DPTRP_ID|DPRT_PREARNGE_TM|DTNT_ID|ARVL_PREARNGE_TM|TRNSHPMN_TYPE,True,2025-07-15,ARVL_PREARNGE_TM-DPRT_PREARNGE_TM-DPTRP_ID-DTNT_ID-SCHD_ID-SC_CD-SHIP_NM-SR_DRCN-TRADLINX_INQPOSB_SHIP_YN-TRADLINX_SHIP_ID-TRNSHPMN_TYPE,울산과학기술원,해운물류,"CSV, JSON, XML","['선사스케줄', '수출', '컨테이너', '해상스케줄', '해운물류']",소비/유통,상품,물류,"['선사스케줄', '수출', '컨테이너', '해상스케줄', '해운물류']",0,0,0.0
bigdata-sea,page_000104.html,-,컨테이너 서비스 운항 출도착 데이터,"∙국내 주요 항만 컨테이너 터미널의 선박 입출항 스케줄, 예상작업 현황 데이터\n∙국내 주요 컨테이너 터미널 20여개, 국내 기항 컨테이너 선박 1,500여 척 입출항 정보\n∙시계열 데이터\n\n∙수출입 기업 및 포워더의 화물 출도착 상황 모니터링을 위한 활용\n∙수입기업, 관세사, 운송사의 수입화물 도착일정 관리를 위한 활용",4000000,SCHD_ID|TRMNL_ABBRV|TRADLINX_SHIP_ID|ETRYPT_PLAN_YR|SHIP_CD|VOYG|SHIP_CD_VOYG|SHIP_NM|BRTH_NO|BRTHNG_YMD|FRGHT_TKIN_CLOSNG_YMD|DPTRPT_YMD|SHPPN_CNTNR_QTY|IMP_CNTNR_QTY|MOV_CNTNR_QTY|DTA_RCRD_YMD,True,2025-07-15,BRTHNG_YMD-BRTH_NO-DPTRPT_YMD-DTA_RCRD_YMD-ETRYPT_PLAN_YR-FRGHT_TKIN_CLOSNG_YMD-IMP_CNTNR_QTY-MOV_CNTNR_QTY-SCHD_ID-SHIP_CD-SHIP_CD_VOYG-SHIP_NM-SHPPN_CNTNR_QTY-TRADLINX_SHIP_ID-TRMNL_ABBRV-VOYG,울산과학기술원,해운물류,"CSV, JSON, XML","['입출항스케줄', '컨테이너수입', '컨테이너작업현황', '컨테이너터미널', '해상물류']",소비/유통,상품,물류,"['입출항스케줄', '컨테이너수입', '컨테이너작업현황', '컨테이너터미널', '해상물류']",0,0,0.0
bigdata-sea,page_000105.html,-,원유화물 세부 품목 물동 데이터,"원유화물 상세품목별 물동 변동성의 시계열 정보\n∙집계차원: 과거 2007년부터 원유 수입 품목\n∙집계항목: 원유 API도, 유황함량에 따른 원유 등급 별 화물 물동 변동성 \n∙세분화 기준: 원유 등급 : Heavy/Medium/Light, Sour/Sweet 의 결합\n\n∙원유 성상별 수입 동향 분석 \n∙원유 성상별 수급 전략 \n∙타 분야와 융합이 가능한 1차 가공 정보",4000000,EDPT_YMD|IMEX_TYP|UNLD_PRT_CD|IMP_PRT_CD|UNLD_NTN_NM|UNLD_PRT_NM|IMP_NTN_NM|IMP_PRT_NM|DETL_PRDLST|PRDLST_CD_6|PRDLST_CD_4|PRDCT_NM|WT_TN|BRRL|SG|APISG|SLPHR_CONT|GRAD,True,2025-07-15,APISG-BRRL-DETL_PRDLST-EDPT_YMD-GRAD-IMEX_TYP-IMP_NTN_NM-IMP_PRT_CD-IMP_PRT_NM-PRDCT_NM-PRDLST_CD_4-PRDLST_CD_6-SG-SLPHR_CONT-UNLD_NTN_NM-UNLD_PRT_CD-UNLD_PRT_NM-WT_TN,울산과학기술원,해운물류,"CSV, JSON, XML","['API도', '변동성', '비중', '원유종류', '유황함량']",소비/유통,상품,물류,"['API도', '변동성', '비중', '원유종류', '유황함량']",1134720,21276,1134720.0
bigdata-sea,page_000106.html,-,원유화물 지역 물동 데이터,"원유화물 생산지역별 물동 변동성의 시계열 정보\n∙집계차원: 과거 2007년부터 원유 수입 품목\n∙집계항목: 원유 API도, 유황함량에 따른 원유 등급 별 화물 물동 변동성 \n∙세분화 기준: 원유 등급 : Heavy/Medium/Light, Sour/Sweet 의 결합\n\n∙원유 수입 물류 방향 분석 \n∙원유 생산지 다변화 전략 \n∙타 분야와 융합이 가능한 1차 가공 정보",1000000,EDPT_YMD|IMEX_TYP|UNLD_PRT_CD|IMP_PRT_CD|UNLD_NTN_NM|UNLD_PRT_NM|IMP_NTN_NM|IMP_PRT_NM|PRDCT_AREA|PRDLST_CD_6|PRDLST_CD_4|PRDCT_NM|WT_TN|BRRL|SG|APISG|SLPHR_CONT|GRAD,True,2025-07-15,APISG-BRRL-EDPT_YMD-GRAD-IMEX_TYP-IMP_NTN_NM-IMP_PRT_CD-IMP_PRT_NM-PRDCT_AREA-PRDCT_NM-PRDLST_CD_4-PRDLST_CD_6-SG-SLPHR_CONT-UNLD_NTN_NM-UNLD_PRT_CD-UNLD_PRT_NM-WT_TN,울산과학기술원,해운물류,"CSV, JSON, XML","['API도', '변동성', '비중', '원유생산지', '유황함량']",소비/유통,상품,물류,"['API도', '변동성', '비중', '원유생산지', '유황함량']",1122096,20952,1122096.0
bigdata-sea,page_000107.html,-,케미컬화물 세부 품목 물동 데이터,"케미컬화물 상세품목별 물동 변동성의 시계열 정보\n∙집계차원: 과거 2007년부터 케미컬화물 수출입 품목\n∙집계항목: 제품 API도, 유황함량에 따른 석유화학제품 화물 물동 변동성 \n∙세분화 기준: 석유화학제품 등급 : API도, 유황함량\n\n∙석유화학제품 성상별 수출입 동향 분석 \n∙석유화학제품 성상별 수급 전략 \n∙타 분야와 융합이 가능한 1차 가공 정보",4000000,EDPT_YMD|IMEX_TYP|UNLD_PRT_CD|IMP_PRT_CD|UNLD_NTN_NM|UNLD_PRT_NM|IMP_NTN_NM|IMP_PRT_NM|PRDLST_CD_6|PRDLST_CD_4|DETL_PRDLST|PRDCT_NM|WT_TN|BRRL|SG|APISG|SLPHR_CONT,True,2025-07-15,APISG-BRRL-DETL_PRDLST-EDPT_YMD-IMEX_TYP-IMP_NTN_NM-IMP_PRT_CD-IMP_PRT_NM-PRDCT_NM-PRDLST_CD_4-PRDLST_CD_6-SG-SLPHR_CONT-UNLD_NTN_NM-UNLD_PRT_CD-UNLD_PRT_NM-WT_TN,울산과학기술원,해운물류,"CSV, JSON, XML","['API도', '변동성', '비중', '석유화학제품성상', '유황함량']",소비/유통,상품,물류,"['API도', '변동성', '비중', '석유화학제품성상', '유황함량']",6418808,159144,6418808.0
bigdata-sea,page_000108.html,-,케미컬화물 지역 물동 데이터,"케미컬화물 생산지역별 물동 변동성의 시계열 정보\n∙집계차원: 과거 2007년부터 석유화학제품 수출입 품목\n∙집계항목: API도, 유황함량에 따른 석유화학제품 등급 별 화물 물동 변동성 \n∙세분화 기준: 석유화학제품 등급 : API도, 유황함량\n\n∙석유화학제품 수출입 물류 방향 분석 \n∙석유화학제품 생산지 다변화 전략 \n∙타 분야와 융합이 가능한 1차 가공 정보",1000000,EDPT_YMD|IMEX_TYP|UNLD_PRT_CD|IMP_PRT_CD|UNLD_NTN_NM|UNLD_PRT_NM|IMP_NTN_NM|IMP_PRT_NM|PRDCT_AREA|PRDLST_CD_6|PRDLST_CD_4|PRDCT_NM|WT_TN|BRRL|SG|APISG|SLPHR_CONT,True,2025-07-15,APISG-BRRL-EDPT_YMD-IMEX_TYP-IMP_NTN_NM-IMP_PRT_CD-IMP_PRT_NM-PRDCT_AREA-PRDCT_NM-PRDLST_CD_4-PRDLST_CD_6-SG-SLPHR_CONT-UNLD_NTN_NM-UNLD_PRT_CD-UNLD_PRT_NM-WT_TN,울산과학기술원,해운물류,"CSV, JSON, XML","['API도', '변동성', '비중', '석유화학제품생산지', '유황함량']",소비/유통,상품,물류,"['API도', '변동성', '비중', '석유화학제품생산지', '유황함량']",6286256,146192,6286256.0
bigdata-sea,page_000109.html,-,컨테이너 선박 정시성 데이터,"∙컨테이너 선박의 운항 정시성 데이터\n∙선박의 운항계획과 실제 운항일정의 시간편차 데이터\n\n∙수출입 기업, 포워더가 안정적인 컨테이너 서비스 선택을 위한 지표로 활용\n∙수출입 기업, 포워더가 장기계약을 위한 선사 평가 지표로 활용\n∙선사가 자체 평가 지표로 활용",4000000,SC_CD|SC_SRVIC_CD|MS_NM|VOYG|DPRT_PRT_CD|DPTR_PRT_NM|DPTR_PLAN_YMD|RL_DPTR_YMD|DPTR_DELAY_TM|ARRV_PRT_CD|ARVL_PRT_NM|ARVL_PLAN_YMD|RL_ARVL_YMD|ARVL_DELAY_TM,True,2025-07-15,ARRV_PRT_CD-ARVL_DELAY_TM-ARVL_PLAN_YMD-ARVL_PRT_NM-DPRT_PRT_CD-DPTR_DELAY_TM-DPTR_PLAN_YMD-DPTR_PRT_NM-MS_NM-RL_ARVL_YMD-RL_DPTR_YMD-SC_CD-SC_SRVIC_CD-VOYG,울산과학기술원,해운물류,"CSV, JSON, XML","['운항정시성', '운항지연', '컨테이너안정성', '컨테이너정시성', '해상운송']",소비/유통,상품,물류,"['운항정시성', '운항지연', '컨테이너안정성', '컨테이너정시성', '해상운송']",11174784,232808,11174784.0
bigdata-sea,page_000110.html,-,사전 컨테이너 반출입 신청정보,"운송사가 EDI를 통해 컨테이너터미널에 제공하는 사전반출입 운송예정정보\n\n∙사전 컨테이너 반출입 신청정보 분석하는 자료로 활용\n∙항만별, 터미널별 반입, 반출 등 통계자료 활용",7000000,SN|VHCLE_ID|VHCLE_NO|CRRR_NM|CNTNR_IO_FLAG|RCPTS_DTM|RSPN_RSLT|RSRV_TM|FAILR_TYPE|TRMNL_ID|TRMNL|TRNSO_CNTNR_NO1|FEF|TRNSO_CNTNR_ISO_CD|RGSTN_MAN|RGST_DT,True,2025-07-15,CNTNR_IO_FLAG-CRRR_NM-FAILR_TYPE-FEF-RCPTS_DTM-RGSTN_MAN-RGST_DT-RSPN_RSLT-RSRV_TM-SN-TRMNL-TRMNL_ID-TRNSO_CNTNR_ISO_CD-TRNSO_CNTNR_NO1-VHCLE_ID-VHCLE_NO,해운항만물류정보협회,해운물류,"CSV, JSON, XML","['물류', '반출입', '사전', '신청', '운송차량', '정보', '컨테이너', '항만', '해운', '협회']",소비/유통,상품,물류,"['물류', '반출입', '사전', '신청', '운송차량', '정보', '컨테이너', '항만', '해운', '협회']",1351160864,9404832,1351160864.0
bigdata-sea,page_000112.html,-,컨테이너 양적하 정보,"선박에 컨테이너를 선적하고, 선박으로부터 하역할 컨테이너 목록정보\n\n∙모선별 작업시간 분석하는 자료로 활용\n∙컨테이너 유형별 분석하는 자료로 활용\n∙항만별, 터미널별 물동량, 작업시간, 수입/수출/환적 등 통계자료 활용",3000000,SN|TRMNL_ID|LD_UNLD_TYP|SC_CD|CLL_SGN|MS_NM|ENTRY_YR|MS_CD|TRMNL_VOYG|CNTNR_NO|CNTNR_ISO|FEF|IMEX_TYP|LD_UNLD_DT|LD_UNLD_PRT|CNTNR_WT|BL_NO|BKNG_NO|SL_NO|RFRGR_TPRT|RFRGR_TPRT_UNIT|IMDG_NO|UN_NO|FILE_NM|CRTN_DT|RFNO|RGSTN_MAN|RGST_DT,True,2025-07-15,BKNG_NO-BL_NO-CLL_SGN-CNTNR_ISO-CNTNR_NO-CNTNR_WT-CRTN_DT-ENTRY_YR-FEF-FILE_NM-IMDG_NO-IMEX_TYP-LD_UNLD_DT-LD_UNLD_PRT-LD_UNLD_TYP-MS_CD-MS_NM-RFNO-RFRGR_TPRT-RFRGR_TPRT_UNIT-RGSTN_MAN-RGST_DT-SC_CD-SL_NO-SN-TRMNL_ID-TRMNL_VOYG-UN_NO,해운항만물류정보협회,해운물류,"CSV, JSON, XML","['모선', '물류', '양적하', '양하', '위험물', '적하', '정보', '컨테이너', '항만', '해운', '협회']",소비/유통,상품,물류,"['모선', '물류', '양적하', '양하', '위험물', '적하', '정보', '컨테이너', '항만', '해운', '협회']",296328995,10026169,296328995.0
bigdata-sea,page_000114.html,-,출조 시기 선정을 위한 해양정보 데이터 셋,"낚시 초보들이 낚싯배 선장이나 고급자들에게 물어보지 않아도 낚시 일정을 계획하는데 도움을 줄 수 있도록 해양정보인 물때, 조위, 수온 등의 과거 해양정보와 모바일플랫폼을 통해 수집되는 소셜 조황정보를 활용하여 인공지능 학습자료를 만들어 제공하는 자료\n\n∙낚시인들이 낚시 미래의 낚시 일정을 계획하는 정보로 활용\n∙낚시에 관련된 플랫폼에서 낚시날짜를 추천하는데 AI 모델을 제작하는데 필요한 학습정보로 활용",500000,YMD|SOF|LO|LA|SEA_AREA_NM|WATER_SSN|TOP_TDVL|LWST_TDVL|TDVL_GP|WTPR,True,2025-07-15,LA-LO-LWST_TDVL-SEA_AREA_NM-SOF-TDVL_GP-TOP_TDVL-WATER_SSN-WTPR-YMD,환경과학기술,해양산업,"CSV, JSON, XML","['낚시날짜추천', '소셜조황정보', '인공지능학습자료', '출조정보', '해양정보']",산업/기술,해양/수산,해양,"['낚시날짜추천', '소셜조황정보', '인공지능학습자료', '출조정보', '해양정보']",2359266,48589,2359266.0
bigdata-sea,page_000116.html,-,전세계 위도별 표층수온 데이터 셋,"1970년부터 2020년까지 연도별, 월별 전세계 1° 격자 위도 별 월평균 표층수온(SST) 정보를 제공하는 데이터셋\n\n∙전세계 위도별 변화하는 표층수온정보를 연구하는 기초정보로 활용\n∙전세계 장기 기후변화의 의사결정 지원정보로 활용",0,YMD|LO|LA|SRFCLYR_WTPR|SRC,True,2025-07-15,LA-LO-SRC-SRFCLYR_WTPR-YMD,환경과학기술,해양환경,"CSV, JSON, XML","['SST', '월평균수온변화', '전세계수온변화', '표층수온']",산업/기술,해양/수산,해양,"['SST', '월평균수온변화', '전세계수온변화', '표층수온']",2043953333,52558800,2043953333.0
bigdata-sea,page_000117.html,-,전세계 표층수온 연평균 아노말리 데이터 셋,1854년부터 2019년까지의 전 세계의 표층수온의 장기간 평균값으로부터 변화하는 차이값을 제공하는 데이터셋\n\n∙전세계 장기 기후변화에 대한 기초연구자료로 활용,0,YMD|LO|LA|SRFCLYR_WTPR|SRFCLYR_WTPR_ANMLY|SRC,True,2025-07-15,LA-LO-SRC-SRFCLYR_WTPR-SRFCLYR_WTPR_ANMLY-YMD,환경과학기술,해양환경,"CSV, JSON, XML","['아노말리', '연평균', '전세계', '표층수온']",산업/기술,해양/수산,해양,"['아노말리', '연평균', '전세계', '표층수온']",6658592,137448,6658592.0
bigdata-sea,page_000118.html,-,한반도 연안 수질환경 데이터셋,"우리나라 관할해역 해역, 계절 및 수심 별 수온, 용존산소, 화학적산소요구량을 제공하는 데이터셋\n\n∙우리나라 환경영항평가를 수행하는 기업이 활용 가능한 장기 수질정보 제공\n∙장기 수질환경 변화 연구에 필요한 기초정보로 활용",10000,SEA_AREA_NM|ECLG_ZONE|PEAK_NM|YMD|LO|LA|DOW|WTPR|WTPR_QLT_STCD|DO_QTY|DO_QTY_QLT_STCD|COD_QTY|COD_QTY_QLT_STCD|SRC,True,2025-07-15,COD_QTY-COD_QTY_QLT_STCD-DOW-DO_QTY-DO_QTY_QLT_STCD-ECLG_ZONE-LA-LO-PEAK_NM-SEA_AREA_NM-SRC-WTPR-WTPR_QLT_STCD-YMD,환경과학기술,해양환경,"CSV, JSON, XML","['관할해역', '수온', '용존산소', '화학적산소요구량']",산업/기술,해양/수산,해양,"['관할해역', '수온', '용존산소', '화학적산소요구량']",1531968,29524,1531968.0
bigdata-sea,page_000119.html,-,한반도 수심별 월평균 수온 데이터셋,우리나라 연안 해양의 해양정선관측정보를 활용한 계절 연직분포를 알아볼 수 있는 수심별 월평균 수온 자료를 제공하는 데이터셋\n\n∙우리나라 수심별 수온변화에 따른 환경연구 기초정보로 활용,10000,LINE_NM|YR|MNTH|DOW|AVE_WTPR|STDV,True,2025-07-15,AVE_WTPR-DOW-LINE_NM-MNTH-STDV-YR,환경과학기술,해양환경,"CSV, JSON, XML","['계절별수온', '수심별수온', '수온연직분포', '한반도수심별수온']",산업/기술,해양/수산,해양,"['계절별수온', '수심별수온', '수온연직분포', '한반도수심별수온']",181575,6008,181575.0
bigdata-sea,page_000120.html,-,내항 여객선 기항지 데이터,내항여객선의 기항지 데이터\n\n∙항만기본계획 수립 등 기초자료로 활용 가능한 항로 위해요소 데이터,0,JU_BHF_NM|SR_NM|PORTCLL_SN|PORTCLL_NM|PORTCLL_BRTFCY_SN_1|PORTCLL_BRTFCY_PHOTO_1|PORTCLL_BRTFCY_SN_2|PORTCLL_BRTFCY_PHOTO_2|PORTCLL_BRTFCY_SN_3|PORTCLL_BRTFCY_PHOTO_3|BRTFCY_TYPE|BRTFCY_LNTH|BRTFCY_BT|BRTFCY_HGHT|RSDNC_TYPE|RSDNC_PPLTN_CNT|AMNY_PHOTO_FILE_NM_1|AMNY_PHOTO_FILE_NM_2|AMNY_PHOTO_FILE_NM_3|AMNY_TYPE|AMNY_ACCPN_NMPR|BO_EXNEX|CALLIN_PSSHP_SN_1|CALLIN_PSSHP_NM_1|CALLIN_PSSHP_SN_2|CALLIN_PSSHP_NM_2|CALLIN_PSSHP_SN_3|CALLIN_PSSHP_NM_3|CALLIN_PSSHP_SN_4|CALLIN_PSSHP_NM_4|CALLIN_PSSHP_SN_5|CALLIN_PSSHP_NM_5|CALLIN_PSSHP_SN_6|CALLIN_PSSHP_NM_6|CALLIN_PSSHP_SN_7|CALLIN_PSSHP_NM_7,True,2025-07-15,AMNY_ACCPN_NMPR-AMNY_PHOTO_FILE_NM_1-AMNY_PHOTO_FILE_NM_2-AMNY_PHOTO_FILE_NM_3-AMNY_TYPE-BO_EXNEX-BRTFCY_BT-BRTFCY_HGHT-BRTFCY_LNTH-BRTFCY_TYPE-CALLIN_PSSHP_NM_1-CALLIN_PSSHP_NM_2-CALLIN_PSSHP_NM_3-CALLIN_PSSHP_NM_4-CALLIN_PSSHP_NM_5-CALLIN_PSSHP_NM_6-CALLIN_PSSHP_NM_7-CALLIN_PSSHP_SN_1-CALLIN_PSSHP_SN_2-CALLIN_PSSHP_SN_3-CALLIN_PSSHP_SN_4-CALLIN_PSSHP_SN_5-CALLIN_PSSHP_SN_6-CALLIN_PSSHP_SN_7-JU_BHF_NM-PORTCLL_BRTFCY_PHOTO_1-PORTCLL_BRTFCY_PHOTO_2-PORTCLL_BRTFCY_PHOTO_3-PORTCLL_BRTFCY_SN_1-PORTCLL_BRTFCY_SN_2-PORTCLL_BRTFCY_SN_3-PORTCLL_NM-PORTCLL_SN-RSDNC_PPLTN_CNT-RSDNC_TYPE-SR_NM,한국해양교통안전공단,해운물류,"CSV, JSON, XML","['내항여객선', '내항여객선기항지', '접안시설', '편의시설', '항로명칭']",산업/기술,해양/수산,해양,"['내항여객선', '내항여객선기항지', '접안시설', '편의시설', '항로명칭']",18784,517,18784.0
bigdata-sea,page_000121.html,-,화물운송차량 운전자 정보,SmartLo Expresso 서비스를 사용하는 운전자 정보\n\n∙운전자 유형별 분석하는 자료로 활용,0,DRVR_SN|DRVR_ID|DRVR_TYPE|DRVR_TELNO|RGSTN_MAN|RGST_DT,True,2025-07-15,DRVR_ID-DRVR_SN-DRVR_TELNO-DRVR_TYPE-RGSTN_MAN-RGST_DT,지팬스스마트로,해운물류,"CSV, JSON, XML","['express', 'smart', '스마트로', '운송', '운전자', '정보', '지팬스', '차량', '화물']",소비/유통,상품,물류,"['express', 'smart', '스마트로', '운송', '운전자', '정보', '지팬스', '차량', '화물']",2502252,15446,2502252.0
bigdata-sea,page_000122.html,-,화물운송차량 정보,SmartLo Expresso 서비스를 사용하는 차량 정보\n\n∙차량 유형별 분석하는 자료로 활용,0,VHCLE_SN|VHCLE_ID|VHCLE_TYPE|RGSTN_MAN|RGST_DT,True,2025-07-15,RGSTN_MAN-RGST_DT-VHCLE_ID-VHCLE_SN-VHCLE_TYPE,지팬스스마트로,해운물류,"CSV, JSON, XML","['express', 'smart', '스마트로', '운송', '정보', '지팬스', '차량', '컨테이너', '화물']",소비/유통,상품,물류,"['express', 'smart', '스마트로', '운송', '정보', '지팬스', '차량', '컨테이너', '화물']",328320,3456,328320.0
bigdata-sea,page_000123.html,-,화물운송경로정보,SmartLo Expresso 서비스를 사용하는 운송경로 정보\n\n∙경로별 분석하는 자료로 활용\n∙화물 운송 거점별 통계자료 활용,0,SN|CRG_NM|CNTNR_NO|VHCLE_NO|DPTRP_NM|DPTRP_ADDR|DTNT_NM|DTNT_ADDR|RGSTN_MAN|RGST_DT,True,2025-07-15,CNTNR_NO-CRG_NM-DPTRP_ADDR-DPTRP_NM-DTNT_ADDR-DTNT_NM-RGSTN_MAN-RGST_DT-SN-VHCLE_NO,지팬스스마트로,해운물류,"CSV, JSON, XML","['express', 'smart', '경로', '스마트로', '운송', '지팬스', '차량', '컨테이너', '화물']",소비/유통,상품,물류,"['express', 'smart', '경로', '스마트로', '운송', '지팬스', '차량', '컨테이너', '화물']",3566611,56914,3566611.0
bigdata-sea,page_000124.html,-,운송화물정보,"SmartLo Expresso 서비스를 사용하는 운송화물 정보\n\n∙수입/수출별 컨테이너 분석하는 자료로 활용\n∙선적항/양하항별, 수입/수출/환적 등 통계자료 활용",0,SN|VHCLE_ID|RFNO|CNTNR_NO2|SHPPN_PRT|IMEX_CD|IMP_PRT_CD|DRVR_ID|VHCLE_NO|CNTNR_NO1|RGSTN_MAN|RGST_DT,True,2025-07-15,CNTNR_NO1-CNTNR_NO2-DRVR_ID-IMEX_CD-IMP_PRT_CD-RFNO-RGSTN_MAN-RGST_DT-SHPPN_PRT-SN-VHCLE_ID-VHCLE_NO,지팬스스마트로,해운물류,"CSV, JSON, XML","['express', 'smart', '수입', '수출', '스마트로', '운송', '지팬스', '차량', '컨테이너', '화물']",소비/유통,상품,물류,"['express', 'smart', '수입', '수출', '스마트로', '운송', '지팬스', '차량', '컨테이너', '화물']",570379991,6046431,570379991.0
bigdata-sea,page_000130.html,-,항해통신용 조선 기자재 장비 및 설비 제품 모델별 이미지 데이터,항해통신용 조선 기자재의 장비 및 설비 제품 모델별 이미지 데이터\n\n∙조선기자재 업체 제품 이미지  디자인 정보 활용\n∙항해통신용 장비 및 설비의 모델별 이미지 디자인 정보 활용,0,EQPMN_NM|IMG_MOD|IMG_SIZE|IMG_SIZE_FMT|IMG_STR_COURS|IMGSRCH_URL|IMGSRCH_SITE|IMG_COLCT_YMD,True,2025-07-15,EQPMN_NM-IMGSRCH_SITE-IMGSRCH_URL-IMG_COLCT_YMD-IMG_MOD-IMG_SIZE-IMG_SIZE_FMT-IMG_STR_COURS,한국해양대학교 산학협력단,해양산업,"CSV, JSON, XML","['선박', '웹크롤링', '조선기자재', '통신', '항해']",산업/기술,해양/수산,선박,"['선박', '웹크롤링', '조선기자재', '통신', '항해']",1452708,7125,1452708.0
bigdata-sea,page_000137.html,-,화물추적 정보,컨테이너화물이 운송되는 경로에 대한 정보\n\n∙화물의 운송과정을 분석하는 자료로 활용,3000000,SN|CRG_NM|CNTNR_NO|VHCLE_NO|LA|LO|LCT_RCPTS_TM|VE|RGSTN_MAN|RGST_DT,True,2025-07-15,CNTNR_NO-CRG_NM-LA-LCT_RCPTS_TM-LO-RGSTN_MAN-RGST_DT-SN-VE-VHCLE_NO,해운항만물류정보협회,해운물류,"CSV, JSON, XML","['물류', '위치', '정보', '추적', '컨테이너', '항만', '해운', '협회', '화물']",소비/유통,상품,물류,"['물류', '위치', '정보', '추적', '컨테이너', '항만', '해운', '협회', '화물']",0,0,0.0
bigdata-sea,page_000138.html,-,화물운송차량위치정보,SmartLo Expresso 서비스를 사용하는 운전자의 휴대전화를 기반으로 취득한 실시간 차량 GPS 정보\n\n∙운송차량 실시간 모니터링 활용\n∙화물 거점별 통계자료 활용,3500000,VHCLE_SN|SN|VHCLE_ID|LA|LO|TM|VE|TRNSO_CNTNR_NO1|TRNSO_CNTNR_NO2|RGSTN_MAN|RGST_DT,True,2025-07-15,LA-LO-RGSTN_MAN-RGST_DT-SN-TM-TRNSO_CNTNR_NO1-TRNSO_CNTNR_NO2-VE-VHCLE_ID-VHCLE_SN,지팬스스마트로,해운물류,"CSV, JSON, XML","['GPS', 'smart', '물류', '스마트로', '운송', '위치', '정보', '지팬스', '차량', '컨테이너', '항만', '화물']",소비/유통,상품,물류,"['GPS', 'smart', '물류', '스마트로', '운송', '위치', '정보', '지팬스', '차량', '컨테이너', '항만', '화물']",0,0,0.0
bigdata-sea,page_000139.html,-,한나라호 선박의 항해 통신 장비/설비 현황 데이터,"한나라호 실습선에 탑재/설치된 항해통신용 장비/설비의 현황 데이터\n\n∙선박기자재(행해통신장비)의 제품 판매, 설치, 개발, 유지보수에 활용",0,VSL_NO|TRNNG_SHP_NAME|MSRM_DTM|PRDCT_NM|IMG_FILE_NM|IMG_COURS,True,2025-07-15,IMG_COURS-IMG_FILE_NM-MSRM_DTM-PRDCT_NM-TRNNG_SHP_NAME-VSL_NO,한국해양대학교 산학협력단,해양산업,"CSV, JSON, XML","['실습선', '장비및설비', '통신', '한나라호', '항해']",산업/기술,해양/수산,실습선,"['실습선', '장비및설비', '통신', '한나라호', '항해']",26819,294,26819.0
bigdata-sea,page_000140.html,-,한바다호 선박의 항해 통신 장비/설비 현황 데이터,"한바다호 실습선에 탑재/설치된 항해통신용 장비/설비의 현황 데이터\n\n∙선박기자재(행해통신장비)의 제품 판매, 설치, 개발, 유지보수에 활용",0,VSL_NO|TRNNG_SHP_NAME|MSRM_DTM|PRDCT_NM|IMG_FILE_NM|IMG_COURS,True,2025-07-15,IMG_COURS-IMG_FILE_NM-MSRM_DTM-PRDCT_NM-TRNNG_SHP_NAME-VSL_NO,한국해양대학교 산학협력단,해양산업,"CSV, JSON, XML","['실습선', '장비및설비', '통신', '한바다호', '항해']",산업/기술,해양/수산,실습선,"['실습선', '장비및설비', '통신', '한바다호', '항해']",22952,211,22952.0
bigdata-sea,page_000141.html,-,한나라호 선박의 기관 설비 기자재 현황 데이터,"한나라호 실습선에 탑재/설치되는 기관 설비/장비의 현황 데이터\n\n∙선박기자재(기관설비)의 제품 판매, 설치, 개발, 유지보수에 활용",0,VSL_NO|TRNNG_SHP_NAME|MSRM_DTM|PRDCT_NM|IMG_FILE_NM|IMG_COURS,True,2025-07-15,IMG_COURS-IMG_FILE_NM-MSRM_DTM-PRDCT_NM-TRNNG_SHP_NAME-VSL_NO,한국해양대학교 산학협력단,해양산업,"CSV, JSON, XML","['기관', '설비', '실습선', '장비', '한나라호']",산업/기술,해양/수산,실습선,"['기관', '설비', '실습선', '장비', '한나라호']",32377,281,32377.0
bigdata-sea,page_000142.html,-,항만 실시간 입출항 데이터,"∙전세계 주요 항구 별 컨테이너 선박 입출항 현황 데이터 \n∙선박이 항만에 입항, 출항한 시간 데이터\n\n∙수출입 기업 및 포워더의 해상화물 출도착 확인을 위한 활용",4000000,PRT_RCRD_NO|MMSI|LCT_INFO_PRDTN_YN|ARRV_PRT_CD|RL_ARVL_YMD|NEXT_RL_DPTRPT_YMD|SHIP_LCT_LA|SHIP_LCT_LO|DTA_RCRD_YMD,True,2025-07-15,ARRV_PRT_CD-DTA_RCRD_YMD-LCT_INFO_PRDTN_YN-MMSI-NEXT_RL_DPTRPT_YMD-PRT_RCRD_NO-RL_ARVL_YMD-SHIP_LCT_LA-SHIP_LCT_LO,울산과학기술원,해운물류,"CSV, JSON, XML","['portcall', '선박입출항현황', '컨테이너터미널스케줄', '해상물류', '화물추적']",소비/유통,상품,물류,"['portcall', '선박입출항현황', '컨테이너터미널스케줄', '해상물류', '화물추적']",299559476,5011218,299559476.0
bigdata-sea,page_000143.html,-,한바다호 선박의 기관 설비 기자재 현황 데이터,"한바다호 실습선에 탑재/설치되는 기관 설비/장비의 현황 데이터\n\n∙선박기자재(기관설비)의 제품 판매, 설치, 개발, 유지보수에 활용",0,VSL_NO|TRNNG_SHP_NAME|MSRM_DTM|PRDCT_NM|IMG_FILE_NM|IMG_COURS,True,2025-07-15,IMG_COURS-IMG_FILE_NM-MSRM_DTM-PRDCT_NM-TRNNG_SHP_NAME-VSL_NO,한국해양대학교 산학협력단,해양산업,"CSV, JSON, XML","['기관', '설비', '실습선', '장비', '한바다호']",산업/기술,해양/수산,실습선,"['기관', '설비', '실습선', '장비', '한바다호']",20770,186,20770.0
bigdata-sea,page_000144.html,-,한나라호 선박의 기관엔진 모터링 데이터,"한나라호 실습선의 기관엔진 상태를 계측한 데이터\n\n∙선박 엔진 개발업체의 기관엔진 설계, 제작, 설치, 유지보수, 기능개선, 고장진단에 활용",0,VSL_NO|TRNNG_SHP_NAME|MSRM_DTM|MSRM_LCT_NM|X_ANGLE_CCLRTN|Y_ANGLE_CCLRTN|Z_ANGLE_CCLRTN|AL_CCLRTN|TMP|HMDT,True,2025-07-15,AL_CCLRTN-HMDT-MSRM_DTM-MSRM_LCT_NM-TMP-TRNNG_SHP_NAME-VSL_NO-X_ANGLE_CCLRTN-Y_ANGLE_CCLRTN-Z_ANGLE_CCLRTN,한국해양대학교 산학협력단,해운물류,"CSV, JSON, XML","['기관엔진', '모니터링', '선박', '실습선', '한나라호']",산업/기술,해양/수산,선박,"['기관엔진', '모니터링', '선박', '실습선', '한나라호']",102521613,1398022,102521613.0
bigdata-sea,page_000145.html,-,한바다호 선박의 기관엔진 모터링 데이터,"한바다호 실습선의 기관엔진 상태를 계측한 데이터\n\n∙선박 엔진 개발업체의 기관엔진 설계, 제작, 설치, 유지보수, 기능개선, 고장진단에 활용",0,VSL_NO|TRNNG_SHP_NAME|MSRM_DTM|MSRM_LCT_NM|X_ANGLE_CCLRTN|Y_ANGLE_CCLRTN|Z_ANGLE_CCLRTN|AL_CCLRTN|TMP|HMDT,True,2025-07-15,AL_CCLRTN-HMDT-MSRM_DTM-MSRM_LCT_NM-TMP-TRNNG_SHP_NAME-VSL_NO-X_ANGLE_CCLRTN-Y_ANGLE_CCLRTN-Z_ANGLE_CCLRTN,한국해양대학교 산학협력단,해운물류,"CSV, JSON, XML","['기관엔진', '모니터링', '선박', '실습선', '한바다호']",산업/기술,해양/수산,선박,"['기관엔진', '모니터링', '선박', '실습선', '한바다호']",80918642,1395149,80918642.0
bigdata-sea,page_000146.html,-,선박운항 빅데이터 항해,"선박에서 수집되는 항해 장비 관련 데이터\n\n∙선박운항 특성을 분석하는 자료로 활용\n∙선박기관 장비의 특성을 분석하는 자료로 활용\n∙해양 기상데이터를 활용하여 선박의 최적항로 분석이나, 운항성능 분석에 활용 가능",4000000,DATA_COLCT_TM|PLT_VE|WTR_VE|PRTNR_WNDRC|PRTNR_WDSP|SHIP_CRS|SH_DRCN|DOW|ME_FO_IN_DENS|ME_FO_IN_TA|ME_TM_PARTY_FO_CQ|ME_RPM|SWTR_TPRT|ME_FO_IN_PRSU|ME_FO_IN_TPRT|ME_JACKET_CLNT_TPRT|ME_JACKET_CLNT_PRSU|ME_CYL1_CLNT_OT|ME_CYL2_CLNT_OT|ME_CYL3_CLNT_OT|ME_CYL4_CLNT_OT|ME_CYL5_CLNT_OT|ME_CYL6_CLNT_OT|ME_SCV_PRSU|ME_SCV_TPRT|ME_CYL1_PCO_OT|ME_CYL2_PCO_OT|ME_CYL3_PCO_OT|ME_CYL4_PCO_OT|ME_CYL5_PCO_OT|ME_CYL6_PCO_OT|ME_LBRCN_IN_TPRT|ME_TC_LBRCN_IN_PRSU|ME_TC_LBRCN_OUT_TPRT|ME_TP_TPRT|ME_CYL2_EG_OT|ME_CYL3_EG_OT|ME_CYL4_EG_OT|ME_CYL5_EG_OT|ME_CYL6_EG_OT|GNRTR1_RPM,True,2025-07-15,DATA_COLCT_TM-DOW-GNRTR1_RPM-ME_CYL1_CLNT_OT-ME_CYL1_PCO_OT-ME_CYL2_CLNT_OT-ME_CYL2_EG_OT-ME_CYL2_PCO_OT-ME_CYL3_CLNT_OT-ME_CYL3_EG_OT-ME_CYL3_PCO_OT-ME_CYL4_CLNT_OT-ME_CYL4_EG_OT-ME_CYL4_PCO_OT-ME_CYL5_CLNT_OT-ME_CYL5_EG_OT-ME_CYL5_PCO_OT-ME_CYL6_CLNT_OT-ME_CYL6_EG_OT-ME_CYL6_PCO_OT-ME_FO_IN_DENS-ME_FO_IN_PRSU-ME_FO_IN_TA-ME_FO_IN_TPRT-ME_JACKET_CLNT_PRSU-ME_JACKET_CLNT_TPRT-ME_LBRCN_IN_TPRT-ME_RPM-ME_SCV_PRSU-ME_SCV_TPRT-ME_TC_LBRCN_IN_PRSU-ME_TC_LBRCN_OUT_TPRT-ME_TM_PARTY_FO_CQ-ME_TP_TPRT-PLT_VE-PRTNR_WDSP-PRTNR_WNDRC-SHIP_CRS-SH_DRCN-SWTR_TPRT-WTR_VE,랩오투원,해운물류,"CSV, JSON, XML","['AIS', '빅데이터', '선박', '선박운항', '온실가스', '해상기상']",산업/기술,해양/수산,해양,"['AIS', '빅데이터', '선박', '선박운항', '온실가스', '해상기상']",0,0,0.0
bigdata-sea,page_000147.html,-,선박운항 빅데이터 기관,"선박에서 수집되는 기관 장비 관련 데이터\n\n∙선박운항 특성을 분석하는 자료로 활용\n∙선박기관 장비의 특성을 분석하는 자료로 활용\n∙해양 기상데이터를 활용하여 선박의 최적항로 분석이나, 운항성능 분석에 활용 가능",4000000,DATA_COLCT_TM|PLT_VE|WTR_VE|PRTNR_WNDRC|PRTNR_WDSP|SHIP_CRS|SH_DRCN|DOW|ME_FO_IN_DENS|ME_FO_IN_TA|ME_TM_PARTY_FO_CQ|ME_RPM|SWTR_TPRT|ME_FO_IN_PRSU|ME_FO_IN_TPRT|ME_JACKET_CLNT_TPRT|ME_JACKET_CLNT_PRSU|ME_CYL1_CLNT_OT|ME_CYL2_CLNT_OT|ME_CYL3_CLNT_OT|ME_CYL4_CLNT_OT|ME_CYL5_CLNT_OT|ME_CYL6_CLNT_OT|ME_SCV_PRSU|ME_SCV_TPRT|ME_CYL1_PCO_OT|ME_CYL2_PCO_OT|ME_CYL3_PCO_OT|ME_CYL4_PCO_OT|ME_CYL5_PCO_OT|ME_CYL6_PCO_OT|ME_LBRCN_IN_TPRT|ME_TC_LBRCN_IN_PRSU|ME_TC_LBRCN_OUT_TPRT|ME_TP_TPRT|ME_CYL2_EG_OT|ME_CYL3_EG_OT|ME_CYL4_EG_OT|ME_CYL5_EG_OT|ME_CYL6_EG_OT|GNRTR1_RPM,True,2025-07-15,DATA_COLCT_TM-DOW-GNRTR1_RPM-ME_CYL1_CLNT_OT-ME_CYL1_PCO_OT-ME_CYL2_CLNT_OT-ME_CYL2_EG_OT-ME_CYL2_PCO_OT-ME_CYL3_CLNT_OT-ME_CYL3_EG_OT-ME_CYL3_PCO_OT-ME_CYL4_CLNT_OT-ME_CYL4_EG_OT-ME_CYL4_PCO_OT-ME_CYL5_CLNT_OT-ME_CYL5_EG_OT-ME_CYL5_PCO_OT-ME_CYL6_CLNT_OT-ME_CYL6_EG_OT-ME_CYL6_PCO_OT-ME_FO_IN_DENS-ME_FO_IN_PRSU-ME_FO_IN_TA-ME_FO_IN_TPRT-ME_JACKET_CLNT_PRSU-ME_JACKET_CLNT_TPRT-ME_LBRCN_IN_TPRT-ME_RPM-ME_SCV_PRSU-ME_SCV_TPRT-ME_TC_LBRCN_IN_PRSU-ME_TC_LBRCN_OUT_TPRT-ME_TM_PARTY_FO_CQ-ME_TP_TPRT-PLT_VE-PRTNR_WDSP-PRTNR_WNDRC-SHIP_CRS-SH_DRCN-SWTR_TPRT-WTR_VE,랩오투원,해운물류,"CSV, JSON, XML","['AIS', '빅데이터', '선박', '선박운항', '온실가스', '해상기상']",산업/기술,해양/수산,해양,"['AIS', '빅데이터', '선박', '선박운항', '온실가스', '해상기상']",0,0,0.0
bigdata-sea,page_000148.html,-,한나라호 선박의 안전진단용 흘수선 측정 데이터,한나라호 실습선의 정박시 선체 안전진단용 흘수선 측정 데이터\n\n∙선박의 안전운항 서비스 제공에 활용\n∙선박의 운항경로 분석을 통한 경제운항 서비스 제공에 활용\n∙선체 안전진단 서비스에 활용,0,MSRM_DTM|TRNNG_SHP_NAME|VSL_NO|SH_DRAFT|SS_DRAFT|SML_DRAFT|SMR_DRAFT,True,2025-07-15,MSRM_DTM-SH_DRAFT-SML_DRAFT-SMR_DRAFT-SS_DRAFT-TRNNG_SHP_NAME-VSL_NO,한국해양대학교 산학협력단,해사안전,"CSV, JSON, XML","['선체', '실습선', '안전진단', '한나라호', '흘수선']",산업/기술,해양/수산,선박,"['선체', '실습선', '안전진단', '한나라호', '흘수선']",2609356,33123,2609356.0
bigdata-sea,page_000149.html,-,선박 온실가스 배출데이터,"국제 온실가스 배출 데이터\n\n∙선박운항 특성을 분석하는 자료로 활용\n∙선박기관 장비의 특성을 분석하는 자료로 활용\n∙해양 기상데이터를 활용하여 선박의 최적항로 분석이나, 운항성능 분석에 활용 가능",1000000,DB_INSD_ID|SHIP_DSTNT_USAG_KEY|CALL_SGN_VL|SHIP_NM|EVEN_KEY_VL|EVEN_NM|EVEN_STTUS|DATA_VALID_YN|EVEN_DOC_VER|EVEN_DOC_RGSTN_YMD|EVEN_DOC_UPDATE_YMD|DOC_STTUS|RUN_TM_SECND|RUN_TM|BNKOL_TYPE|ENGNR_TYPE|SHIP_TYPE|RGLTN_TYPE|FRGHT_STTUS_CHANGE_YN|OIL_RSQNT_UPDATE_YN|FO_KIND_CHANGE_YN|FO_USQNT_CHANGE_YN|SPCE_STTUS|VOYG_NO|LEG_NO|DSL_GNRSYS_OIL_RSQNT|DSOL_RSQNT|MGO_RSQNT|HFO_RSQNT|LNG_RSQNT|LSFO_RSQNT|ULSFO_RSQNT|ULSMGO_RSQNT|ME_CYL_OIL_RSQNT|ME_LSLPHR_CYL_OIL_RSQNT|ME_SSTM_OIL_RSQNT|GNRTR_CYL_OIL_RSQNT|GNSYS_OIL_RSQNT|MAIN_TBNSYS_OIL_RSQNT|TBN_GNSYS_OIL_RSQNT|NOW_LCT_PRT_CD|NOW_LCT_PRT_NM|NOW_LCT_PRT_EU_YN|NOW_LCT_LA|NOW_LCT_LO|NOW_LCT_PRT_ID|NOW_LCT_NTN_NM|NOW_LCT_ZNTM|DTNT_PRT_ID|DTNT_PRT_CD|DTNT_PRT_NM|DTNT_PRT_ZNTM|DTNT_PRT_NTN_NM|DTNT_PRT_LA|DTNT_PRT_LO|DTNT_PRT_AREX_YMD|DTNT_PRT_AREX_YMD_UTC|SAD_HFO_QTY|SAD_HFO_SPCNT_QTY|SAD_HFO_DENS|SAD_HFO_VSCST|SAD_LSFO_QTY|SAD_LSFO_SPCNT_QTY|SAD_LSFO_DENS|SAD_LSFO_VSCST|SAD_ULSFO_QTY|SAD_ULSFO_SPCNT_QTY|SAD_ULSFO_DENS|SAD_ULSFO_VSCST|SAD_DSOL_QTY|SAD_DSOL_SPCNT_QTY|SAD_DSOL_DENS|SAD_DSOL_VSCST|SAD_MGO_QTY|SAD_MGO_SPCNT_QTY|SAD_MGO_DENS|SAD_MGO_VSCST|SAD_ULSMGO_QTY|SAD_ULSMGO_SPCNT_QTY|SAD_ULSMGO_DENS|SAD_ULSMGO_VSCST|SAD_LNG_QTY|SAD_LNG_SPCNT_QTY|SAD_LNG_DENS|SAD_LNG_VSCST|SAD_ME_CYL_OLQT|SAD_ME_LSLPHR_CYL_OLQT|SAD_ME_SSTM_OLQT|SAD_GNRTR_CYL_OLQT|SAD_GNSYS_OLQT|SAD_MAIN_TBNSYS_OLQT|SAD_TBN_GNSYS_OLQT|SAD_DSL_GNSYS_OLQT|DBNKG_HFO_QTY|DBNKG_LSFO_QTY|DBNKG_ULSFO_QTY|DBNKG_DSOL_QTY|DBNKG_MGO_QTY|DBNKG_ULSMGO_QTY|DBNKG_LNG_QTY|DBNKG_ME_CYL_OLQT|DBNKG_ME_LSLPHR_CYL_OLQT|DBNKG_ME_SSTM_OLQT|DBNKG_GNRTR_CYL_OLQT|DBNKG_GNSYS_OLQT|DBNKG_MAIN_TBNSYS_OLQT|DBNKG_TBN_GNSYS_OLQT|DBNKG_DSL_GNSYS_OLQT|FRSWT_PRDCT_QTY|FRSWT_CNSMP_QTY|FRSWT_RSQNT|ERD_FRSWT_QTY|GRBG_IMP_QTY|SLDG_IMP_QTY|FRGHT_OPRT_BGN_YMD|FRGHT_OPRT_END_YMD|FRGHT_OPRT_BGN_YMD_UTC|FRGHT_OPRT_END_YMD_UTC|SHIP_OUTPUT_STTUS|AL_FRGHT_QTY|FRGHT_VOLM_VL|SH_DRAFT|SS_DRAFT|SM_DRAFT|SH_DRAFT_SS_DRAFT|DRNGE_QTY|MH|BLSTWT_QTY|RMNDR_20FT_EMCTN_CNT|RMNDR_20FT_FLCTN_CNT|RMNDR_40FT_EMCTN_CNT|RMNDR_40FT_FLCTN_CNT|RMNDR_HC_EMCTN_CNT|RMNDR_HC_FLCTN_CNT|IMP_20FT_EMCTN_CNT|IMP_20FT_FLCTN_CNT|IMP_40FT_EMCTN_CNT|IMP_40FT_FLCTN_CNT|IMP_HC_EMCTN_CNT|IMP_HC_FLCTN_CNT|LDNG_20FT_EMCTN_CNT|LDNG_20FT_FLCTN_CNT|LDNG_40FT_EMCTN_CNT|LDNG_40FT_FLCTN_CNT|LDNG_HC_EMCTN_CNT|LDNG_HC_FLCTN_CNT,True,2025-07-15,AL_FRGHT_QTY-BLSTWT_QTY-BNKOL_TYPE-CALL_SGN_VL-DATA_VALID_YN-DBNKG_DSL_GNSYS_OLQT-DBNKG_DSOL_QTY-DBNKG_GNRTR_CYL_OLQT-DBNKG_GNSYS_OLQT-DBNKG_HFO_QTY-DBNKG_LNG_QTY-DBNKG_LSFO_QTY-DBNKG_MAIN_TBNSYS_OLQT-DBNKG_ME_CYL_OLQT-DBNKG_ME_LSLPHR_CYL_OLQT-DBNKG_ME_SSTM_OLQT-DBNKG_MGO_QTY-DBNKG_TBN_GNSYS_OLQT-DBNKG_ULSFO_QTY-DBNKG_ULSMGO_QTY-DB_INSD_ID-DOC_STTUS-DRNGE_QTY-DSL_GNRSYS_OIL_RSQNT-DSOL_RSQNT-DTNT_PRT_AREX_YMD-DTNT_PRT_AREX_YMD_UTC-DTNT_PRT_CD-DTNT_PRT_ID-DTNT_PRT_LA-DTNT_PRT_LO-DTNT_PRT_NM-DTNT_PRT_NTN_NM-DTNT_PRT_ZNTM-ENGNR_TYPE-ERD_FRSWT_QTY-EVEN_DOC_RGSTN_YMD-EVEN_DOC_UPDATE_YMD-EVEN_DOC_VER-EVEN_KEY_VL-EVEN_NM-EVEN_STTUS-FO_KIND_CHANGE_YN-FO_USQNT_CHANGE_YN-FRGHT_OPRT_BGN_YMD-FRGHT_OPRT_BGN_YMD_UTC-FRGHT_OPRT_END_YMD-FRGHT_OPRT_END_YMD_UTC-FRGHT_STTUS_CHANGE_YN-FRGHT_VOLM_VL-FRSWT_CNSMP_QTY-FRSWT_PRDCT_QTY-FRSWT_RSQNT-GNRTR_CYL_OIL_RSQNT-GNSYS_OIL_RSQNT-GRBG_IMP_QTY-HFO_RSQNT-IMP_20FT_EMCTN_CNT-IMP_20FT_FLCTN_CNT-IMP_40FT_EMCTN_CNT-IMP_40FT_FLCTN_CNT-IMP_HC_EMCTN_CNT-IMP_HC_FLCTN_CNT-LDNG_20FT_EMCTN_CNT-LDNG_20FT_FLCTN_CNT-LDNG_40FT_EMCTN_CNT-LDNG_40FT_FLCTN_CNT-LDNG_HC_EMCTN_CNT-LDNG_HC_FLCTN_CNT-LEG_NO-LNG_RSQNT-LSFO_RSQNT-MAIN_TBNSYS_OIL_RSQNT-ME_CYL_OIL_RSQNT-ME_LSLPHR_CYL_OIL_RSQNT-ME_SSTM_OIL_RSQNT-MGO_RSQNT-MH-NOW_LCT_LA-NOW_LCT_LO-NOW_LCT_NTN_NM-NOW_LCT_PRT_CD-NOW_LCT_PRT_EU_YN-NOW_LCT_PRT_ID-NOW_LCT_PRT_NM-NOW_LCT_ZNTM-OIL_RSQNT_UPDATE_YN-RGLTN_TYPE-RMNDR_20FT_EMCTN_CNT-RMNDR_20FT_FLCTN_CNT-RMNDR_40FT_EMCTN_CNT-RMNDR_40FT_FLCTN_CNT-RMNDR_HC_EMCTN_CNT-RMNDR_HC_FLCTN_CNT-RUN_TM-RUN_TM_SECND-SAD_DSL_GNSYS_OLQT-SAD_DSOL_DENS-SAD_DSOL_QTY-SAD_DSOL_SPCNT_QTY-SAD_DSOL_VSCST-SAD_GNRTR_CYL_OLQT-SAD_GNSYS_OLQT-SAD_HFO_DENS-SAD_HFO_QTY-SAD_HFO_SPCNT_QTY-SAD_HFO_VSCST-SAD_LNG_DENS-SAD_LNG_QTY-SAD_LNG_SPCNT_QTY-SAD_LNG_VSCST-SAD_LSFO_DENS-SAD_LSFO_QTY-SAD_LSFO_SPCNT_QTY-SAD_LSFO_VSCST-SAD_MAIN_TBNSYS_OLQT-SAD_ME_CYL_OLQT-SAD_ME_LSLPHR_CYL_OLQT-SAD_ME_SSTM_OLQT-SAD_MGO_DENS-SAD_MGO_QTY-SAD_MGO_SPCNT_QTY-SAD_MGO_VSCST-SAD_TBN_GNSYS_OLQT-SAD_ULSFO_DENS-SAD_ULSFO_QTY-SAD_ULSFO_SPCNT_QTY-SAD_ULSFO_VSCST-SAD_ULSMGO_DENS-SAD_ULSMGO_QTY-SAD_ULSMGO_SPCNT_QTY-SAD_ULSMGO_VSCST-SHIP_DSTNT_USAG_KEY-SHIP_NM-SHIP_OUTPUT_STTUS-SHIP_TYPE-SH_DRAFT-SH_DRAFT_SS_DRAFT-SLDG_IMP_QTY-SM_DRAFT-SPCE_STTUS-SS_DRAFT-TBN_GNSYS_OIL_RSQNT-ULSFO_RSQNT-ULSMGO_RSQNT-VOYG_NO,랩오투원,해운물류,"CSV, JSON, XML","['AIS', '배출데이터', '선박', '선박운항', '온실가스', '해상기상']",산업/기술,해양/수산,해양,"['AIS', '배출데이터', '선박', '선박운항', '온실가스', '해상기상']",10552315,84194,10552315.0
bigdata-sea,page_000150.html,-,선박의 안전운항을 위한 양식장 위성 데이터,박의 안전운항을 위한 양식장 위성영상 데이터\n\n∙선박의 안전운항 서비스 제공에 활용\n∙선박의 운항경로 분석을 통한 경제운항 서비스 제공에 활용,0,LA|LO|RSOLTN_X|RSOLTN_Y|STLIMG_DT|STLIMG_BND|TIF_FILE_NM|FILE_STR_COURS,True,2025-07-15,FILE_STR_COURS-LA-LO-RSOLTN_X-RSOLTN_Y-STLIMG_BND-STLIMG_DT-TIF_FILE_NM,한국해양대학교 산학협력단,해사안전,"CSV, JSON, XML","['부산', '선박', '안전운항', '양식장', '위성영상']",산업/기술,해양/수산,어업,"['부산', '선박', '안전운항', '양식장', '위성영상']",5105,62,5105.0
bigdata-sea,page_000151.html,-,글로벌 해양기상정보,"해양바람정보\n\n∙선박운항 특성을 분석하는 자료로 활용\n∙선박기관 장비의 특성을 분석하는 자료로 활용\n∙해양 기상데이터를 활용하여 선박의 최적항로 분석이나, 운항성능 분석에 활용 가능",500000,WDSP_SCLR_X_VL|WDSP_SCLR_Y_VL|WDSP|WNDRC|DATA_INP_TM|LA|LO|BFRT_WDFC_SCL,True,2025-07-15,BFRT_WDFC_SCL-DATA_INP_TM-LA-LO-WDSP-WDSP_SCLR_X_VL-WDSP_SCLR_Y_VL-WNDRC,랩오투원,해양환경,"CSV, JSON, XML","['AIS\\', '글로벌', '기상정보', '선박', '선박운항', '온실가스', '해상기상']",산업/기술,해양/수산,해양,"['AIS\\', '글로벌', '기상정보', '선박', '선박운항', '온실가스', '해상기상']",0,0,0.0
bigdata-sea,page_000152.html,-,선박의 안전운항을 위한 양식장 경계 데이터,선박의 안전운항을 위한 양식장경계 정보를 포함한 데이터\n\n∙선박의 안전운항 서비스 제공에 활용\n∙선박의 운항경로 분석을 통한 경제운항 서비스 제공에 활용,0,LA|LO|STLIMG_DT|ADDR|FRM_AR|SPCIES_NM|JPG_FILE_NM|PRJ_FILE_NM|SHP_FILE_NM|SHX_FILE_NM|FILE_STR_COURS,True,2025-07-15,ADDR-FILE_STR_COURS-FRM_AR-JPG_FILE_NM-LA-LO-PRJ_FILE_NM-SHP_FILE_NM-SHX_FILE_NM-SPCIES_NM-STLIMG_DT,한국해양대학교 산학협력단,해사안전,"CSV, JSON, XML","['부산', '선박', '안전운항', '양식장경계정보', '위성영상']",산업/기술,해양/수산,어업,"['부산', '선박', '안전운항', '양식장경계정보', '위성영상']",3205440,42930,3205440.0
bigdata-sea,page_000153.html,-,글로벌 해양파랑정보,"해양파랑정보\n\n∙선박운항 특성을 분석하는 자료로 활용\n∙선박기관 장비의 특성을 분석하는 자료로 활용\n∙해양 기상데이터를 활용하여 선박의 최적항로 분석이나, 운항성능 분석에 활용 가능",500000,TOT_WV_HGHT|TOT_WV_DRCN|TOT_WV_CYCL|WV_HGHT|WV_DRCN|WV_CYCL|SWLL_HGHT|SWLL_DRCN|SWLL_CYCL|DATA_INP_TM|LA|LO|BFRT_WDFC_SCL,True,2025-07-15,BFRT_WDFC_SCL-DATA_INP_TM-LA-LO-SWLL_CYCL-SWLL_DRCN-SWLL_HGHT-TOT_WV_CYCL-TOT_WV_DRCN-TOT_WV_HGHT-WV_CYCL-WV_DRCN-WV_HGHT,랩오투원,해양환경,"CSV, JSON, XML","['AIS', '글로벌', '선박', '선박운항', '온실가스', '파랑정보', '해상기상']",산업/기술,해양/수산,해양,"['AIS', '글로벌', '선박', '선박운항', '온실가스', '파랑정보', '해상기상']",0,0,0.0
bigdata-sea,page_000154.html,-,선박의 안전운항을 위한 양식장 메타 데이터,선박의 안전운항을 위한 양식장의 메타 데이터\n\n∙선박의 안전운항 서비스 제공에 활용\n∙선박의 운항경로 분석을 통한 경제운항 서비스 제공에 활용,0,LA|LO|STLIMG_DT|ADDR|FRM_AR|SPCIES_NM|IMG_FILE_NM|IMG_STR_COURS,True,2025-07-15,ADDR-FRM_AR-IMG_FILE_NM-IMG_STR_COURS-LA-LO-SPCIES_NM-STLIMG_DT,한국해양대학교 산학협력단,해사안전,"CSV, JSON, XML","['부산', '선박', '안전운항', '양식장메타데이터', '위성영상']",산업/기술,해양/수산,해양,"['부산', '선박', '안전운항', '양식장메타데이터', '위성영상']",2669316,35174,2669316.0
bigdata-sea,page_000155.html,-,글로벌 해양조류정보,"해양조류정보\n\n∙선박운항 특성을 분석하는 자료로 활용\n∙선박기관 장비의 특성을 분석하는 자료로 활용\n∙해양 기상데이터를 활용하여 선박의 최적항로 분석이나, 운항성능 분석에 활용 가능",500000,DATA_INP_TM|LA|LO|BFRT_WDFC_SCL|TDLCRT_SCLR_X_VL|TDLCRT_SCLR_Y_VL|TDLCRT_VE|TDLCRT_DRCN,True,2025-07-15,BFRT_WDFC_SCL-DATA_INP_TM-LA-LO-TDLCRT_DRCN-TDLCRT_SCLR_X_VL-TDLCRT_SCLR_Y_VL-TDLCRT_VE,랩오투원,해양환경,"CSV, JSON, XML","['AIS', '글로벌', '선박', '선박운항', '온실가스', '조류정보', '해상기상']",산업/기술,해양/수산,해양,"['AIS', '글로벌', '선박', '선박운항', '온실가스', '조류정보', '해상기상']",0,0,0.0
bigdata-sea,page_000156.html,-,한나라호 선박의 기관실 공간환경 모니터링 데이터,"한나라호의 실습선의 기관실 공간환경 정보 데이터\n\n∙승선원 근무환경 개선을 위한 환경정보 분석에 활용\n∙선박의 주요 공간정보 분석을 통한 관련 기자재 설치, 유지보수, 개선에 활용",0,VSL_NO|TRNNG_SHP_NAME|MSRM_DTM|MSRM_LCT_NM|TMP|HMDT|PFBS_NTRO_CBDX_CTRN|PFBS_NTRO_VLATL_ONCCP_CTRN|PFBS_NTRO_UFNDS_CTRN|PFBS_NTRO_FNPM_CTRN|PFBS_NTRO_FNDS_CTRN,True,2025-07-15,HMDT-MSRM_DTM-MSRM_LCT_NM-PFBS_NTRO_CBDX_CTRN-PFBS_NTRO_FNDS_CTRN-PFBS_NTRO_FNPM_CTRN-PFBS_NTRO_UFNDS_CTRN-PFBS_NTRO_VLATL_ONCCP_CTRN-TMP-TRNNG_SHP_NAME-VSL_NO,한국해양대학교 산학협력단,해사안전,"CSV, JSON, XML","['공간환경', '기관실', '모니터링', '실습선', '한나라호']",산업/기술,해양/수산,실습선,"['공간환경', '기관실', '모니터링', '실습선', '한나라호']",52727002,826730,52727002.0
bigdata-sea,page_000157.html,-,글로벌 해양수온정보,"해양수온정보\n\n∙선박운항 특성을 분석하는 자료로 활용\n∙선박기관 장비의 특성을 분석하는 자료로 활용\n∙해양 기상데이터를 활용하여 선박의 최적항로 분석이나, 운항성능 분석에 활용 가능",500000,ARPLT_TPRT|SL_TPRT|DATA_INP_TM|LA|LO|BFRT_WDFC_SCL,True,2025-07-15,ARPLT_TPRT-BFRT_WDFC_SCL-DATA_INP_TM-LA-LO-SL_TPRT,랩오투원,해양환경,"CSV, JSON, XML","['AIS', '글로벌', '선박', '선박운항', '수온정보', '온실가스', '해상기상']",산업/기술,해양/수산,해양,"['AIS', '글로벌', '선박', '선박운항', '수온정보', '온실가스', '해상기상']",0,0,0.0
bigdata-sea,page_000158.html,-,한나라호 선박의 브리지 공간환경 모니터링 데이터,"한나라호의 실습선의 브리지 공간환경 정보 데이터\n\n∙승선원 근무환경 개선을 위한 환경정보 분석에 활용\n∙선박의 주요 공간정보 분석을 통한 관련 기자재 설치, 유지보수, 개선에 활용",0,VSL_NO|TRNNG_SHP_NAME|MSRM_DTM|MSRM_LCT_NM|TMP|HMDT|PFBS_NTRO_CBDX_CTRN|PFBS_NTRO_VLATL_ONCCP_CTRN|PFBS_NTRO_UFNDS_CTRN|PFBS_NTRO_FNPM_CTRN|PFBS_NTRO_FNDS_CTRN,True,2025-07-15,HMDT-MSRM_DTM-MSRM_LCT_NM-PFBS_NTRO_CBDX_CTRN-PFBS_NTRO_FNDS_CTRN-PFBS_NTRO_FNPM_CTRN-PFBS_NTRO_UFNDS_CTRN-PFBS_NTRO_VLATL_ONCCP_CTRN-TMP-TRNNG_SHP_NAME-VSL_NO,한국해양대학교 산학협력단,해사안전,"CSV, JSON, XML","['공간환경', '모니터링', '브리지', '실습선', '한나라호']",산업/기술,해양/수산,실습선,"['공간환경', '모니터링', '브리지', '실습선', '한나라호']",59901937,897034,59901937.0
bigdata-sea,page_000159.html,-,글로벌 해양염도정보,"해양염도정보\n\n∙선박운항 특성을 분석하는 자료로 활용\n∙선박기관 장비의 특성을 분석하는 자료로 활용\n∙해양 기상데이터를 활용하여 선박의 최적항로 분석이나, 운항성능 분석에 활용 가능",500000,SL_SLNTY|DATA_INP_TM|LA|LO|BFRT_WDFC_SCL,True,2025-07-15,BFRT_WDFC_SCL-DATA_INP_TM-LA-LO-SL_SLNTY,랩오투원,해양환경,"CSV, JSON, XML","['AIS', '글로벌', '선박', '선박운항', '염도정보', '온실가스', '해상기상']",산업/기술,해양/수산,해양,"['AIS', '글로벌', '선박', '선박운항', '염도정보', '온실가스', '해상기상']",0,0,0.0
bigdata-sea,page_000160.html,-,조선기자재 장비 및 설비의 제품 사양 및 가격정보,"조선 기자재 장비 및 설비 제품 사양 및 가격정보 현황 데이터\n\n∙선박에 설치된 조선기자재 장비 및 설비의 설치, 유지보수, 교체 및 진단 개선에 활용",0,PRDCT_NM|PRDCT_AMT|PRDCT_PURC_URL|SRC|DATA_COLCT_TM|PRDCT_CONT,True,2025-07-15,DATA_COLCT_TM-PRDCT_AMT-PRDCT_CONT-PRDCT_NM-PRDCT_PURC_URL-SRC,한국해양대학교 산학협력단,해양산업,"CSV, JSON, XML","['가격정보', '가자재', '웹크롤링', '제품사양', '조선']",산업/기술,해양/수산,선박,"['가격정보', '가자재', '웹크롤링', '제품사양', '조선']",2911050,5873,2911050.0
bigdata-sea,page_000161.html,-,글로벌 해양기압정보,"해양기압정보\n\n∙선박운항 특성을 분석하는 자료로 활용\n∙선박기관 장비의 특성을 분석하는 자료로 활용\n∙해양 기상데이터를 활용하여 선박의 최적항로 분석이나, 운항성능 분석에 활용 가능",500000,SL_PRSU|AVE_SL_PRSU|DATA_INP_TM|LA|LO|BFRT_WDFC_SCL,True,2025-07-15,AVE_SL_PRSU-BFRT_WDFC_SCL-DATA_INP_TM-LA-LO-SL_PRSU,랩오투원,해양환경,"CSV, JSON, XML","['AIS', '글로벌', '기압정보', '선박', '선박운항', '온실가스', '해상기상']",산업/기술,해양/수산,해양,"['AIS', '글로벌', '기압정보', '선박', '선박운항', '온실가스', '해상기상']",0,0,0.0
bigdata-sea,page_000162.html,-,한나라호선박 구조물 피로도 모니터링 데이터,"한나라호 선박 구조물의 압력, 진동, 외충격, 온도 변화 측정 데이터\n\n∙선박의 안전운항 서비스 제공에 활용\n∙선박의 운항경로 분석을 통한 경제운항 서비스 제공에 활용",0,VSL_NO|TRNNG_SHP_NAME|MSRM_DTM|MSRM_LCT_NM|X_ANGLE_CCLRTN|Y_ANGLE_CCLRTN|Z_ANGLE_CCLRTN|AL_CCLRTN|TMP|HMDT|STRSS,True,2025-07-15,AL_CCLRTN-HMDT-MSRM_DTM-MSRM_LCT_NM-STRSS-TMP-TRNNG_SHP_NAME-VSL_NO-X_ANGLE_CCLRTN-Y_ANGLE_CCLRTN-Z_ANGLE_CCLRTN,한국해양대학교 산학협력단,해운물류,"CSV, JSON, XML","['구조물피로도', '모니터링', '실습선', '외충격', '한나라호']",산업/기술,해양/수산,선박,"['구조물피로도', '모니터링', '실습선', '외충격', '한나라호']",28478580,474643,28478580.0
bigdata-sea,page_000163.html,-,글로벌 태풍정보,"세계태풍정보\n\n∙선박운항 특성을 분석하는 자료로 활용\n∙선박기관 장비의 특성을 분석하는 자료로 활용\n∙해양 기상데이터를 활용하여 선박의 최적항로 분석이나, 운항성능 분석에 활용 가능",500000,TYPHN_NM|DATA_INP_TM|TYPHN_LCT_LO|TYPHN_LCT_LA|TYPHN_VPRS|TYPHN_WDSP,True,2025-07-15,DATA_INP_TM-TYPHN_LCT_LA-TYPHN_LCT_LO-TYPHN_NM-TYPHN_VPRS-TYPHN_WDSP,랩오투원,해사안전,"CSV, JSON, XML","['AIS', '글로벌', '선박', '선박운항', '온실가스', '태풍정보', '해상기상']",산업/기술,해양/수산,해양,"['AIS', '글로벌', '선박', '선박운항', '온실가스', '태풍정보', '해상기상']",6701156,152299,6701156.0
bigdata-sea,page_000164.html,-,한바다호선박 구조물 피로도 모니터링 데이터,"한바다호 선박 구조물의 압력, 진동, 외충격, 온도 변화를 측정 데이터\n\n∙선박의 안전운항 서비스 제공에 활용\n∙선박의 운항경로 분석을 통한 경제운항 서비스 제공에 활용",0,VSL_NO|TRNNG_SHP_NAME|MSRM_DTM|MSRM_LCT_NM|X_ANGLE_CCLRTN|Y_ANGLE_CCLRTN|Z_ANGLE_CCLRTN|AL_CCLRTN|TMP|HMDT|STRSS,True,2025-07-15,AL_CCLRTN-HMDT-MSRM_DTM-MSRM_LCT_NM-STRSS-TMP-TRNNG_SHP_NAME-VSL_NO-X_ANGLE_CCLRTN-Y_ANGLE_CCLRTN-Z_ANGLE_CCLRTN,한국해양대학교 산학협력단,해운물류,"CSV, JSON, XML","['구조물피로도', '모니터링', '실습선', '외충격', '한바다호']",산업/기술,해양/수산,해양,"['구조물피로도', '모니터링', '실습선', '외충격', '한바다호']",46972083,796137,46972083.0
bigdata-sea,page_000166.html,-,AIS 선박위치 데이터,"선박에서 수집한 선박 위치정보\n\n∙선박운항 특성을 분석하는 자료로 활용\n∙선박기관 장비의 특성을 분석하는 자료로 활용\n∙해양 기상데이터를 활용하여 선박의 최적항로 분석이나, 운항성능 분석에 활용 가능",1000000,DB_INSD_ID|SHIP_DSTNT_USAG_KEY_VL|MMSI|SHIP_NM|IMO_NO|DATA_OGN|DATA_COLCT_TM|DATA_CALL_TM|DATA_CALL_COLCT_TM_DFFRC|SLNG_STTUS|AVE_VE|SHIP_CRS|SH_DRCN|DRAFT|DTNT_NM|ARVL_PREARNGE_TM|LCT_INDCT_FORM|LA|LO,True,2025-07-15,ARVL_PREARNGE_TM-AVE_VE-DATA_CALL_COLCT_TM_DFFRC-DATA_CALL_TM-DATA_COLCT_TM-DATA_OGN-DB_INSD_ID-DRAFT-DTNT_NM-IMO_NO-LA-LCT_INDCT_FORM-LO-MMSI-SHIP_CRS-SHIP_DSTNT_USAG_KEY_VL-SHIP_NM-SH_DRCN-SLNG_STTUS,랩오투원,항만운영,"CSV, JSON, XML","['AIS', 'AIS데이터', '선박', '선박운항', '온실가스', '위성', '해상기상']",산업/기술,해양/수산,선박,"['AIS', 'AIS데이터', '선박', '선박운항', '온실가스', '위성', '해상기상']",3252518667,9721909,3252518667.0
bigdata-sea,page_000170.html,-,어선 검사 신청 내역,어선 선박 검사 신청 내역 정보\n\n∙어선 선박 검사 신청 이력 조회,0,EXAM_REQYEST_YR|EXAM_REQYEST_NO|EXAM_REQYEST_YMD|EXAM_REQYEST_TYPE|EXAM_BHF|EXAM_RECPT,True,2025-07-15,EXAM_BHF-EXAM_RECPT-EXAM_REQYEST_NO-EXAM_REQYEST_TYPE-EXAM_REQYEST_YMD-EXAM_REQYEST_YR,한국해양교통안전공단,해사안전,"CSV, JSON, XML","['검사지사', '어선', '어선검사', '어선사진', '하한국해양교통안전공단']",산업/기술,해양/수산,어선정보,"['검사지사', '어선', '어선검사', '어선사진', '하한국해양교통안전공단']",43005225,1273181,43005225.0
bigdata-sea,page_000171.html,-,선박용 물건 검사 내역,선박용물건에 대한 예비검사신청서 처리 데이터\n\n∙선박용물건의 상세 항목 정보 및 수량 이력 조회,0,THNG_ITEM|EXAM_BHF|RECPT_YMD|QTY|UNIT,True,2025-07-15,EXAM_BHF-QTY-RECPT_YMD-THNG_ITEM-UNIT,한국해양교통안전공단,해사안전,"CSV, JSON, XML","['물품검사', '선박물품', '선박용물건', '한국해양교통안전공단']",산업/기술,해양/수산,선박,"['물품검사', '선박물품', '선박용물건', '한국해양교통안전공단']",25353970,817870,25353970.0
bigdata-sea,page_000172.html,-,어선 기관 마력 데이터,선박검사신청서 처리내역 중 2톤 미만의 어선 기관에 대한 출력 데이터\n\n∙어선의 세부 기관에 대한 사양과 기관 출력 정보 조회,0,ME_KIND|ME_CNT|ME_OUTPUT_KW|ME_OUTPUT_PS|TOT_TN|SHIP_PRPS|SHIP_DETL_PRPS|SHIP_QLFMT|LNCH_YMD,True,2025-07-15,LNCH_YMD-ME_CNT-ME_KIND-ME_OUTPUT_KW-ME_OUTPUT_PS-SHIP_DETL_PRPS-SHIP_PRPS-SHIP_QLFMT-TOT_TN,한국해양교통안전공단,해사안전,"CSV, JSON, XML","['어선기관', '어선마력', '주기관', '한국해양교통안전공단']",산업/기술,해양/수산,어선정보,"['어선기관', '어선마력', '주기관', '한국해양교통안전공단']",2392082,93198,2392082.0
bigdata-sea,page_000173.html,-,내항 여객선 월별 운항통제 데이터,"내항 여객선 월별 운항통제 정보 데이터\n\n∙안전대책마련, 해양분야 각종 통계자료 등 활용 가능한 여객선 월별 운항 통제 데이터",0,YR|MNTH|JU_BHF_NM|SR_NO|SR_NM|CTRL_TYPHN|CTRL_WDWV_WRNNG|CTRL_WDWV_ADV|CNTRL_DTRT_WR|CTRL_FOG|CTRL_ETC|SOS_INSPCT|SOS_MNTNC|SOS_ETC,True,2025-07-15,CNTRL_DTRT_WR-CTRL_ETC-CTRL_FOG-CTRL_TYPHN-CTRL_WDWV_ADV-CTRL_WDWV_WRNNG-JU_BHF_NM-MNTH-SOS_ETC-SOS_INSPCT-SOS_MNTNC-SR_NM-SR_NO-YR,한국해양교통안전공단,해운물류,"CSV, JSON, XML","['관할지사', '내항객선', '운항통제', '한국해양교통안전공단', '항로', '휴항']",산업/기술,해양/수산,해양,"['관할지사', '내항객선', '운항통제', '한국해양교통안전공단', '항로', '휴항']",49516,3683,49516.0
bigdata-sea,page_000174.html,-,내항 여객선 항로 통항선박 데이터,"내항 여객선 항로 세부 정보\n\n∙항해계획 수립, 안전대책 마련 등의 업무시 활용",0,JU_BHF_NM|SR_NM|SR_CD|SR_SCTN_NO|SR_SCTN_NM|MAIN_SLNG_SHIP_SN_1|MAIN_SLNG_SHIP_TYPE_1|MAIN_SLNG_SHIP_SN_2|MAIN_SLNG_SHIP_TYPE_2|MAIN_SLNG_SHIP_SN_3|MAIN_SLNG_SHIP_TYPE_3|SR_CHRT_PHOTO_FILE_NM,True,2025-07-15,JU_BHF_NM-MAIN_SLNG_SHIP_SN_1-MAIN_SLNG_SHIP_SN_2-MAIN_SLNG_SHIP_SN_3-MAIN_SLNG_SHIP_TYPE_1-MAIN_SLNG_SHIP_TYPE_2-MAIN_SLNG_SHIP_TYPE_3-SR_CD-SR_CHRT_PHOTO_FILE_NM-SR_NM-SR_SCTN_NM-SR_SCTN_NO,한국해양교통안전공단,해운물류,"CSV, JSON, XML","['\t한국해양교통안전공단', '내항여객선항로', '여객선항로', '통항선박', '항로구간', '항로코드']",산업/기술,해양/수산,해양,"['\t한국해양교통안전공단', '내항여객선항로', '여객선항로', '통항선박', '항로구간', '항로코드']",3208,165,3208.0
bigdata-sea,page_000175.html,-,내항 여객선 항로 조류 데이터,"내항 여객선 항로의 상세 조류 정보\n\n∙항해계획 수립, 안전대책 마련 등의 업무시 활용",0,JU_BHF_NM|SR_NM|SR_SCTN_NO|SR_SCTN_NM|MAX_FLCRT_DRCN|MAX_FLCRT_FLWRT|MAX_EBCRT_DRCN|MAX_EBCRT_FLWRT,True,2025-07-15,JU_BHF_NM-MAX_EBCRT_DRCN-MAX_EBCRT_FLWRT-MAX_FLCRT_DRCN-MAX_FLCRT_FLWRT-SR_NM-SR_SCTN_NM-SR_SCTN_NO,한국해양교통안전공단,해운물류,"CSV, JSON, XML","['내항여객선항로', '여객선항로', '조류', '한국해양교통안전공단', '항로구간', '항로명칭']",산업/기술,해양/수산,해양,"['내항여객선항로', '여객선항로', '조류', '한국해양교통안전공단', '항로구간', '항로명칭']",14293,640,14293.0
bigdata-sea,page_000176.html,-,해양 관광지 정보,"공원, 문화유적, 박물관 등 관광지 현황 정보\n\n해양관광지 현황(관광지명, 지역, 종류, 주소, 위치) 정보 파악에 활용될 수 있음",0,SCHD_ID|ROUTE_TTL|ROUTE_CRTN_USER|ROUTE_RGN|ROUTE_THMNL|ROUTE_MN|RECO_CNT|RDCNT|ROUTE_TYP|OTHBC_YN|ROUTE_CRTN_DT|DSTN_ID|DSTN_TTL|DSTN_AD_SLGN|DSTN_RGN|DSTN_CTGRY|DSTN_TAG|DSTN_TYP|DSTN_SRC|DSTN_WEBS_URL|DSTN_IMG_PTH|DSTN_TELNO|DSTN_ADDR|DSTN_X_CRD|DSTN_Y_CRD|DSTN_FETR|DSTN_RCMN_PNT|DSTN_CLIP_PNT|DSTN_HIT|DSTN_RGSTN_DT|DSTN_REGSTRNT|DSTN_SEASON|ROUTE_DAYS|DPRT_LCTN|DPRT_AXIS|DTNT|DTNT_AXIS|TRVL_ROUTE|IMG_DSTN_ID|IMG_SEQ|IMG_FILE_NM|IMG_COURS|IMGF_SIZE|FILE_EXTSN|FILE_CRTN_DTM,True,2025-07-15,DPRT_AXIS-DPRT_LCTN-DSTN_ADDR-DSTN_AD_SLGN-DSTN_CLIP_PNT-DSTN_CTGRY-DSTN_FETR-DSTN_HIT-DSTN_ID-DSTN_IMG_PTH-DSTN_RCMN_PNT-DSTN_REGSTRNT-DSTN_RGN-DSTN_RGSTN_DT-DSTN_SEASON-DSTN_SRC-DSTN_TAG-DSTN_TELNO-DSTN_TTL-DSTN_TYP-DSTN_WEBS_URL-DSTN_X_CRD-DSTN_Y_CRD-DTNT-DTNT_AXIS-FILE_CRTN_DTM-FILE_EXTSN-IMGF_SIZE-IMG_COURS-IMG_DSTN_ID-IMG_FILE_NM-IMG_SEQ-OTHBC_YN-RDCNT-RECO_CNT-ROUTE_CRTN_DT-ROUTE_CRTN_USER-ROUTE_DAYS-ROUTE_MN-ROUTE_RGN-ROUTE_THMNL-ROUTE_TTL-ROUTE_TYP-SCHD_ID-TRVL_ROUTE,지오씨엔아이,해양산업,"CSV, JSON, XML","['공원', '관광', '문화유적', '박물관', '여행', '연구기관', '지자체', '해양관광']",공간/위치,관광,관광지,"['공원', '관광', '문화유적', '박물관', '여행', '연구기관', '지자체', '해양관광']",170016821,1656008,170016821.0
bigdata-sea,page_000177.html,-,해양 레저스포츠 정보,"낚시, 해양스포츠 등 레저 현황 정보\n\n해양체험지 현황(체험지명, 지역, 주소, 위치) 정보 파악에 활용될 수 있음",0,SCHD_ID|ROUTE_TTL|ROUTE_CRTN_USER|ROUTE_RGN|ROUTE_THMNL|ROUTE_MN|RECO_CNT|RDCNT|ROUTE_TYP|OTHBC_YN|ROUTE_CRTN_DT|DSTN_ID|DSTN_TTL|DSTN_AD_SLGN|DSTN_RGN|DSTN_CTGRY|DSTN_TAG|DSTN_TYP|DSTN_SRC|DSTN_WEBS_URL|DSTN_IMG_PTH|DSTN_TELNO|DSTN_ADDR|DSTN_X_CRD|DSTN_Y_CRD|DSTN_FETR|DSTN_RCMN_PNT|DSTN_CLIP_PNT|DSTN_HIT|DSTN_RGSTN_DT|DSTN_REGSTRNT|DSTN_SEASON|ROUTE_DAYS|DPRT_LCTN|DPRT_AXIS|DTNT|DTNT_AXIS|TRVL_ROUTE,True,2025-07-15,DPRT_AXIS-DPRT_LCTN-DSTN_ADDR-DSTN_AD_SLGN-DSTN_CLIP_PNT-DSTN_CTGRY-DSTN_FETR-DSTN_HIT-DSTN_ID-DSTN_IMG_PTH-DSTN_RCMN_PNT-DSTN_REGSTRNT-DSTN_RGN-DSTN_RGSTN_DT-DSTN_SEASON-DSTN_SRC-DSTN_TAG-DSTN_TELNO-DSTN_TTL-DSTN_TYP-DSTN_WEBS_URL-DSTN_X_CRD-DSTN_Y_CRD-DTNT-DTNT_AXIS-OTHBC_YN-RDCNT-RECO_CNT-ROUTE_CRTN_DT-ROUTE_CRTN_USER-ROUTE_DAYS-ROUTE_MN-ROUTE_RGN-ROUTE_THMNL-ROUTE_TTL-ROUTE_TYP-SCHD_ID-TRVL_ROUTE,지오씨엔아이,해양산업,"CSV, JSON, XML","['낚시', '레저', '연구기관용', '지자체', '체험', '해양레저', '해양스포츠']",산업/기술,해양/수산,해양,"['낚시', '레저', '연구기관용', '지자체', '체험', '해양레저', '해양스포츠']",85359683,1103789,85359683.0
bigdata-sea,page_000178.html,-,전국 추천여행코스,"출발지, 도착지, 일차 등 여행코스정보를 포함한 자료로\n\n여행코스 설계 및 추천여행코스 알고리즘 개발에 활용될 수 있음",0,SCHD_ID|ROUTE_TTL|ROUTE_CRTN_USER|ROUTE_RGN|ROUTE_THMNL|ROUTE_MN|RECO_CNT|RDCNT|ROUTE_TYP|OTHBC_YN|ROUTE_CRTN_DT|DSTN_ID|DSTN_TTL|DSTN_AD_SLGN|DSTN_RGN|DSTN_CTGRY|DSTN_TAG|DSTN_TYP|DSTN_SRC|DSTN_WEBS_URL|DSTN_IMG_PTH|DSTN_TELNO|DSTN_ADDR|DSTN_X_CRD|DSTN_Y_CRD|DSTN_FETR|DSTN_RCMN_PNT|DSTN_CLIP_PNT|DSTN_HIT|DSTN_RGSTN_DT|DSTN_REGSTRNT|DSTN_SEASON|ROUTE_DAYS|DPRT_LCTN|DPRT_AXIS|DTNT|DTNT_AXIS|TRVL_ROUTE,True,2025-07-15,DPRT_AXIS-DPRT_LCTN-DSTN_ADDR-DSTN_AD_SLGN-DSTN_CLIP_PNT-DSTN_CTGRY-DSTN_FETR-DSTN_HIT-DSTN_ID-DSTN_IMG_PTH-DSTN_RCMN_PNT-DSTN_REGSTRNT-DSTN_RGN-DSTN_RGSTN_DT-DSTN_SEASON-DSTN_SRC-DSTN_TAG-DSTN_TELNO-DSTN_TTL-DSTN_TYP-DSTN_WEBS_URL-DSTN_X_CRD-DSTN_Y_CRD-DTNT-DTNT_AXIS-OTHBC_YN-RDCNT-RECO_CNT-ROUTE_CRTN_DT-ROUTE_CRTN_USER-ROUTE_DAYS-ROUTE_MN-ROUTE_RGN-ROUTE_THMNL-ROUTE_TTL-ROUTE_TYP-SCHD_ID-TRVL_ROUTE,지오씨엔아이,해양산업,"CSV, JSON, XML","['도착지', '바다여행', '여행코스', '지자체', '추천여행코스', '출발지']",공간/위치,관광,관광,"['도착지', '바다여행', '여행코스', '지자체', '추천여행코스', '출발지']",20702818,240110,20702818.0
bigdata-sea,page_000179.html,-,해양관광(나만의 여행지)_해양수산부 용,"공원, 문화유적, 박물관 등 관광지 현황 정보\n\n해양관광지 현황(관광지명, 지역, 종류, 주소, 위치) 정보 파악에 활용될 수 있음",0,SCHD_ID|ROUTE_TTL|ROUTE_CRTN_USER|ROUTE_RGN|ROUTE_THMNL|ROUTE_MN|RECO_CNT|RDCNT|ROUTE_TYP|OTHBC_YN|ROUTE_CRTN_DT|DSTN_ID|DSTN_TTL|DSTN_AD_SLGN|DSTN_RGN|DSTN_CTGRY|DSTN_TAG|DSTN_TYP|DSTN_SRC|DSTN_WEBS_URL|DSTN_IMG_PTH|DSTN_TELNO|DSTN_ADDR|DSTN_X_CRD|DSTN_Y_CRD|DSTN_FETR|DSTN_RCMN_PNT|DSTN_CLIP_PNT|DSTN_HIT|DSTN_RGSTN_DT|DSTN_REGSTRNT|DSTN_SEASON|ROUTE_DAYS|DPRT_LCTN|DPRT_AXIS|DTNT|DTNT_AXIS|TRVL_ROUTE,True,2025-07-15,DPRT_AXIS-DPRT_LCTN-DSTN_ADDR-DSTN_AD_SLGN-DSTN_CLIP_PNT-DSTN_CTGRY-DSTN_FETR-DSTN_HIT-DSTN_ID-DSTN_IMG_PTH-DSTN_RCMN_PNT-DSTN_REGSTRNT-DSTN_RGN-DSTN_RGSTN_DT-DSTN_SEASON-DSTN_SRC-DSTN_TAG-DSTN_TELNO-DSTN_TTL-DSTN_TYP-DSTN_WEBS_URL-DSTN_X_CRD-DSTN_Y_CRD-DTNT-DTNT_AXIS-OTHBC_YN-RDCNT-RECO_CNT-ROUTE_CRTN_DT-ROUTE_CRTN_USER-ROUTE_DAYS-ROUTE_MN-ROUTE_RGN-ROUTE_THMNL-ROUTE_TTL-ROUTE_TYP-SCHD_ID-TRVL_ROUTE,지오씨엔아이,해양산업,"CSV, JSON, XML","['공원', '관광', '문화유적', '박물관', '여행', '해양관광', '해양수산부']",공간/위치,관광,관광지,"['공원', '관광', '문화유적', '박물관', '여행', '해양관광', '해양수산부']",85359683,1103789,85359683.0
bigdata-sea,page_000180.html,-,해양레저(나만의 여행지)_해양수산부 용,"낚시, 해양스포츠 등 레저 현황 정보\n\n해양체험지 현황(체험지명, 지역, 주소, 위치) 정보 파악에 활용될 수 있음",0,SCHD_ID|ROUTE_TTL|ROUTE_CRTN_USER|ROUTE_RGN|ROUTE_THMNL|ROUTE_MN|RECO_CNT|RDCNT|ROUTE_TYP|OTHBC_YN|ROUTE_CRTN_DT|DSTN_ID|DSTN_TTL|DSTN_AD_SLGN|DSTN_RGN|DSTN_CTGRY|DSTN_TAG|DSTN_TYP|DSTN_SRC|DSTN_WEBS_URL|DSTN_IMG_PTH|DSTN_TELNO|DSTN_ADDR|DSTN_X_CRD|DSTN_Y_CRD|DSTN_FETR|DSTN_RCMN_PNT|DSTN_CLIP_PNT|DSTN_HIT|DSTN_RGSTN_DT|DSTN_REGSTRNT|DSTN_SEASON|ROUTE_DAYS|DPRT_LCTN|DPRT_AXIS|DTNT|DTNT_AXIS|TRVL_ROUTE,True,2025-07-15,DPRT_AXIS-DPRT_LCTN-DSTN_ADDR-DSTN_AD_SLGN-DSTN_CLIP_PNT-DSTN_CTGRY-DSTN_FETR-DSTN_HIT-DSTN_ID-DSTN_IMG_PTH-DSTN_RCMN_PNT-DSTN_REGSTRNT-DSTN_RGN-DSTN_RGSTN_DT-DSTN_SEASON-DSTN_SRC-DSTN_TAG-DSTN_TELNO-DSTN_TTL-DSTN_TYP-DSTN_WEBS_URL-DSTN_X_CRD-DSTN_Y_CRD-DTNT-DTNT_AXIS-OTHBC_YN-RDCNT-RECO_CNT-ROUTE_CRTN_DT-ROUTE_CRTN_USER-ROUTE_DAYS-ROUTE_MN-ROUTE_RGN-ROUTE_THMNL-ROUTE_TTL-ROUTE_TYP-SCHD_ID-TRVL_ROUTE,지오씨엔아이,해양산업,"CSV, JSON, XML","['낚시', '레저', '체험', '해양레저', '해양수산부', '해양스포츠']",공간/위치,관광,관광,"['낚시', '레저', '체험', '해양레저', '해양수산부', '해양스포츠']",20702818,240110,20702818.0
bigdata-sea,page_000181.html,-,추천여행코스(여행지정보)_해양수산부 용,"출발지, 도착지, 일차 등 여행코스정보를 포함한 자료로\n\n여행코스 설계 및 추천여행코스 알고리즘 개발에 활용될 수 있음",0,SCHD_ID|ROUTE_TTL|ROUTE_CRTN_USER|ROUTE_RGN|ROUTE_THMNL|ROUTE_MN|RECO_CNT|RDCNT|ROUTE_TYP|OTHBC_YN|ROUTE_CRTN_DT|DSTN_ID|DSTN_TTL|DSTN_AD_SLGN|DSTN_RGN|DSTN_CTGRY|DSTN_TAG|DSTN_TYP|DSTN_SRC|DSTN_WEBS_URL|DSTN_IMG_PTH|DSTN_TELNO|DSTN_ADDR|DSTN_X_CRD|DSTN_Y_CRD|DSTN_FETR|DSTN_RCMN_PNT|DSTN_CLIP_PNT|DSTN_HIT|DSTN_RGSTN_DT|DSTN_REGSTRNT|DSTN_SEASON|ROUTE_DAYS|DPRT_LCTN|DPRT_AXIS|DTNT|DTNT_AXIS|TRVL_ROUTE|IMG_DSTN_ID|IMG_SEQ|IMG_FILE_NM|IMG_COURS|IMGF_SIZE|FILE_EXTSN|FILE_CRTN_DTM,True,2025-07-15,DPRT_AXIS-DPRT_LCTN-DSTN_ADDR-DSTN_AD_SLGN-DSTN_CLIP_PNT-DSTN_CTGRY-DSTN_FETR-DSTN_HIT-DSTN_ID-DSTN_IMG_PTH-DSTN_RCMN_PNT-DSTN_REGSTRNT-DSTN_RGN-DSTN_RGSTN_DT-DSTN_SEASON-DSTN_SRC-DSTN_TAG-DSTN_TELNO-DSTN_TTL-DSTN_TYP-DSTN_WEBS_URL-DSTN_X_CRD-DSTN_Y_CRD-DTNT-DTNT_AXIS-FILE_CRTN_DTM-FILE_EXTSN-IMGF_SIZE-IMG_COURS-IMG_DSTN_ID-IMG_FILE_NM-IMG_SEQ-OTHBC_YN-RDCNT-RECO_CNT-ROUTE_CRTN_DT-ROUTE_CRTN_USER-ROUTE_DAYS-ROUTE_MN-ROUTE_RGN-ROUTE_THMNL-ROUTE_TTL-ROUTE_TYP-SCHD_ID-TRVL_ROUTE,지오씨엔아이,해양산업,"CSV, JSON, XML","['도착지', '바다여행', '여행지정보', '여행코스', '추천여행코스', '출발지', '해양수산부']",공간/위치,관광,여행,"['도착지', '바다여행', '여행지정보', '여행코스', '추천여행코스', '출발지', '해양수산부']",170016821,1656008,170016821.0
bigdata-sea,page_000182.html,-,해양관광(나만의 여행지)_기업일반사용자 용,"공원, 문화유적, 박물관 등 관광지 현황 정보\n\n해양관광지 현황(관광지명, 지역, 종류, 주소, 위치) 정보 파악에 활용될 수 있음",0,SCHD_ID|ROUTE_TTL|ROUTE_CRTN_USER|ROUTE_RGN|ROUTE_THMNL|ROUTE_MN|RECO_CNT|RDCNT|ROUTE_TYP|OTHBC_YN|ROUTE_CRTN_DT|DSTN_ID|DSTN_TTL|DSTN_AD_SLGN|DSTN_RGN|DSTN_CTGRY|DSTN_TAG|DSTN_TYP|DSTN_SRC|DSTN_WEBS_URL|DSTN_IMG_PTH|DSTN_TELNO|DSTN_ADDR|DSTN_X_CRD|DSTN_Y_CRD|DSTN_FETR|DSTN_RCMN_PNT|DSTN_CLIP_PNT|DSTN_HIT|DSTN_RGSTN_DT|DSTN_REGSTRNT|DSTN_SEASON|ROUTE_DAYS|DPRT_LCTN|DPRT_AXIS|DTNT|DTNT_AXIS|TRVL_ROUTE,True,2025-07-15,DPRT_AXIS-DPRT_LCTN-DSTN_ADDR-DSTN_AD_SLGN-DSTN_CLIP_PNT-DSTN_CTGRY-DSTN_FETR-DSTN_HIT-DSTN_ID-DSTN_IMG_PTH-DSTN_RCMN_PNT-DSTN_REGSTRNT-DSTN_RGN-DSTN_RGSTN_DT-DSTN_SEASON-DSTN_SRC-DSTN_TAG-DSTN_TELNO-DSTN_TTL-DSTN_TYP-DSTN_WEBS_URL-DSTN_X_CRD-DSTN_Y_CRD-DTNT-DTNT_AXIS-OTHBC_YN-RDCNT-RECO_CNT-ROUTE_CRTN_DT-ROUTE_CRTN_USER-ROUTE_DAYS-ROUTE_MN-ROUTE_RGN-ROUTE_THMNL-ROUTE_TTL-ROUTE_TYP-SCHD_ID-TRVL_ROUTE,지오씨엔아이,해양산업,"CSV, JSON, XML","['공원', '관광', '기업일반사용자', '문화유적', '박물관', '여행', '해양관광']",공간/위치,관광,관광지,"['공원', '관광', '기업일반사용자', '문화유적', '박물관', '여행', '해양관광']",85359683,1103789,85359683.0
bigdata-sea,page_000183.html,-,해양레저(나만의 여행지)_기업일반사용자 용,"낚시, 해양스포츠 등 레저 현황 정보\n\n해양체험지 현황(체험지명, 지역, 주소, 위치) 정보 파악에 활용될 수 있음",0,SCHD_ID|ROUTE_TTL|ROUTE_CRTN_USER|ROUTE_RGN|ROUTE_THMNL|ROUTE_MN|RECO_CNT|RDCNT|ROUTE_TYP|OTHBC_YN|ROUTE_CRTN_DT|DSTN_ID|DSTN_TTL|DSTN_AD_SLGN|DSTN_RGN|DSTN_CTGRY|DSTN_TAG|DSTN_TYP|DSTN_SRC|DSTN_WEBS_URL|DSTN_IMG_PTH|DSTN_TELNO|DSTN_ADDR|DSTN_X_CRD|DSTN_Y_CRD|DSTN_FETR|DSTN_RCMN_PNT|DSTN_CLIP_PNT|DSTN_HIT|DSTN_RGSTN_DT|DSTN_REGSTRNT|DSTN_SEASON|ROUTE_DAYS|DPRT_LCTN|DPRT_AXIS|DTNT|DTNT_AXIS|TRVL_ROUTE,True,2025-07-15,DPRT_AXIS-DPRT_LCTN-DSTN_ADDR-DSTN_AD_SLGN-DSTN_CLIP_PNT-DSTN_CTGRY-DSTN_FETR-DSTN_HIT-DSTN_ID-DSTN_IMG_PTH-DSTN_RCMN_PNT-DSTN_REGSTRNT-DSTN_RGN-DSTN_RGSTN_DT-DSTN_SEASON-DSTN_SRC-DSTN_TAG-DSTN_TELNO-DSTN_TTL-DSTN_TYP-DSTN_WEBS_URL-DSTN_X_CRD-DSTN_Y_CRD-DTNT-DTNT_AXIS-OTHBC_YN-RDCNT-RECO_CNT-ROUTE_CRTN_DT-ROUTE_CRTN_USER-ROUTE_DAYS-ROUTE_MN-ROUTE_RGN-ROUTE_THMNL-ROUTE_TTL-ROUTE_TYP-SCHD_ID-TRVL_ROUTE,지오씨엔아이,해양산업,"CSV, JSON, XML","['낚시', '레저', '체험', '해양레저', '해양스포츠']",공간/위치,관광,관광,"['낚시', '레저', '체험', '해양레저', '해양스포츠']",20702818,240110,20702818.0
bigdata-sea,page_000184.html,-,추천여행코스(여행지정보)_기업일반사용자 용,"출발지, 도착지, 일차 등 여행코스정보를 포함한 자료로\n\n여행코스 설계 및 추천여행코스 알고리즘 개발에 활용될 수 있음",0,SCHD_ID|ROUTE_TTL|ROUTE_CRTN_USER|ROUTE_RGN|ROUTE_THMNL|ROUTE_MN|RECO_CNT|RDCNT|ROUTE_TYP|OTHBC_YN|ROUTE_CRTN_DT|DSTN_ID|DSTN_TTL|DSTN_AD_SLGN|DSTN_RGN|DSTN_CTGRY|DSTN_TAG|DSTN_TYP|DSTN_SRC|DSTN_WEBS_URL|DSTN_IMG_PTH|DSTN_TELNO|DSTN_ADDR|DSTN_X_CRD|DSTN_Y_CRD|DSTN_FETR|DSTN_RCMN_PNT|DSTN_CLIP_PNT|DSTN_HIT|DSTN_RGSTN_DT|DSTN_REGSTRNT|DSTN_SEASON|ROUTE_DAYS|DPRT_LCTN|DPRT_AXIS|DTNT|DTNT_AXIS|TRVL_ROUTE|IMG_DSTN_ID|IMG_SEQ|IMG_FILE_NM|IMG_COURS|IMGF_SIZE|FILE_EXTSN|FILE_CRTN_DTM,True,2025-07-15,DPRT_AXIS-DPRT_LCTN-DSTN_ADDR-DSTN_AD_SLGN-DSTN_CLIP_PNT-DSTN_CTGRY-DSTN_FETR-DSTN_HIT-DSTN_ID-DSTN_IMG_PTH-DSTN_RCMN_PNT-DSTN_REGSTRNT-DSTN_RGN-DSTN_RGSTN_DT-DSTN_SEASON-DSTN_SRC-DSTN_TAG-DSTN_TELNO-DSTN_TTL-DSTN_TYP-DSTN_WEBS_URL-DSTN_X_CRD-DSTN_Y_CRD-DTNT-DTNT_AXIS-FILE_CRTN_DTM-FILE_EXTSN-IMGF_SIZE-IMG_COURS-IMG_DSTN_ID-IMG_FILE_NM-IMG_SEQ-OTHBC_YN-RDCNT-RECO_CNT-ROUTE_CRTN_DT-ROUTE_CRTN_USER-ROUTE_DAYS-ROUTE_MN-ROUTE_RGN-ROUTE_THMNL-ROUTE_TTL-ROUTE_TYP-SCHD_ID-TRVL_ROUTE,지오씨엔아이,해양산업,"CSV, JSON, XML","['기업일반사용자', '도착지', '바다여행', '여행지정보', '여행코스', '추천여행코스', '출발지']",공간/위치,관광,여행,"['기업일반사용자', '도착지', '바다여행', '여행지정보', '여행코스', '추천여행코스', '출발지']",170016821,1656008,170016821.0
bigdata-sea,page_000185.html,-,컨테이너반출입결과정보,"사전 컨테이너 반출입 신청정보에 대해 실제 반출입이 일어난 결과를 터미널에서 확인한 정보\n\n∙사전반출입 결과 정보 분석 자료로 활용\n∙항만별, 터미널별 사전반출입 결과(오류 유형 등) 통계자료 활용",1500000,SN|RFNO|RSLT_STTS|TM|RGSTN_MAN|RGST_DT,True,2025-07-15,RFNO-RGSTN_MAN-RGST_DT-RSLT_STTS-SN-TM,해운항만물류정보협회,해운물류,"CSV, JSON, XML","['결과정보', '반출입', '운송차량', '컨테이너', '항만', '해운항만물류정보협회']",소비/유통,상품,물류,"['결과정보', '반출입', '운송차량', '컨테이너', '항만', '해운항만물류정보협회']",483987798,4245507,483987798.0
bigdata-sea,page_000186.html,-,우리나라 영해의 수질분포 데이터 셋,국가해양관측망 자료를 수집 분석하여 우리나라 영해의 수질분포정보를 제공하는 데이터셋\n\n∙우리나라 영해의 수질분포 변화를 통한 환경영향평가 자료로 활용\n∙우리나라 수질정보 변화를 시계열 분석 가능한 연구정보로 활용,500000,BSNS_NM|PEAK_NM|LO|LA|YR|MNTH|DOW|QLWTR_SCOR|QLWTR_GRCD|SA_DIN_SCOR|SA_DIN_GRCD|SA_DIP_SCOR|SA_DIP_GRCD|SA_CHL_A_SCOR|SA_CHL_A_GRCD|SA_TRNSPRNCY_SCOR|SA_TRNSPRNCY_GRCD|SA_DO_DOS_SCOR|SA_DO_DOS_GRCD,True,2025-07-15,BSNS_NM-DOW-LA-LO-MNTH-PEAK_NM-QLWTR_GRCD-QLWTR_SCOR-SA_CHL_A_GRCD-SA_CHL_A_SCOR-SA_DIN_GRCD-SA_DIN_SCOR-SA_DIP_GRCD-SA_DIP_SCOR-SA_DO_DOS_GRCD-SA_DO_DOS_SCOR-SA_TRNSPRNCY_GRCD-SA_TRNSPRNCY_SCOR-YR,환경과학기술,해양환경,"CSV, JSON, XML","['국가해양관측망', '수질', '영해수질', '해양관측자료']",산업/기술,해양/수산,해양,"['국가해양관측망', '수질', '영해수질', '해양관측자료']",39480,940,39480.0
bigdata-sea,page_000187.html,-,기관추진용 조선 기자재 장비 및 설비 제품 모델별 이미지 데이터,기관추진용 조선 기자재의 장비 및 설비 제품 모델별 이미지 데이터\n\n∙조선기자재 업체 제품 이미지  디자인 정보 활용\n∙기관추진용 장비 및 설비의 모델별 이미지 디자인 정보 활용,0,EQPMN_NM|IMG_MOD|IMG_SIZE|IMG_SIZE_FMT|IMG_STR_COURS|IMGSRCH_URL|IMGSRCH_SITE|IMG_COLCT_YMD,True,2025-07-15,EQPMN_NM-IMGSRCH_SITE-IMGSRCH_URL-IMG_COLCT_YMD-IMG_MOD-IMG_SIZE-IMG_SIZE_FMT-IMG_STR_COURS,한국해양대학교 산학협력단,해양산업,"CSV, JSON, XML","['선박기관', '선박기자재', '선박장비', '웹크롤링', '조선기자재']",산업/기술,해양/수산,선박,"['선박기관', '선박기자재', '선박장비', '웹크롤링', '조선기자재']",858219,3325,858219.0
bigdata-sea,page_000188.html,-,한바다호 선박의 안전진단용 흘수선 측정 데이터,한바다호 실습선의 정박시 선체 안전진단용 흘수선 측정 데이터\n\n∙선박의 안전운항 서비스 제공에 활용\n∙선박의 운항경로 분석을 통한 경제운항 서비스 제공에 활용\n∙선체 안전진단 서비스에 활용,0,MSRM_DTM|TRNNG_SHP_NAME|VSL_NO|SH_DRAFT|SS_DRAFT|SML_DRAFT|SMR_DRAFT,True,2025-07-15,MSRM_DTM-SH_DRAFT-SML_DRAFT-SMR_DRAFT-SS_DRAFT-TRNNG_SHP_NAME-VSL_NO,한국해양대학교 산학협력단,해사안전,"CSV, JSON, XML","['선체', '실습선', '안전진단', '한바다호', '흘수선']",산업/기술,해양/수산,선박,"['선체', '실습선', '안전진단', '한바다호', '흘수선']",2698667,46000,2698667.0
bigdata-sea,page_000189.html,-,선박기관고장데이터,"선박 엔진 운항데이터와 고장 데이터\n\n∙선박운항 특성을 분석하는 자료로 활용\n∙선박기관 장비의 특성을 분석하는 자료로 활용\n∙해양 기상데이터를 활용하여 선박의 최적항로 분석이나, 운항성능 분석에 활용 가능",1000000,DATA_COLCT_TM|LA|LO|PLT_VE|WTR_VE|PLT_VE_SCLR_X|PLT_VE_SCLR_Y|PRTNR_WNDRC|PRTNR_WDSP|SHIP_CRS|SH_DRCN|DOW|RDD_AGL|SH_DRAFT|SML_DRAFT|SMR_DRAFT|SS_DRAFT|SWTR_TPRT|ME_TM_PARTY_FO_CQ|ME_FO_IN_DENS|ME_FO_TPRT|ME_FO_IN_TA|GNRTR_TM_PARTY_FO_CQ_IN|GNRTR_FO_DENS|GNRTR_FO_TPRT|GNRTR_FO_TA|GNRTR_TM_PARTY_FO_CQ_OUT|GNRTR_FO_OUT_DENS|GNRTR_FO_OUT_TPRT|GNRTR_FO_OUT_TA|ME_RPM_ENGN_CCAMT|ME_SCV_PRSU_ENGN_CCAMT|ME_RPM|ME_FO_IN_PRSU|ME_FO_IN_TPRT|ME_SCV_PRSU|ME_CYL1_PCO_OT|ME_CYL2_PCO_OT|ME_CYL3_PCO_OT|ME_CYL4_PCO_OT|ME_CYL5_PCO_OT|ME_JACKET_CLNT_TPRT|ME_JACKET_CLNT_PRSU|ME_CYL1_CLNT_OT|ME_CYL2_CLNT_OT|ME_CYL3_CLNT_OT|ME_CYL4_CLNT_OT|ME_CYL5_CLNT_OT|ME_CYL1_EG_OT|ME_CYL2_EG_OT|ME_CYL3_EG_OT|ME_CYL4_EG_OT|ME_CYL5_EG_OT|ME_TC_IN_TPRT|ME_TC_OUT_TPRT|ME_TC_LBRCN_IN_PRSU|ME_TC_LBRCN_OUT_TPRT|ME_LBRCN_IN_PRSU|ME_LBRCN_IN_TPRT|GNRTR1_LBRCN_IN_PRSU|GNRTR1_LBRCN_IN_TPRT|GNRTR1_RPM|GNRTR1_LBRCN_FLTR_IN_PRSU|GNRTR1_FO_IN_PRSU|GNRTR1_FO_IN_TPRT|GNRTR1_CLNTHT_IN_PRSU|GNRTR1_CLNTHT_IN_TPRT|GNRTR1_CLNTHT_OT|GNRTR1_CLNTLT_IN_PRSU|GNRTR1_CLNTLT_IN_TPRT|GNRTR1_SCV_PRSU|GNRTR1_SCV_TPRT|GNRTR1_CYL1_OT|GNRTR1_CYL2_OT|GNRTR1_CYL3_OT|GNRTR1_CYL4_OT|GNRTR1_CYL5_OT|GNRTR1_CYL6_OT|GNRTR1_CYL7_OT|GNRTR1_TC_OT|GNRTR1_TC_IN_TPRT|GNRTR1_TC_IN_PRSU|GNRTR1_TC_RPM|GNRTR2_LBRCN_IN_PRSU|GNRTR2_LBRCN_IN_TPRT|GNRTR2_RPM|GNRTR2_LBRCN_FLTR_IN_PRSU|GNRTR2_FO_IN_PRSU|GNRTR2_FO_IN_TPRT|GNRTR2_CLNTHT_IN_PRSU|GNRTR2_CLNTHT_IN_TPRT|GNRTR2_CLNTHT_OT|GNRTR2_CLNTLT_IN_PRSU|GNRTR2_CLNTLT_IN_TPRT|GNRTR2_SCV_PRSU|GNRTR2_SCV_TPRT|GNRTR2_CYL1_OT|GNRTR2_CYL2_OT|GNRTR2_CYL3_OT|GNRTR2_CYL4_OT|GNRTR2_CYL5_OT|GNRTR2_CYL6_OT|GNRTR2_CYL7_OT|GNRTR2_TC_OT|GNRTR2_TC_IN_TPRT|GNRTR2_TC_IN_PRSU|GNRTR2_TC_RPM|GNRTR3_LBRCN_IN_PRSU|GNRTR3_LBRCN_IN_TPRT|GNRTR3_RPM|GNRTR3_LBRCN_FLTR_IN_PRSU|GNRTR3_FO_IN_PRSU|GNRTR3_FO_IN_TPRT|GNRTR3_CLNTHT_IN_PRSU|GNRTR3_CLNTHT_IN_TPRT|GNRTR3_CLNTHT_OT|GNRTR3_CLNTLT_IN_PRSU|GNRTR3_CLNTLT_IN_TPRT|GNRTR3_SCV_PRSU|GNRTR3_SCV_TPRT|GNRTR3_CYL1_OT|GNRTR3_CYL2_OT|GNRTR3_CYL3_OT|GNRTR3_CYL4_OT|GNRTR3_CYL5_OT|GNRTR3_CYL6_OT|GNRTR3_CYL7_OT|GNRTR3_TC_OT|GNRTR3_TC_IN_TPRT|GNRTR3_TC_IN_PRSU|GNRTR3_TC_RPM|GNRTR1_VLTG|GNRTR2_VLTG|GNRTR3_VLTG|GNRTR1_ELCCRT|GNRTR2_ELCCRT|GNRTR3_ELCCRT|GNRTR1__OUTPUT|GNRTR2__OUTPUT|GNRTR3__OUTPUT|BSBR_OUPUT|GNRTR1_FRQY|GNRTR2_FRQY|GNRTR3_FRQY|ERROR_LIST,True,2025-07-15,BSBR_OUPUT-DATA_COLCT_TM-DOW-ERROR_LIST-GNRTR1_CLNTHT_IN_PRSU-GNRTR1_CLNTHT_IN_TPRT-GNRTR1_CLNTHT_OT-GNRTR1_CLNTLT_IN_PRSU-GNRTR1_CLNTLT_IN_TPRT-GNRTR1_CYL1_OT-GNRTR1_CYL2_OT-GNRTR1_CYL3_OT-GNRTR1_CYL4_OT-GNRTR1_CYL5_OT-GNRTR1_CYL6_OT-GNRTR1_CYL7_OT-GNRTR1_ELCCRT-GNRTR1_FO_IN_PRSU-GNRTR1_FO_IN_TPRT-GNRTR1_FRQY-GNRTR1_LBRCN_FLTR_IN_PRSU-GNRTR1_LBRCN_IN_PRSU-GNRTR1_LBRCN_IN_TPRT-GNRTR1_RPM-GNRTR1_SCV_PRSU-GNRTR1_SCV_TPRT-GNRTR1_TC_IN_PRSU-GNRTR1_TC_IN_TPRT-GNRTR1_TC_OT-GNRTR1_TC_RPM-GNRTR1_VLTG-GNRTR1__OUTPUT-GNRTR2_CLNTHT_IN_PRSU-GNRTR2_CLNTHT_IN_TPRT-GNRTR2_CLNTHT_OT-GNRTR2_CLNTLT_IN_PRSU-GNRTR2_CLNTLT_IN_TPRT-GNRTR2_CYL1_OT-GNRTR2_CYL2_OT-GNRTR2_CYL3_OT-GNRTR2_CYL4_OT-GNRTR2_CYL5_OT-GNRTR2_CYL6_OT-GNRTR2_CYL7_OT-GNRTR2_ELCCRT-GNRTR2_FO_IN_PRSU-GNRTR2_FO_IN_TPRT-GNRTR2_FRQY-GNRTR2_LBRCN_FLTR_IN_PRSU-GNRTR2_LBRCN_IN_PRSU-GNRTR2_LBRCN_IN_TPRT-GNRTR2_RPM-GNRTR2_SCV_PRSU-GNRTR2_SCV_TPRT-GNRTR2_TC_IN_PRSU-GNRTR2_TC_IN_TPRT-GNRTR2_TC_OT-GNRTR2_TC_RPM-GNRTR2_VLTG-GNRTR2__OUTPUT-GNRTR3_CLNTHT_IN_PRSU-GNRTR3_CLNTHT_IN_TPRT-GNRTR3_CLNTHT_OT-GNRTR3_CLNTLT_IN_PRSU-GNRTR3_CLNTLT_IN_TPRT-GNRTR3_CYL1_OT-GNRTR3_CYL2_OT-GNRTR3_CYL3_OT-GNRTR3_CYL4_OT-GNRTR3_CYL5_OT-GNRTR3_CYL6_OT-GNRTR3_CYL7_OT-GNRTR3_ELCCRT-GNRTR3_FO_IN_PRSU-GNRTR3_FO_IN_TPRT-GNRTR3_FRQY-GNRTR3_LBRCN_FLTR_IN_PRSU-GNRTR3_LBRCN_IN_PRSU-GNRTR3_LBRCN_IN_TPRT-GNRTR3_RPM-GNRTR3_SCV_PRSU-GNRTR3_SCV_TPRT-GNRTR3_TC_IN_PRSU-GNRTR3_TC_IN_TPRT-GNRTR3_TC_OT-GNRTR3_TC_RPM-GNRTR3_VLTG-GNRTR3__OUTPUT-GNRTR_FO_DENS-GNRTR_FO_OUT_DENS-GNRTR_FO_OUT_TA-GNRTR_FO_OUT_TPRT-GNRTR_FO_TA-GNRTR_FO_TPRT-GNRTR_TM_PARTY_FO_CQ_IN-GNRTR_TM_PARTY_FO_CQ_OUT-LA-LO-ME_CYL1_CLNT_OT-ME_CYL1_EG_OT-ME_CYL1_PCO_OT-ME_CYL2_CLNT_OT-ME_CYL2_EG_OT-ME_CYL2_PCO_OT-ME_CYL3_CLNT_OT-ME_CYL3_EG_OT-ME_CYL3_PCO_OT-ME_CYL4_CLNT_OT-ME_CYL4_EG_OT-ME_CYL4_PCO_OT-ME_CYL5_CLNT_OT-ME_CYL5_EG_OT-ME_CYL5_PCO_OT-ME_FO_IN_DENS-ME_FO_IN_PRSU-ME_FO_IN_TA-ME_FO_IN_TPRT-ME_FO_TPRT-ME_JACKET_CLNT_PRSU-ME_JACKET_CLNT_TPRT-ME_LBRCN_IN_PRSU-ME_LBRCN_IN_TPRT-ME_RPM-ME_RPM_ENGN_CCAMT-ME_SCV_PRSU-ME_SCV_PRSU_ENGN_CCAMT-ME_TC_IN_TPRT-ME_TC_LBRCN_IN_PRSU-ME_TC_LBRCN_OUT_TPRT-ME_TC_OUT_TPRT-ME_TM_PARTY_FO_CQ-PLT_VE-PLT_VE_SCLR_X-PLT_VE_SCLR_Y-PRTNR_WDSP-PRTNR_WNDRC-RDD_AGL-SHIP_CRS-SH_DRAFT-SH_DRCN-SML_DRAFT-SMR_DRAFT-SS_DRAFT-SWTR_TPRT-WTR_VE,한국조선해양기자재연구원,해운물류,"CSV, JSON, XML","['AIS', '고장데이터', '선박', '선박기관', '선박운항', '온실가스', '해상기상']",산업/기술,해양/수산,해양,"['AIS', '고장데이터', '선박', '선박기관', '선박운항', '온실가스', '해상기상']",31244857,713715,31244857.0
bigdata-sea,page_000190.html,-,조선기자재정보,"선박 기자재, 선용품 정보\n\n∙선박운항 특성을 분석하는 자료로 활용\n∙선박기관 장비의 특성을 분석하는 자료로 활용\n∙해양 기상데이터를 활용하여 선박의 최적항로 분석이나, 운항성능 분석에 활용 가능",1000000,SN|MCMTR_CD|MCMTR_DSCRN|MAKER_NM|QTY|UNIT,True,2025-07-15,MAKER_NM-MCMTR_CD-MCMTR_DSCRN-QTY-SN-UNIT,한국조선해양기자재연구원,해양산업,"CSV, JSON, XML","['AIS', '기자재', '선박', '선박운항', '온실가스', '조선', '해상기상']",산업/기술,해양/수산,해양,"['AIS', '기자재', '선박', '선박운항', '온실가스', '조선', '해상기상']",12407806,132625,12407806.0
bigdata-sea,page_000193.html,-,월별 김 관측통계,월별 김 관측통계,0,IDX_SEQ|CTGRY_NO|OBSV_YR|OBSV_MNTH|TPCD|DLT_YN|RGSTN_DT|RGST_IP|UPDATE_YMD|UPDUSR_IP|RGST_IDX|UPDUSR_IDX|WTLVR_TMM_TOT_OTTRN|WTLVR_TMM_UTPRT_OTTRN|ENPRT_MNAV_DRLVR_OTTRN|DLNG_QTY|INVEN_QTY|MKT_DSTRBT_QTY|AVE_UNPRC_AMT|BUSA_AVE_UNPRC_AMT|UCH_AVE_UNPRC_AMT|WND_AVE_UNPRC_AMT|HNM_AVE_UNPRC_AMT|JND_AVE_UNPRC_AMT|GHNG_AVE_UNPRC_AMT|SHNN_AVE_UNPRC_AMT|SOAN_AVE_UNPRC_AMT|SCHSB_AVE_UNPRC_AMT|NW_AVE_UNPRC_AMT|SLGR_AVE_UNPRC_AMT|SLJB_AVE_UNPRC_AMT|BUSA_AVE_UNPRC_AMT_2|GWJU_AVE_UNPRC_AMT|MKPO_AVE_UNPRC_AMT|XPORT_QTY|XPORT_AMT|GNSN_AVE_UNPRC_AMT|GGNBU_AVE_UNPRC_AMT,True,2025-07-15,AVE_UNPRC_AMT-BUSA_AVE_UNPRC_AMT-BUSA_AVE_UNPRC_AMT_2-CTGRY_NO-DLNG_QTY-DLT_YN-ENPRT_MNAV_DRLVR_OTTRN-GGNBU_AVE_UNPRC_AMT-GHNG_AVE_UNPRC_AMT-GNSN_AVE_UNPRC_AMT-GWJU_AVE_UNPRC_AMT-HNM_AVE_UNPRC_AMT-IDX_SEQ-INVEN_QTY-JND_AVE_UNPRC_AMT-MKPO_AVE_UNPRC_AMT-MKT_DSTRBT_QTY-NW_AVE_UNPRC_AMT-OBSV_MNTH-OBSV_YR-RGSTN_DT-RGST_IDX-RGST_IP-SCHSB_AVE_UNPRC_AMT-SHNN_AVE_UNPRC_AMT-SLGR_AVE_UNPRC_AMT-SLJB_AVE_UNPRC_AMT-SOAN_AVE_UNPRC_AMT-TPCD-UCH_AVE_UNPRC_AMT-UPDATE_YMD-UPDUSR_IDX-UPDUSR_IP-WND_AVE_UNPRC_AMT-WTLVR_TMM_TOT_OTTRN-WTLVR_TMM_UTPRT_OTTRN-XPORT_AMT-XPORT_QTY,한국해양수산개발원,해양수산,"CSV, JSON, XML","['관측', '김', '통계', '해양수산개발원']",산업/기술,해양/수산,해양,"['관측', '김', '통계', '해양수산개발원']",5639,208,5639.0
bigdata-sea,page_000194.html,-,월별 미역 관측통계,월별 미역 관측통계,0,IDX_SEQ|CTGRY_NO|OBSV_YR|OBSV_MNTH|TPCD|DLT_YN|RGSTN_DT|RGST_IP|UPDATE_YMD|UPDUSR_IP|RGST_IDX|UPDUSR_IDX|WTLVR_TMM_TOT_OTTRN|WTLVR_TMM_UTPRT_OTTRN|ENPRT_MNAV_DRLVR_OTTRN|DLNG_QTY|INVEN_QTY|MKT_DSTRBT_QTY|AVE_UNPRC_AMT|BUSA_AVE_UNPRC_AMT|UCH_AVE_UNPRC_AMT|WND_AVE_UNPRC_AMT|HNM_AVE_UNPRC_AMT|JND_AVE_UNPRC_AMT|GHNG_AVE_UNPRC_AMT|SHNN_AVE_UNPRC_AMT|SOAN_AVE_UNPRC_AMT|SCHSB_AVE_UNPRC_AMT|NW_AVE_UNPRC_AMT|SLGR_AVE_UNPRC_AMT|SLJB_AVE_UNPRC_AMT|BUSA_AVE_UNPRC_AMT_2|GWJU_AVE_UNPRC_AMT|MKPO_AVE_UNPRC_AMT|XPORT_QTY|XPORT_AMT|GNSN_AVE_UNPRC_AMT|GGNBU_AVE_UNPRC_AMT,True,2025-07-15,AVE_UNPRC_AMT-BUSA_AVE_UNPRC_AMT-BUSA_AVE_UNPRC_AMT_2-CTGRY_NO-DLNG_QTY-DLT_YN-ENPRT_MNAV_DRLVR_OTTRN-GGNBU_AVE_UNPRC_AMT-GHNG_AVE_UNPRC_AMT-GNSN_AVE_UNPRC_AMT-GWJU_AVE_UNPRC_AMT-HNM_AVE_UNPRC_AMT-IDX_SEQ-INVEN_QTY-JND_AVE_UNPRC_AMT-MKPO_AVE_UNPRC_AMT-MKT_DSTRBT_QTY-NW_AVE_UNPRC_AMT-OBSV_MNTH-OBSV_YR-RGSTN_DT-RGST_IDX-RGST_IP-SCHSB_AVE_UNPRC_AMT-SHNN_AVE_UNPRC_AMT-SLGR_AVE_UNPRC_AMT-SLJB_AVE_UNPRC_AMT-SOAN_AVE_UNPRC_AMT-TPCD-UCH_AVE_UNPRC_AMT-UPDATE_YMD-UPDUSR_IDX-UPDUSR_IP-WND_AVE_UNPRC_AMT-WTLVR_TMM_TOT_OTTRN-WTLVR_TMM_UTPRT_OTTRN-XPORT_AMT-XPORT_QTY,한국해양수산개발원,해양수산,"CSV, JSON, XML","['관측', '미역', '통계', '해양수산개발원']",산업/기술,해양/수산,해양,"['관측', '미역', '통계', '해양수산개발원']",5432,194,5432.0
bigdata-sea,page_000195.html,-,월별 광어 관측통계,월별 광어 관측통계,0,IDX_SEQ|CTGRY_NO|OBSV_YR|OBSV_MNTH|TPCD|DLT_YN|RGSTN_DT|RGST_IP|UPDATE_YMD|UPDUSR_IP|RGST_IDX|UPDUSR_IDX|MGNT_CTGRY|TN_500GU|TN_500GO_750GU|TN_750GO_1KGU|TN_1KGO|AREA_CTGRY|JEJU_TN|WND_TN|ETC_TN|MGNT_CTGRY_2|NOAC_250GU|NOAC_250GO_500GU|NOAC_500GO_1KGU|NOAC_1KGO|JEJU_CTGRY|JEJU_500G_AMT|JEJU_700G_AMT|JEJU_1KG_AMT|JEJU_1_1KG_AMT|JEJU_2KG_AMT|WND_CTGRY|WND_500G_AMT|WND_700G_AMT|WND_1KG_AMT|WND_1_1KG_AMT|WND_2KG_AMT|INCH_CTGRY|INCH_400GO_500GU_AMT|INCH_900GO_1KGU_AMT|INCH_2KG_AMT|HNM_CTGRY|HNM_400GO_500GU_AMT|HNM_900GO_1KGU_AMT|HNM_2KG_AMT|BUSA_CTGRY|BUSA_400GO_500GU_AMT|BUSA_900GO_1KGU_AMT|BUSA_2KG_AMT|XPORT_QTY|MIKR_AVE_UNPRC_AMT|MIJPN_AVE_UNPRC_AMT,True,2025-07-15,AREA_CTGRY-BUSA_2KG_AMT-BUSA_400GO_500GU_AMT-BUSA_900GO_1KGU_AMT-BUSA_CTGRY-CTGRY_NO-DLT_YN-ETC_TN-HNM_2KG_AMT-HNM_400GO_500GU_AMT-HNM_900GO_1KGU_AMT-HNM_CTGRY-IDX_SEQ-INCH_2KG_AMT-INCH_400GO_500GU_AMT-INCH_900GO_1KGU_AMT-INCH_CTGRY-JEJU_1KG_AMT-JEJU_1_1KG_AMT-JEJU_2KG_AMT-JEJU_500G_AMT-JEJU_700G_AMT-JEJU_CTGRY-JEJU_TN-MGNT_CTGRY-MGNT_CTGRY_2-MIJPN_AVE_UNPRC_AMT-MIKR_AVE_UNPRC_AMT-NOAC_1KGO-NOAC_250GO_500GU-NOAC_250GU-NOAC_500GO_1KGU-OBSV_MNTH-OBSV_YR-RGSTN_DT-RGST_IDX-RGST_IP-TN_1KGO-TN_500GO_750GU-TN_500GU-TN_750GO_1KGU-TPCD-UPDATE_YMD-UPDUSR_IDX-UPDUSR_IP-WND_1KG_AMT-WND_1_1KG_AMT-WND_2KG_AMT-WND_500G_AMT-WND_700G_AMT-WND_CTGRY-WND_TN-XPORT_QTY,한국해양수산개발원,해양수산,"CSV, JSON, XML","['관측', '광어', '통계', '해양수산개발원']",산업/기술,해양/수산,어업,"['관측', '광어', '통계', '해양수산개발원']",5628,201,5628.0
bigdata-sea,page_000196.html,-,월별 우럭 관측통계,월별 우럭 관측통계,0,IDX_SEQ|CTGRY_NO|OBSV_YR|OBSV_MNTH|TPCD|DLT_YN|RGSTN_DT|RGST_IP|UPDATE_YMD|UPDUSR_IP|RGST_IDX|UPDUSR_IDX|MGNT_CTGRY|TN_400GU|TN_400GO_500GU|TN_500GO_600GU|TN_600GO|AREA_AVE_UNPRC_TN|GNM_AVE_UNPRC_TN|JNM_AVE_UNPRC_TN|ETC_AVE_UNPRC_TN|MGNT_CTGRY_2|NOAC_300GU|NOAC_300GO_400GU|NOAC_400GO_500GU|NOAC_500GO_600GU|NOAC_600GO|TGYG_CTGRY|TGYG_300G_AMT|TGYG_400G_AMT|TGYG_500G_AMT|TGYG_600G_AMT|YESU_CTGRY|YESU_300G_AMT|YESU_400G_AMT|YESU_500G_AMT|YESU_600G_AMT|WND_CTGRY|WND_300G_AMT|WND_400G_AMT|WND_500G_AMT|WND_600G_AMT|INCH_CTGRY|INCH_300GO_400GU_AMT|INCH_400GO_500GU_AMT|INCH_500GO_600GU_AMT|HNM_CTGRY|HNM_300GO_400GU_AMT|HNM_400GO_500GU_AMT|HNM_500GO_600GU_AMT|BUSA_CTGRY|BUSA_300GO_400GU_AMT|BUSA_400GO_500GU_AMT|BUSA_500GO_600GU_AMT|IMPORT_QTY,True,2025-07-15,AREA_AVE_UNPRC_TN-BUSA_300GO_400GU_AMT-BUSA_400GO_500GU_AMT-BUSA_500GO_600GU_AMT-BUSA_CTGRY-CTGRY_NO-DLT_YN-ETC_AVE_UNPRC_TN-GNM_AVE_UNPRC_TN-HNM_300GO_400GU_AMT-HNM_400GO_500GU_AMT-HNM_500GO_600GU_AMT-HNM_CTGRY-IDX_SEQ-IMPORT_QTY-INCH_300GO_400GU_AMT-INCH_400GO_500GU_AMT-INCH_500GO_600GU_AMT-INCH_CTGRY-JNM_AVE_UNPRC_TN-MGNT_CTGRY-MGNT_CTGRY_2-NOAC_300GO_400GU-NOAC_300GU-NOAC_400GO_500GU-NOAC_500GO_600GU-NOAC_600GO-OBSV_MNTH-OBSV_YR-RGSTN_DT-RGST_IDX-RGST_IP-TGYG_300G_AMT-TGYG_400G_AMT-TGYG_500G_AMT-TGYG_600G_AMT-TGYG_CTGRY-TN_400GO_500GU-TN_400GU-TN_500GO_600GU-TN_600GO-TPCD-UPDATE_YMD-UPDUSR_IDX-UPDUSR_IP-WND_300G_AMT-WND_400G_AMT-WND_500G_AMT-WND_600G_AMT-WND_CTGRY-YESU_300G_AMT-YESU_400G_AMT-YESU_500G_AMT-YESU_600G_AMT-YESU_CTGRY,한국해양수산개발원,해양수산,"CSV, JSON, XML","['관측', '우럭', '통계', '해양수산개발원']",산업/기술,해양/수산,어업,"['관측', '우럭', '통계', '해양수산개발원']",5208,186,5208.0
bigdata-sea,page_000197.html,-,월별 송어 관측통계,월별 송어 관측통계,0,IDX_SEQ|CTGRY_NO|OBSV_YR|OBSV_MNTH|TPCD|DLT_YN|RGSTN_DT|RGST_IP|UPDATE_YMD|UPDUSR_IP|RGST_IDX|UPDUSR_IDX|AREA_CTGRY|GW_TN|CB_TN|GNBK_TN|ETC_TN|LSRUSG_TN|ANGUSG_TN|FSTUSG_TN|MGNT_CTGRY|TN_100GU|TN_100GO_300GU|TN_300GO_600GU|TN_600GO_800GU|TN_800GO|EDBL_CTGRY|NW_EDBL_UNPRC_AMT|GW_EDBL_UNPRC_AMT|CB_EDBL_UNPRC_AMT|GNBK_EDBL_UNPRC_AMT|ETC_EDBL_UNPRC_AMT|LSRUSG_CTGRY|NW_LSRUSG_UNPRC_AMT|GW_LSRUSG_UNPRC_AMT|CB_LSRUSG_UNPRC_AMT|GNBK_LSRUSG_UNPRC_AMT|ETC_LSRUSG_UNPRC_AMT|IMPORT_QTY,True,2025-07-15,ANGUSG_TN-AREA_CTGRY-CB_EDBL_UNPRC_AMT-CB_LSRUSG_UNPRC_AMT-CB_TN-CTGRY_NO-DLT_YN-EDBL_CTGRY-ETC_EDBL_UNPRC_AMT-ETC_LSRUSG_UNPRC_AMT-ETC_TN-FSTUSG_TN-GNBK_EDBL_UNPRC_AMT-GNBK_LSRUSG_UNPRC_AMT-GNBK_TN-GW_EDBL_UNPRC_AMT-GW_LSRUSG_UNPRC_AMT-GW_TN-IDX_SEQ-IMPORT_QTY-LSRUSG_CTGRY-LSRUSG_TN-MGNT_CTGRY-NW_EDBL_UNPRC_AMT-NW_LSRUSG_UNPRC_AMT-OBSV_MNTH-OBSV_YR-RGSTN_DT-RGST_IDX-RGST_IP-TN_100GO_300GU-TN_100GU-TN_300GO_600GU-TN_600GO_800GU-TN_800GO-TPCD-UPDATE_YMD-UPDUSR_IDX-UPDUSR_IP,한국해양수산개발원,해양수산,"CSV, JSON, XML","['관측', '송어', '통계', '해양수산개발원']",산업/기술,해양/수산,어업,"['관측', '송어', '통계', '해양수산개발원']",4452,159,4452.0
bigdata-sea,page_000198.html,-,월별 전복 관측통계,월별 전복 관측통계,0,IDX_SEQ|CTGRY_NO|OBSV_YR|OBSV_MNTH|TPCD|DLT_YN|RGSTN_DT|RGST_IP|UPDATE_YMD|UPDUSR_IP|RGST_IDX|UPDUSR_IDX|AREA_CTGRY|WND_TN|ETC_TN|MGNT_CTGRY|TN_8NOANMU|TN_9NOANMO_11NOANMU|TN_12NOANMO_15NOANMU|TN_16NOANMO_20NOANMU|TN_21NOANMO|AREA_CTGRY_2|WND_NOAC|ETC_NOAC|WND_CTGRY|WND_5NOANM_AMT|WND_6NOANM_AMT|WND_7NOANM_AMT|WND_8NOANM_AMT|WND_9NOANM_AMT|WND_10NOANM_AMT|WND_11NOANM_AMT|WND_12NOANM_AMT|WND_13NOANM_AMT|WND_14NOANM_AMT|WND_15NOANM_AMT|WND_16NOANM_AMT|WND_17NOANM_AMT|WND_18NOANM_AMT|WND_19NOANM_AMT|WND_20NOANM_AMT|WND_25NOANM_AMT|WND_30NOANM_AMT|HNM_CTGRY|HNM_8NOANM_AMT|HNM_10NOANM_AMT|HNM_12NOANM_AMT|HNM_15NOANM_AMT|HNM_20NOANM_AMT|INCH_CTGRY|INCH_8NOANM_AMT|INCH_10NOANM_AMT|INCH_12NOANM_AMT|INCH_15NOANM_AMT|INCH_20NOANM_AMT|XPORT_CTGRY|XPORT_QTY|XPORT_AMT|IMPORT_CTGRY|IMPORT_QTY|IMPORT_AMT|MIKR_AVE_UNPRC_AMT|MIJPN_AVE_UNPRC_AMT,True,2025-07-15,AREA_CTGRY-AREA_CTGRY_2-CTGRY_NO-DLT_YN-ETC_NOAC-ETC_TN-HNM_10NOANM_AMT-HNM_12NOANM_AMT-HNM_15NOANM_AMT-HNM_20NOANM_AMT-HNM_8NOANM_AMT-HNM_CTGRY-IDX_SEQ-IMPORT_AMT-IMPORT_CTGRY-IMPORT_QTY-INCH_10NOANM_AMT-INCH_12NOANM_AMT-INCH_15NOANM_AMT-INCH_20NOANM_AMT-INCH_8NOANM_AMT-INCH_CTGRY-MGNT_CTGRY-MIJPN_AVE_UNPRC_AMT-MIKR_AVE_UNPRC_AMT-OBSV_MNTH-OBSV_YR-RGSTN_DT-RGST_IDX-RGST_IP-TN_12NOANMO_15NOANMU-TN_16NOANMO_20NOANMU-TN_21NOANMO-TN_8NOANMU-TN_9NOANMO_11NOANMU-TPCD-UPDATE_YMD-UPDUSR_IDX-UPDUSR_IP-WND_10NOANM_AMT-WND_11NOANM_AMT-WND_12NOANM_AMT-WND_13NOANM_AMT-WND_14NOANM_AMT-WND_15NOANM_AMT-WND_16NOANM_AMT-WND_17NOANM_AMT-WND_18NOANM_AMT-WND_19NOANM_AMT-WND_20NOANM_AMT-WND_25NOANM_AMT-WND_30NOANM_AMT-WND_5NOANM_AMT-WND_6NOANM_AMT-WND_7NOANM_AMT-WND_8NOANM_AMT-WND_9NOANM_AMT-WND_CTGRY-WND_NOAC-WND_TN-XPORT_AMT-XPORT_CTGRY-XPORT_QTY,한국해양수산개발원,해양수산,"CSV, JSON, XML","['관측', '전복', '통계', '해양수산개발원']",산업/기술,해양/수산,어업,"['관측', '전복', '통계', '해양수산개발원']",1665,185,1665.0
bigdata-sea,page_000199.html,-,월별 굴 관측통계,월별 굴 관측통계,0,IDX_SEQ|CTGRY_NO|OBSV_YR|OBSV_MNTH|TPCD|DLT_YN|RGSTN_DT|RGST_IP|UPDATE_YMD|UPDUSR_IP|RGST_IDX|UPDUSR_IDX|GNM_TN|JNM_TN|ETC_TN|AVE_UNPRC_AMT|TGYG_AVE_UNPRC_AMT|GSNG_AVE_UNPRC_AMT|YESU_AVE_UNPRC_AMT|NRJN_AVE_UNPRC_AMT|NW_AVE_UNPRC_AMT|SEOUL_AVE_UNPRC_AMT|BUSA_AVE_UNPRC_AMT|DEGU_AVE_UNPRC_AMT|GWJU_AVE_UNPRC_AMT|DJ_AVE_UNPRC_AMT|OYSFS_TN|RFOYS_TN|DROYS_TN|CNOYS_TN|MIKR_AVE_UNPRC_AMT|MIJPN_AVE_UNPRC_AMT|ETC_AVE_UNPRC_AMT,True,2025-07-15,AVE_UNPRC_AMT-BUSA_AVE_UNPRC_AMT-CNOYS_TN-CTGRY_NO-DEGU_AVE_UNPRC_AMT-DJ_AVE_UNPRC_AMT-DLT_YN-DROYS_TN-ETC_AVE_UNPRC_AMT-ETC_TN-GNM_TN-GSNG_AVE_UNPRC_AMT-GWJU_AVE_UNPRC_AMT-IDX_SEQ-JNM_TN-MIJPN_AVE_UNPRC_AMT-MIKR_AVE_UNPRC_AMT-NRJN_AVE_UNPRC_AMT-NW_AVE_UNPRC_AMT-OBSV_MNTH-OBSV_YR-OYSFS_TN-RFOYS_TN-RGSTN_DT-RGST_IDX-RGST_IP-SEOUL_AVE_UNPRC_AMT-TGYG_AVE_UNPRC_AMT-TPCD-UPDATE_YMD-UPDUSR_IDX-UPDUSR_IP-YESU_AVE_UNPRC_AMT,한국해양수산개발원,해양수산,"CSV, JSON, XML","['관측', '굴', '통계', '해양수산개발원']",산업/기술,해양/수산,어업,"['관측', '굴', '통계', '해양수산개발원']",1386,154,1386.0
bigdata-sea,page_000200.html,-,월별 고등어 관측통계,월별 고등어 관측통계,0,IDX_SEQ|CTGRY_NO|OBSV_YR|OBSV_MNTH|TPCD|DLT_YN|RGSTN_DT|RGST_IP|UPDATE_YMD|UPDUSR_IP|RGST_IDX|UPDUSR_IDX|OTTRN_TN|CLNM_OTTRN_TN|CLNM_SUM_TN|INVEN_TN|CLNM_INVEN_TN|CLSTR_AVE_UNPRC_AMT|RFRGR_AVE_UNPRC_AMT|CLSTR_AVE_UNPRC_AMT_2|RFRGR_AVE_UNPRC_AMT_2|CLSTR_AVE_UNPRC_AMT_3|RFRGR_AVE_UNPRC_AMT_3|IMPORT_QTY|CLNM_IMPORT_QTY|CLNM_IMPORT_QTY_SUM|XPORT_QTY|CLNM_XPORT_QTY|CLNM_XPORT_QTY_SUM|OSK_AVE_UNPRC_AMT,True,2025-07-15,CLNM_IMPORT_QTY-CLNM_IMPORT_QTY_SUM-CLNM_INVEN_TN-CLNM_OTTRN_TN-CLNM_SUM_TN-CLNM_XPORT_QTY-CLNM_XPORT_QTY_SUM-CLSTR_AVE_UNPRC_AMT-CLSTR_AVE_UNPRC_AMT_2-CLSTR_AVE_UNPRC_AMT_3-CTGRY_NO-DLT_YN-IDX_SEQ-IMPORT_QTY-INVEN_TN-OBSV_MNTH-OBSV_YR-OSK_AVE_UNPRC_AMT-OTTRN_TN-RFRGR_AVE_UNPRC_AMT-RFRGR_AVE_UNPRC_AMT_2-RFRGR_AVE_UNPRC_AMT_3-RGSTN_DT-RGST_IDX-RGST_IP-TPCD-UPDATE_YMD-UPDUSR_IDX-UPDUSR_IP-XPORT_QTY,한국해양수산개발원,해양수산,"CSV, JSON, XML","['고등어', '관측', '통계', '해양수산개발원']",산업/기술,해양/수산,해양,"['고등어', '관측', '통계', '해양수산개발원']",880,99,880.0
bigdata-sea,page_000201.html,-,월별 오징어 관측통계,월별 오징어 관측통계,0,IDX_SEQ|CTGRY_NO|OBSV_YR|OBSV_MNTH|TPCD|DLT_YN|RGSTN_DT|RGST_IP|UPDATE_YMD|UPDUSR_IP|RGST_IDX|UPDUSR_IDX|LTS_TN|LTS_CLNM_OTTRN_TN|DPS_TN|DPS_CLNM_OTTRN_TN|CLNM_SUM_TN|LTS_TN_2|LTS_CLNM_INVEN_TN|DPS_TN_2|DPS_CLNM_INVEN_TN|CLSTR_AVE_UNPRC_AMT|RFRGR_AVE_UNPRC_AMT|CLSTR_AVE_UNPRC_AMT_2|RFRGR_AVE_UNPRC_AMT_2|CLSTR_AVE_UNPRC_AMT_3|RFRGR_AVE_UNPRC_AMT_3|IMPORT_AMT|CLNM_IMPORT_QTY|CLNM_IMPORT_QTY_SUM|XPORT_QTY|CLNM_XPORT_QTY|CLNM_XPORT_QTY_SUM|OSK_AVE_UNPRC_AMT|TSKJ_AVE_UNPRC_AMT,True,2025-07-15,CLNM_IMPORT_QTY-CLNM_IMPORT_QTY_SUM-CLNM_SUM_TN-CLNM_XPORT_QTY-CLNM_XPORT_QTY_SUM-CLSTR_AVE_UNPRC_AMT-CLSTR_AVE_UNPRC_AMT_2-CLSTR_AVE_UNPRC_AMT_3-CTGRY_NO-DLT_YN-DPS_CLNM_INVEN_TN-DPS_CLNM_OTTRN_TN-DPS_TN-DPS_TN_2-IDX_SEQ-IMPORT_AMT-LTS_CLNM_INVEN_TN-LTS_CLNM_OTTRN_TN-LTS_TN-LTS_TN_2-OBSV_MNTH-OBSV_YR-OSK_AVE_UNPRC_AMT-RFRGR_AVE_UNPRC_AMT-RFRGR_AVE_UNPRC_AMT_2-RFRGR_AVE_UNPRC_AMT_3-RGSTN_DT-RGST_IDX-RGST_IP-TPCD-TSKJ_AVE_UNPRC_AMT-UPDATE_YMD-UPDUSR_IDX-UPDUSR_IP-XPORT_QTY,한국해양수산개발원,해양수산,"CSV, JSON, XML","['관측', '오징어', '통계', '해양수산개발원']",산업/기술,해양/수산,어업,"['관측', '오징어', '통계', '해양수산개발원']",880,110,880.0
bigdata-sea,page_000202.html,-,월별 갈치 관측통계,월별 갈치 관측통계,0,IDX_SEQ|CTGRY_NO|OBSV_YR|OBSV_MNTH|TPCD|DLT_YN|RGSTN_DT|RGST_IP|UPDATE_YMD|UPDUSR_IP|RGST_IDX|UPDUSR_IDX|OTTRN_TN|CLNM_OTTRN_TN|CLNM_SUM_TN|LTS_TN|LTS_CLNM_INVEN_TN|DPS_TN|DPS_CLNM_INVEN_TN|CLSTR_TN|RFRGR_TN|CLSTR_TN_2|RFRGR_TN_2|CLSTR_TN_3|RFRGR_TN_3|IMPORT_QTY|CLNM_IMPORT_AMT|CLNM_IMPORT_AMT_SUM|XPORT_AMT|CLNM_XPORT_AMT|CLNM_XPORT_AMT_SUM|SHAI_AVE_UNPRC_AMT,True,2025-07-15,CLNM_IMPORT_AMT-CLNM_IMPORT_AMT_SUM-CLNM_OTTRN_TN-CLNM_SUM_TN-CLNM_XPORT_AMT-CLNM_XPORT_AMT_SUM-CLSTR_TN-CLSTR_TN_2-CLSTR_TN_3-CTGRY_NO-DLT_YN-DPS_CLNM_INVEN_TN-DPS_TN-IDX_SEQ-IMPORT_QTY-LTS_CLNM_INVEN_TN-LTS_TN-OBSV_MNTH-OBSV_YR-OTTRN_TN-RFRGR_TN-RFRGR_TN_2-RFRGR_TN_3-RGSTN_DT-RGST_IDX-RGST_IP-SHAI_AVE_UNPRC_AMT-TPCD-UPDATE_YMD-UPDUSR_IDX-UPDUSR_IP-XPORT_AMT,한국해양수산개발원,해양수산,"CSV, JSON, XML","['갈치', '관측', '통계', '해양수산개발원']",산업/기술,해양/수산,해양,"['갈치', '관측', '통계', '해양수산개발원']",1428,146,1428.0
bigdata-sea,page_000203.html,-,월별 명태 관측통계,월별 명태 관측통계,0,IDX_SEQ|CTGRY_NO|OBSV_YR|OBSV_MNTH|TPCD|DLT_YN|RGSTN_DT|RGST_IP|UPDATE_YMD|UPDUSR_IP|RGST_IDX|UPDUSR_IDX|OTTRN_TN|CLNM_OTTRN_TN|CLNM_SUM_TN|INVEN_TN|CLNM_INVEN_TN|RFRGR_AVE_UNPRC_AMT|RFRGR_AVE_UNPRC_AMT_2|IMPORT_QTY|CLNM_IMPORT_QTY|CLNM_IMPORT_QTY_SUM|XPORT_QTY|CLNM_XPORT_QTY|CLNM_XPORT_QTY_SUM|KMCK_AVE_UNPRC_AMT,True,2025-07-15,CLNM_IMPORT_QTY-CLNM_IMPORT_QTY_SUM-CLNM_INVEN_TN-CLNM_OTTRN_TN-CLNM_SUM_TN-CLNM_XPORT_QTY-CLNM_XPORT_QTY_SUM-CTGRY_NO-DLT_YN-IDX_SEQ-IMPORT_QTY-INVEN_TN-KMCK_AVE_UNPRC_AMT-OBSV_MNTH-OBSV_YR-OTTRN_TN-RFRGR_AVE_UNPRC_AMT-RFRGR_AVE_UNPRC_AMT_2-RGSTN_DT-RGST_IDX-RGST_IP-TPCD-UPDATE_YMD-UPDUSR_IDX-UPDUSR_IP-XPORT_QTY,한국해양수산개발원,해양수산,"CSV, JSON, XML","['관측', '명태', '통계', '해양수산개발원']",산업/기술,해양/수산,어업,"['관측', '명태', '통계', '해양수산개발원']",990,110,990.0
bigdata-sea,page_000204.html,-,월별 마른멸치 관측통계,월별 마른멸치 관측통계,0,IDX_SEQ|CTGRY_NO|OBSV_YR|OBSV_MNTH|TPCD|DLT_YN|RGSTN_DT|RGST_IP|UPDATE_YMD|UPDUSR_IP|RGST_IDX|UPDUSR_IDX|OTTRN_TN|CLNM_OTTRN_TN|CLNM_SUM_TN|INVEN_TN|CLNM_INVEN_TN|LPP_AVE_UNPRC_AMT|RFRGR_AVE_UNPRC_AMT|WHP_AVE_UNPRC_AMT|RFRGR_AVE_UNPRC_AMT_2|CON_PRICE|RFRGR_AVE_UNPRC_AMT_3|IMPORT_QTY|CLNM_IMPORT_QTY|CLNM_IMPORT_QTY_SUM|XPORT_QTY|CLNM_XPORT_QTY|CLNM_XPORT_QTY_SUM|OSK_AVE_UNPRC_AMT,True,2025-07-15,CLNM_IMPORT_QTY-CLNM_IMPORT_QTY_SUM-CLNM_INVEN_TN-CLNM_OTTRN_TN-CLNM_SUM_TN-CLNM_XPORT_QTY-CLNM_XPORT_QTY_SUM-CON_PRICE-CTGRY_NO-DLT_YN-IDX_SEQ-IMPORT_QTY-INVEN_TN-LPP_AVE_UNPRC_AMT-OBSV_MNTH-OBSV_YR-OSK_AVE_UNPRC_AMT-OTTRN_TN-RFRGR_AVE_UNPRC_AMT-RFRGR_AVE_UNPRC_AMT_2-RFRGR_AVE_UNPRC_AMT_3-RGSTN_DT-RGST_IDX-RGST_IP-TPCD-UPDATE_YMD-UPDUSR_IDX-UPDUSR_IP-WHP_AVE_UNPRC_AMT-XPORT_QTY,한국해양수산개발원,해양수산,"CSV, JSON, XML","['관측', '마른', '멸치', '통계', '해양수산개발원']",산업/기술,해양/수산,어업,"['관측', '마른', '멸치', '통계', '해양수산개발원']",810,90,810.0
bigdata-sea,page_000205.html,-,월별 참조기 관측통계,월별 참조기 관측통계,0,IDX_SEQ|CTGRY_NO|OBSV_YR|OBSV_MNTH|TPCD|DLT_YN|RGSTN_DT|RGST_IP|UPDATE_YMD|UPDUSR_IP|RGST_IDX|UPDUSR_IDX|OTTRN_TN|CLNM_OTTRN_TN|CLNM_SUM_TN|INVEN_TN|CLNM_INVEN_TN|CLSTR_TN|RFRGR_TN|CLSTR_TN_2|RFRGR_TN_2|CLSTR_TN_3|RFRGR_TN_3|IMPORT_AMT|CLNM_IMPORT_AMT|CLNM_IMPORT_AMT_SUM|XPORT_AMT|CLNM_XPORT_AMT|CLNM_XPORT_AMT_SUM,True,2025-07-15,CLNM_IMPORT_AMT-CLNM_IMPORT_AMT_SUM-CLNM_INVEN_TN-CLNM_OTTRN_TN-CLNM_SUM_TN-CLNM_XPORT_AMT-CLNM_XPORT_AMT_SUM-CLSTR_TN-CLSTR_TN_2-CLSTR_TN_3-CTGRY_NO-DLT_YN-IDX_SEQ-IMPORT_AMT-INVEN_TN-OBSV_MNTH-OBSV_YR-OTTRN_TN-RFRGR_TN-RFRGR_TN_2-RFRGR_TN_3-RGSTN_DT-RGST_IDX-RGST_IP-TPCD-UPDATE_YMD-UPDUSR_IDX-UPDUSR_IP-XPORT_AMT,한국해양수산개발원,해양수산,"CSV, JSON, XML","['관측', '참조기', '통계', '해양수산개발원']",산업/기술,해양/수산,어업,"['관측', '참조기', '통계', '해양수산개발원']",1298,146,1298.0
bigdata-sea,page_000206.html,-,월별 광어 종자 관측통계,월별 광어 종자 관측통계,0,IDX_SEQ|CTGRY_NO|OBSV_YR|OBSV_MNTH|TPCD|DLT_YN|RGSTN_DT|RGST_IP|UPDATE_YMD|UPDUSR_IP|RGST_IDX|UPDUSR_IDX|SALE_QTY_CTGRY|JEJU_NOAC|DCQ_CTGRY|NOAC_4CMU|JNM_NOAC|ETC_NOAC|NOAC_4CMO_7CMU|NOAC_7CMO_10CMU|NOAC_10CMO,True,2025-07-15,CTGRY_NO-DCQ_CTGRY-DLT_YN-ETC_NOAC-IDX_SEQ-JEJU_NOAC-JNM_NOAC-NOAC_10CMO-NOAC_4CMO_7CMU-NOAC_4CMU-NOAC_7CMO_10CMU-OBSV_MNTH-OBSV_YR-RGSTN_DT-RGST_IDX-RGST_IP-SALE_QTY_CTGRY-TPCD-UPDATE_YMD-UPDUSR_IDX-UPDUSR_IP,한국해양수산개발원,해양수산,"CSV, JSON, XML","['관측', '광어', '종자', '통계', '해양수산개발원']",산업/기술,해양/수산,어업,"['관측', '광어', '종자', '통계', '해양수산개발원']",2315,83,2315.0
bigdata-sea,page_000207.html,-,월별 전복 종자 관측통계,월별 전복 종자 관측통계,0,IDX_SEQ|CTGRY_NO|OBSV_YR|OBSV_MNTH|TPCD|DLT_YN|RGSTN_DT|RGST_IP|UPDATE_YMD|UPDUSR_IP|RGST_IDX|UPDUSR_IDX|WND_NOAC|NW_NOAC|WND_NOAC_2|ETC_NOAC|ETC_NOAC_2,True,2025-07-15,CTGRY_NO-DLT_YN-ETC_NOAC-ETC_NOAC_2-IDX_SEQ-NW_NOAC-OBSV_MNTH-OBSV_YR-RGSTN_DT-RGST_IDX-RGST_IP-TPCD-UPDATE_YMD-UPDUSR_IDX-UPDUSR_IP-WND_NOAC-WND_NOAC_2,한국해양수산개발원,해양수산,"CSV, JSON, XML","['관측', '전복', '종자', '통계', '해양수산개발원']",산업/기술,해양/수산,어업,"['관측', '전복', '종자', '통계', '해양수산개발원']",1176,42,1176.0
bigdata-sea,page_000208.html,-,월별 홍합 관측통계,월별 홍합 관측통계,0,IDX_SEQ|CTGRY_NO|OBSV_YR|OBSV_MNTH|TPCD|DLT_YN|RGSTN_DT|RGST_IP|UPDATE_YMD|UPDUSR_IP|RGST_IDX|UPDUSR_IDX|AREA_CTGRY|GNM_NOAC|JNM_NOAC|MSSL_LPP_CTGRY|GNM_NOAC_2|JNM_NOAC_2|PMSSL_LPP_CTGRY|GNM_NOAC_3|JNM_NOAC_3|MSSL_WHP_CTGRY|NRJN_MKT_NOAC|GARK_MKT_NOAC|PMSSL_WHP_CTGRY|NRJN_MKT_NOAC_2|GARK_MKT_NOAC_2|XPORT_CTGRY|XPORT_QTY|XPORT_AMT|IMPORT_CTGRY|IMPORT_QTY|IMPORT_AMT,True,2025-07-15,AREA_CTGRY-CTGRY_NO-DLT_YN-GARK_MKT_NOAC-GARK_MKT_NOAC_2-GNM_NOAC-GNM_NOAC_2-GNM_NOAC_3-IDX_SEQ-IMPORT_AMT-IMPORT_CTGRY-IMPORT_QTY-JNM_NOAC-JNM_NOAC_2-JNM_NOAC_3-MSSL_LPP_CTGRY-MSSL_WHP_CTGRY-NRJN_MKT_NOAC-NRJN_MKT_NOAC_2-OBSV_MNTH-OBSV_YR-PMSSL_LPP_CTGRY-PMSSL_WHP_CTGRY-RGSTN_DT-RGST_IDX-RGST_IP-TPCD-UPDATE_YMD-UPDUSR_IDX-UPDUSR_IP-XPORT_AMT-XPORT_CTGRY-XPORT_QTY,한국해양수산개발원,해양수산,"CSV, JSON, XML","['관측', '통계', '해양수산개발원', '홍합']",산업/기술,해양/수산,어업,"['관측', '통계', '해양수산개발원', '홍합']",747,83,747.0
bigdata-sea,page_000209.html,-,월별 뱀장어 관측통계,월별 뱀장어 관측통계,0,IDX_SEQ|CTGRY_NO|OBSV_YR|OBSV_MNTH|TPCD|DLT_YN|RGSTN_DT|RGST_IP|UPDATE_YMD|UPDUSR_IP|RGST_IDX|UPDUSR_IDX|MGNT_CTGRY|TN_1NOANM|TN_2NOANM|TN_3NOANM|TN_4NOANM|AREA_CTGRY|JNM_TN|JNBK_TN|SPCIES_CTGRY|FRST_ORPLC_TN|ETC_TN|MGNT_CTGRY_2|AVE_UNPRC_AMT_1NOANM|AVE_UNPRC_AMT_2NOANM|AVE_UNPRC_AMT_3NOANM|AVE_UNPRC_AMT_4NOANM|MGNT_CTGRY_3|AVE_UNPRC_AMT_2NOANM_2|AVE_UNPRC_AMT_3NOANM_2|AVE_UNPRC_AMT_4NOANM_2|IMPORT_QTY|ETC_TN_2,True,2025-07-15,AREA_CTGRY-AVE_UNPRC_AMT_1NOANM-AVE_UNPRC_AMT_2NOANM-AVE_UNPRC_AMT_2NOANM_2-AVE_UNPRC_AMT_3NOANM-AVE_UNPRC_AMT_3NOANM_2-AVE_UNPRC_AMT_4NOANM-AVE_UNPRC_AMT_4NOANM_2-CTGRY_NO-DLT_YN-ETC_TN-ETC_TN_2-FRST_ORPLC_TN-IDX_SEQ-IMPORT_QTY-JNBK_TN-JNM_TN-MGNT_CTGRY-MGNT_CTGRY_2-MGNT_CTGRY_3-OBSV_MNTH-OBSV_YR-RGSTN_DT-RGST_IDX-RGST_IP-SPCIES_CTGRY-TN_1NOANM-TN_2NOANM-TN_3NOANM-TN_4NOANM-TPCD-UPDATE_YMD-UPDUSR_IDX-UPDUSR_IP,한국해양수산개발원,해양수산,"CSV, JSON, XML","['관측', '뱀장어', '통계', '해양수산개발원']",산업/기술,해양/수산,어업,"['관측', '뱀장어', '통계', '해양수산개발원']",828,92,828.0
bigdata-sea,page_000210.html,-,월별 멍게 관측통계,월별 멍게 관측통계,0,IDX_SEQ|CTGRY_NO|OBSV_YR|OBSV_MNTH|TPCD|DLT_YN|RGSTN_DT|RGST_IP|UPDATE_YMD|UPDUSR_IP|RGST_IDX|UPDUSR_IDX|AREA_CTGRY|GNM_TN|GNBK_TN|GW_TN|AREA_CTGRY_2|AVE_UNPRC_AMT|JNM_AVE_UNPRC_TN|GNBK_AVE_UNPRC_AMT|WHP_CTGRY|NRJN_MKT_AVE_UNPRC_AMT|XPORT_CTGRY|SQT_TN|RFSQT_TN|IMPORT_CTGRY|SQT_TN_2|RFSQT_TN_2|GW_TN_2,True,2025-07-15,AREA_CTGRY-AREA_CTGRY_2-AVE_UNPRC_AMT-CTGRY_NO-DLT_YN-GNBK_AVE_UNPRC_AMT-GNBK_TN-GNM_TN-GW_TN-GW_TN_2-IDX_SEQ-IMPORT_CTGRY-JNM_AVE_UNPRC_TN-NRJN_MKT_AVE_UNPRC_AMT-OBSV_MNTH-OBSV_YR-RFSQT_TN-RFSQT_TN_2-RGSTN_DT-RGST_IDX-RGST_IP-SQT_TN-SQT_TN_2-TPCD-UPDATE_YMD-UPDUSR_IDX-UPDUSR_IP-WHP_CTGRY-XPORT_CTGRY,한국해양수산개발원,해양수산,"CSV, JSON, XML","['관측', '멍게', '통계', '해양수산개발원']",산업/기술,해양/수산,해양,"['관측', '멍게', '통계', '해양수산개발원']",688,86,688.0
bigdata-sea,page_000211.html,-,월별 김 종자 관측통계,월별 김 종자 관측통계,0,IDX_SEQ|CTGRY_NO|OBSV_YR|OBSV_MNTH|TPCD|DLT_YN|RGSTN_DT|RGST_IP|UPDATE_YMD|UPDUSR_IP|RGST_IDX|UPDUSR_IDX|PRTDK_QTY|PRTSR_QTY|PXVRT_GNRLVR_QTY|NWVRT_GNRLVR_QTY|PRTDK_UNPRC|PRTSR_UNPRC|PXVRT_GNRLVR_UNPRC|NWVRT_GNRLVR_UNPRC,True,2025-07-15,CTGRY_NO-DLT_YN-IDX_SEQ-NWVRT_GNRLVR_QTY-NWVRT_GNRLVR_UNPRC-OBSV_MNTH-OBSV_YR-PRTDK_QTY-PRTDK_UNPRC-PRTSR_QTY-PRTSR_UNPRC-PXVRT_GNRLVR_QTY-PXVRT_GNRLVR_UNPRC-RGSTN_DT-RGST_IDX-RGST_IP-TPCD-UPDATE_YMD-UPDUSR_IDX-UPDUSR_IP,한국해양수산개발원,해양수산,"CSV, JSON, XML","['관측', '김', '종자', '통계', '해양수산개발원']",산업/기술,해양/수산,어업,"['관측', '김', '종자', '통계', '해양수산개발원']",41,1,41.0
bigdata-sea,page_000212.html,-,월별 미역 종자 관측통계,월별 미역 종자 관측통계,0,IDX_SEQ|CTGRY_NO|OBSV_YR|OBSV_MNTH|TPCD|DLT_YN|RGSTN_DT|RGST_IP|UPDATE_YMD|UPDUSR_IP|RGST_IDX|UPDUSR_IDX|JNM_QTY|CHNM_QTY|ETC_QTY|JNMNR_AVE_UNPRC_AMT|CHNMNR_AVE_UNPRC_AMT|ETCNR_AVE_UNPRC_AMT|JNMSR_AVE_UNPRC_AMT|CHNMSR_AVE_UNPRC_AMT|GNBK_AVE_UNPRC_AMT,True,2025-07-15,CHNMNR_AVE_UNPRC_AMT-CHNMSR_AVE_UNPRC_AMT-CHNM_QTY-CTGRY_NO-DLT_YN-ETCNR_AVE_UNPRC_AMT-ETC_QTY-GNBK_AVE_UNPRC_AMT-IDX_SEQ-JNMNR_AVE_UNPRC_AMT-JNMSR_AVE_UNPRC_AMT-JNM_QTY-OBSV_MNTH-OBSV_YR-RGSTN_DT-RGST_IDX-RGST_IP-TPCD-UPDATE_YMD-UPDUSR_IDX-UPDUSR_IP,한국해양수산개발원,해양수산,"CSV, JSON, XML","['관측', '미역', '종자', '통계', '해양수산개발원']",산업/기술,해양/수산,해양,"['관측', '미역', '종자', '통계', '해양수산개발원']",78,5,78.0
bigdata-sea,page_000321.html,-,관광지 주변의 3차원 공간정보(DEM),"관광지 주변의 지형정보를 확인할 수 있는 디지털 지형 모델\n\n관광지 지역의 3차원 모델을 구축하이 위해 필요한 필수 공간정보 자료\n바다여행 디지털트윈, 메타버스, 증강현실/가상현실 소프트웨어 개발에 사용될 수 있음",0,DSTN_ID|DSTN_TTL|DSTN_RGN|DSTN_CTGRY|DSTN_X_CRD|DSTN_Y_CRD|DEM_COURS|DEM_CRSST|DEM_PXL_MAX_VL|DEM_PXL_MINM_VL|DEM_PXL_AVE_VL|DEM_PXL_STDV|DEM_THLF_CRD|DEM_THRG_CRD|DEM_UPEND_CRD|DEM_LWPRT_CRD|DEM_OGN|DEM_FILE_SIZE|DEM_ROW_CNT|DEM_CLMN_CNT,True,2025-07-15,DEM_CLMN_CNT-DEM_COURS-DEM_CRSST-DEM_FILE_SIZE-DEM_LWPRT_CRD-DEM_OGN-DEM_PXL_AVE_VL-DEM_PXL_MAX_VL-DEM_PXL_MINM_VL-DEM_PXL_STDV-DEM_ROW_CNT-DEM_THLF_CRD-DEM_THRG_CRD-DEM_UPEND_CRD-DSTN_CTGRY-DSTN_ID-DSTN_RGN-DSTN_TTL-DSTN_X_CRD-DSTN_Y_CRD,지오씨엔아이,해사안전,"CSV, JSON, XML","['3차원공간정보', 'DEM', '공원', '관광', '문화유적', '바다여행', '여행']",공간/위치,관광,관광지,"['3차원공간정보', 'DEM', '공원', '관광', '문화유적', '바다여행', '여행']",5655247,63305,5655247.0
bigdata-sea,page_000322.html,-,체험지 주변의 3차원 공간정보(DEM),"체험지 주변의 지형정보를 확인할 수 있는 디지털 지형 모델\n\n체험지 지역의 3차원 모델을 구축하기 위해 필요한 필수 공간정보 자료\n해양체험 디지털트윈, 메타버스, 증강현실/가상현실 소프트웨어 개발에 사용될 수 있음",0,DSTN_ID|DSTN_TTL|DSTN_RGN|DSTN_CTGRY|DSTN_X_CRD|DSTN_Y_CRD|DEM_COURS|DEM_CRSST|DEM_PXL_MAX_VL|DEM_PXL_MINM_VL|DEM_PXL_AVE_VL|DEM_PXL_STDV|DEM_THLF_CRD|DEM_THRG_CRD|DEM_UPEND_CRD|DEM_LWPRT_CRD|DEM_OGN|DEM_FILE_SIZE|DEM_ROW_CNT|DEM_CLMN_CNT,True,2025-07-15,DEM_CLMN_CNT-DEM_COURS-DEM_CRSST-DEM_FILE_SIZE-DEM_LWPRT_CRD-DEM_OGN-DEM_PXL_AVE_VL-DEM_PXL_MAX_VL-DEM_PXL_MINM_VL-DEM_PXL_STDV-DEM_ROW_CNT-DEM_THLF_CRD-DEM_THRG_CRD-DEM_UPEND_CRD-DSTN_CTGRY-DSTN_ID-DSTN_RGN-DSTN_TTL-DSTN_X_CRD-DSTN_Y_CRD,지오씨엔아이,해사안전,"CSV, JSON, XML","['3차원공간정보', 'DEM', '레저', '체험']",산업/기술,해양/수산,해양,"['3차원공간정보', 'DEM', '레저', '체험']",81682,890,81682.0
bigdata-sea,page_000323.html,-,카테고리별 공간정보,"바다여행의 카테고리(관광, 레저, 쇼핑, 숙박, 식당, 식도락)별 현황 정보를 포함한 GIS 자료\n\n바다여행의 다양한 카테고리별 현황 정보 확인에 활용될 수 있음",0,DSTN_ID|DSTN_TTL|DSTN_RGN|DSTN_CTGRY|DSTN_ADDR|DSTN_X_CRD|DSTN_Y_CRD,True,2025-07-15,DSTN_ADDR-DSTN_CTGRY-DSTN_ID-DSTN_RGN-DSTN_TTL-DSTN_X_CRD-DSTN_Y_CRD,지오씨엔아이,해사안전,"CSV, JSON, XML","['GIS', '관광', '레저', '쇼핑', '숙박', '식당', '식도락']",공간/위치,관광,관광,"['GIS', '관광', '레저', '쇼핑', '숙박', '식당', '식도락']",300294,3998,300294.0
bigdata-sea,page_000324.html,-,카테고리별 지자체 공간정보,바다여행의 지자체별 현황 정보를 포함한 GIS 자료\n\n바다여행의 지자체별 현황 정보 확인에 활용될 수 있음,0,DSTN_ID|DSTN_TTL|DSTN_RGN|DSTN_CTGRY|DSTN_ADDR|DSTN_X_CRD|DSTN_Y_CRD,True,2025-07-15,DSTN_ADDR-DSTN_CTGRY-DSTN_ID-DSTN_RGN-DSTN_TTL-DSTN_X_CRD-DSTN_Y_CRD,지오씨엔아이,해사안전,"CSV, JSON, XML","['GIS', '바다여행', '지자체', '해양레저']",산업/기술,해양/수산,해양,"['GIS', '바다여행', '지자체', '해양레저']",427026,5037,427026.0
bigdata-sea,page_000327.html,-,해외제조가공업체별 수산물 수입데이터,"수입수산물 원산지 해외제조가공업체명, 주소, 수입업체 코트 데이터",0,IM_YMD|SOF|PRDCT_NM|ORPLC_NTN_NM|XPORT_NTN_NM|OVSEA_MF_CMPNY|OVSEA_MF_CMPNY_ADDR|CMPNY_CD,True,2025-07-15,CMPNY_CD-IM_YMD-ORPLC_NTN_NM-OVSEA_MF_CMPNY-OVSEA_MF_CMPNY_ADDR-PRDCT_NM-SOF-XPORT_NTN_NM,에이치더블유,해양수산,"CSV, JSON, XML","['가공', '가공공장', '수산가공', '수산물', '수입', '원산지', '위치', '유통', '제조']",소비/유통,상품,유통,"['가공', '가공공장', '수산가공', '수산물', '수입', '원산지', '위치', '유통', '제조']",6506660,49376,6506660.0
bigdata-sea,page_000334.html,-,내항 여객선 항로 조석 데이터,"1. 설명: 내항 여객선 항로의 상세 조석 정보\n2. 활용처: 항해계획 수립, 안전대책 마련 등의 업무시 활용",0,JU_BHF_NM|SR_NM|PORTCLL_SN|PORTCLL_NM|TIDE_SYZG|TIDE_FLQM|TIDE_AVE_PORTCLL|TDTM_DFFRC,True,2025-07-15,JU_BHF_NM-PORTCLL_NM-PORTCLL_SN-SR_NM-TDTM_DFFRC-TIDE_AVE_PORTCLL-TIDE_FLQM-TIDE_SYZG,한국해양교통안전공단,해사안전,"CSV, JSON, XML","['내항여객선항로', '여객선항로', '조석', '항로구간', '항로명칭']",산업/기술,해양/수산,해양,"['내항여객선항로', '여객선항로', '조석', '항로구간', '항로명칭']",11915,586,11915.0
bigdata-sea,page_000335.html,-,내항 여객선 항로 위해요소 데이터,1. 설명: 내항여객선의 항로 위해요소 정보 데이터\n2. 활용처: 항만기본계획 수립 등 기초자료로 활용 가능한 항로 위해요소 데이터,0,JU_BHF_NM|SR_NM|SR_CD|PLFCT_SN|PLFCT_KIND|PLFCT_LA|PLFCT_LO|PLFCT_LCT_DETL|PLFCT_CONT|PLFCT_PHOTO_FILE_NM,True,2025-07-15,JU_BHF_NM-PLFCT_CONT-PLFCT_KIND-PLFCT_LA-PLFCT_LCT_DETL-PLFCT_LO-PLFCT_PHOTO_FILE_NM-PLFCT_SN-SR_CD-SR_NM,한국해양교통안전공단,해사안전,"CSV, JSON, XML","['내항여객선', '항로명칭', '항로위해요소', '항로코드']",산업/기술,해양/수산,해양,"['내항여객선', '항로명칭', '항로위해요소', '항로코드']",10316,422,10316.0
bigdata-sea,page_000338.html,-,해양생태 데이터,"해양생물영상, 해양교육생태동영상, 해양생태교육을 위한 OVR",0,DATA_NM|MVP_KIND|CONNO|MVP_SCTN|FILE_LCT_CONT|IMG_ID|MVP_ID|LVBNG_NM|CLS_GNNM|BIOGY_NM|LVBNG_PHLM_NM|LVBNG_CLSS_NM|LVBNG_ORDER_NM|LVBNG_FML_NM|HBTT|KND|STYLE|ECLG|DSTRBT|URL_ADDR|PROVD_INSTT_NM|RGSTN_DT|EXC_YR,True,2025-07-15,BIOGY_NM-CLS_GNNM-CONNO-DATA_NM-DSTRBT-ECLG-EXC_YR-FILE_LCT_CONT-HBTT-IMG_ID-KND-LVBNG_CLSS_NM-LVBNG_FML_NM-LVBNG_NM-LVBNG_ORDER_NM-LVBNG_PHLM_NM-MVP_ID-MVP_KIND-MVP_SCTN-PROVD_INSTT_NM-RGSTN_DT-STYLE-URL_ADDR,빌리언21,해양환경,"CSV, JSON, XML","['3D', 'VR', '갯벌', '바다', '바다생물', '바다홍보', '생물', '생물학명', '어촌어항', '해양교육', '해양생태', '해양수산부']",산업/기술,해양/수산,해양,"['3D', 'VR', '갯벌', '바다', '바다생물', '바다홍보', '생물', '생물학명', '어촌어항', '해양교육', '해양생태', '해양수산부']",41251,998,41251.0
bigdata-sea,page_000339.html,-,국가어항 안전점검 종합결과,국가어항 안전점검 종합결과,0,SAFETY_CHECK_CONNO|CONNO|FSHNG_PRT_CD|FSHNG_PRT_NM|LA|LO|ADDR|CTPRV_CD|SIGNGU_CD|FP_KIND|EXAMIN_DT|FCLTY_CD|FCLTY_NM|FCLTY_LA|FCLTY_LO|FCLTY_COMPL_YR|SAFETY_CHECK_GRAD|RGSTN_DT|UPDATE_YMD|EXC_YR,True,2025-07-15,ADDR-CONNO-CTPRV_CD-EXAMIN_DT-EXC_YR-FCLTY_CD-FCLTY_COMPL_YR-FCLTY_LA-FCLTY_LO-FCLTY_NM-FP_KIND-FSHNG_PRT_CD-FSHNG_PRT_NM-LA-LO-RGSTN_DT-SAFETY_CHECK_CONNO-SAFETY_CHECK_GRAD-SIGNGU_CD-UPDATE_YMD,빌리언21,공통행정,"CSV, JSON, XML","['국가어항', '국가어항안전등급', '시설안전등급', '어촌어항', '항구']",공공/행정,정책,공공데이터,"['국가어항', '국가어항안전등급', '시설안전등급', '어촌어항', '항구']",489702,8427,489702.0
bigdata-sea,page_000345.html,-,한반도 연안 해양생물환경정보 날짜별 위치별 데이터셋,2010년 부터 10년간의 환경영향평가정보 시스템에서 제공하는 비정형의 환경영향평가 결과 자료(PDF)를 수집하여 해양생물분야의 환경정보를 분석 추출하여 데이터셋으로 제작\n- 국내 환경영향평가 사업을 진행하는 기업에 비교 분석자료로 활용\n- 지역별 다양한 생물환경정보에 대한 기초 학술연구자료로 활용,300000,BSNS_NM|BSNS_PERD|SMPL_YMD|LA|LO|PEAK_NO|SMPL_ORDER|SMPL_LCT|WTPR|WTPR_UNIT|DOW|DOW_UNIT|SLN|SLN_UNIT|CHL_A|CHL_A_UNIT|DIN|DIN_UNIT|DIP|DIP_UNIT,True,2025-07-15,BSNS_NM-BSNS_PERD-CHL_A-CHL_A_UNIT-DIN-DIN_UNIT-DIP-DIP_UNIT-DOW-DOW_UNIT-LA-LO-PEAK_NO-SLN-SLN_UNIT-SMPL_LCT-SMPL_ORDER-SMPL_YMD-WTPR-WTPR_UNIT,환경과학기술,해양환경,"CSV, JSON, XML","['영양염', '해양생물', '해양환경정보', '환경영향평가']",산업/기술,해양/수산,해양,"['영양염', '해양생물', '해양환경정보', '환경영향평가']",63042,1501,63042.0
bigdata-sea,page_000346.html,-,"탱커선 항로의 일자별 평균 및 최대 속도, 운항거리 데이터 셋","항로의 일자별 평균 및 최대 속도, 운항거리",0,YMD|MMSI|IMO_IDNTF_NO|LA|LO|MAX_VE|AVE_VE|SH_DRCN|NVGTN_DIST,True,2025-07-15,AVE_VE-IMO_IDNTF_NO-LA-LO-MAX_VE-MMSI-NVGTN_DIST-SH_DRCN-YMD,올시데이터,해운물류,"CSV, JSON, XML","['allseadata', '올시데이터', '운항거리', '최대속도', '평균속도', '항로정보']",산업/기술,해양/수산,선박,"['allseadata', '올시데이터', '운항거리', '최대속도', '평균속도', '항로정보']",225523239,3440185,225523239.0
bigdata-sea,page_000347.html,-,"탱커선 선박의 평균 및 최대 속도, 운항거리 데이터 셋","선박의  평균 및 최대 속도, 운항거리",0,MMSI|IMO_IDNTF_NO|SHIP_NM|SHIP_KIND|SHIP_WDTH|SHIP_LNTH|SHIP_HGHT|SHIP_OWNER_NM|DRAFT|SHPYRD_NM|BULD_YR|DDWGHT|DPTR_HMS|ARVL_HMS|DPTRP_LA|DPTRP_LO|DTNT_LA|DTNT_LO|MAX_VE|AVE_VE|NVGTN_DIST,True,2025-07-15,ARVL_HMS-AVE_VE-BULD_YR-DDWGHT-DPTRP_LA-DPTRP_LO-DPTR_HMS-DRAFT-DTNT_LA-DTNT_LO-IMO_IDNTF_NO-MAX_VE-MMSI-NVGTN_DIST-SHIP_HGHT-SHIP_KIND-SHIP_LNTH-SHIP_NM-SHIP_OWNER_NM-SHIP_WDTH-SHPYRD_NM,올시데이터,해운물류,"CSV, JSON, XML","['allseadata', '선박속도', '올시데이터', '운항거리', '최대속도', '평균속도', '항로정보']",산업/기술,해양/수산,선박,"['allseadata', '선박속도', '올시데이터', '운항거리', '최대속도', '평균속도', '항로정보']",832474,39433,832474.0
bigdata-sea,page_000348.html,-,국가어항 안전점검 시설점검,안전점검 체크리스트,0,SAFETY_CHECK_CONNO|FCLTY_CD|CONNO|FCLTY_SBSDRY_TPCD|CHECK_ITEM_CD|DAMGE_OCRN_DTLS|RGSTN_DT|UPDATE_YMD|CHECK_RSLT|EXC_YR,True,2025-07-15,CHECK_ITEM_CD-CHECK_RSLT-CONNO-DAMGE_OCRN_DTLS-EXC_YR-FCLTY_CD-FCLTY_SBSDRY_TPCD-RGSTN_DT-SAFETY_CHECK_CONNO-UPDATE_YMD,빌리언21,공통행정,"CSV, JSON, XML","['국가어항', '국가어항시설점검', '국가어항점검결과', '국가어항피해현황']",공공/행정,정책,공공데이터,"['국가어항', '국가어항시설점검', '국가어항점검결과', '국가어항피해현황']",2130030,33810,2130030.0
bigdata-sea,page_000349.html,-,갯벌/양식현장/어촌어항 시설 데이터,"갯벌, 양식장, 어촌마을 어항 정보의 시설사진 및 메타 데이터",10000000,IMG_KND|IMG_NM|IMG_TYPE|IMAGE_TYPE_SN|DO_NM|ADDR|FILE_LCT_CONT|IMG_ID|PROVD_INSTT_NM|RGSTN_DT|EXC_YR,True,2025-07-15,ADDR-DO_NM-EXC_YR-FILE_LCT_CONT-IMAGE_TYPE_SN-IMG_ID-IMG_KND-IMG_NM-IMG_TYPE-PROVD_INSTT_NM-RGSTN_DT,빌리언21,해양산업,"CSV, JSON, XML","['갯벌', '바다', '바다전경', '바다전경사진', '바다환경', '사진', '전경', '해양시설', '해양시설물', '환경']",산업/기술,해양/수산,해양,"['갯벌', '바다', '바다전경', '바다전경사진', '바다환경', '사진', '전경', '해양시설', '해양시설물', '환경']",1308025,28096,1308025.0
bigdata-sea,page_000351.html,-,갯벌/어촌어항 생태 데이터,"갯벌, 어촌어항으로부터 수집한 해양생물 사진 및 메타데이터",10000000,IMG_KND|IMG_NM|IMG_TYPE|IMAGE_TYPE_SN|DO_NM|ADDR|FILE_LCT_CONT|IMG_ID|LVBNG_NM|LVBNG_ORDER_NM|LVBNG_FML_NM|SPCFTR|PROVD_INSTT_NM|RGSTN_DT|EXC_YR,True,2025-07-15,ADDR-DO_NM-EXC_YR-FILE_LCT_CONT-IMAGE_TYPE_SN-IMG_ID-IMG_KND-IMG_NM-IMG_TYPE-LVBNG_FML_NM-LVBNG_NM-LVBNG_ORDER_NM-PROVD_INSTT_NM-RGSTN_DT-SPCFTR,빌리언21,해양환경,"CSV, JSON, XML","['갯벌', '갯벌생물', '바다', '바다생물', '바다생물사진', '사진', '생물특징', '생물학명', '연안생물']",산업/기술,해양/수산,해양,"['갯벌', '갯벌생물', '바다', '바다생물', '바다생물사진', '사진', '생물특징', '생물학명', '연안생물']",627327,14589,627327.0
bigdata-sea,page_000352.html,-,어촌어항 및 갯벌 생태 영상 데이터,어촌 어항 및 갯벌 생태의 영상 데이터,10000000,MVP_NM|MVP_KIND|MVP_SCTN|DO_NM|ADDR|FILE_LCT_CONT|MVP_ID|PROVD_INSTT_NM|RGSTN_DT|EXC_YR,True,2025-07-15,ADDR-DO_NM-EXC_YR-FILE_LCT_CONT-MVP_ID-MVP_KIND-MVP_NM-MVP_SCTN-PROVD_INSTT_NM-RGSTN_DT,빌리언21,해양환경,"CSV, JSON, XML","['갯벌', '동영상', '바다', '바다영상', '바다전경', '생태동영상', '전경', '해양시설', '해양영상']",산업/기술,해양/수산,해양,"['갯벌', '동영상', '바다', '바다영상', '바다전경', '생태동영상', '전경', '해양시설', '해양영상']",95253,1216,95253.0
bigdata-sea,page_000353.html,-,한반도 연안 저질미량금속정보의 위치별 날짜별 데이터셋,2010년 부터 10년간의 환경영향평가정보 시스템에서 제공하는 비정형의 환경영향평가 결과 자료(PDF)를 수집하여 해양저질미량금속정보의 환경정보를 분석 추출하여 데이터셋으로 제작\n- 국내 환경영향평가 사업을 진행하는 기업에 비교 분석자료로 활용\n- 지역별 다양한 저질환경에 대한 기초 학술연구자료로 활용,300000,BSNS_NM|BSNS_PERD|SMPL_YMD|LA|LO|PEAK_NO|SMPL_ORDER|GRNLRTY_DSTRBT_NM|GRNLRTY_DSTRBT_UNIT|NI|NI_UNIT|CPPR|CPPR_UNIT|ARSNC|ARSNC_UNIT|CD|CD_UNIT|LD|LD_UNIT|HG|HG_UNIT|LI|LI_UNIT|AL|AL_UNIT|CHRM|CHRM_UNIT|MNGN|MNGN_UNIT|FE|FE_UNIT|CBLT|CBLT_UNIT|ZN|ZN_UNIT,True,2025-07-15,AL-AL_UNIT-ARSNC-ARSNC_UNIT-BSNS_NM-BSNS_PERD-CBLT-CBLT_UNIT-CD-CD_UNIT-CHRM-CHRM_UNIT-CPPR-CPPR_UNIT-FE-FE_UNIT-GRNLRTY_DSTRBT_NM-GRNLRTY_DSTRBT_UNIT-HG-HG_UNIT-LA-LD-LD_UNIT-LI-LI_UNIT-LO-MNGN-MNGN_UNIT-NI-NI_UNIT-PEAK_NO-SMPL_ORDER-SMPL_YMD-ZN-ZN_UNIT,환경과학기술,해양환경,"CSV, JSON, XML","['저질미량금속', '해양지질', '해양환경정보', '환경영향평가']",산업/기술,해양/수산,해양,"['저질미량금속', '해양지질', '해양환경정보', '환경영향평가']",31679,779,31679.0
bigdata-sea,page_000354.html,-,해상 바람정보 데이터셋,"국가기상위성센터의 GK2A의 예보분석영상 중 한반도 주변 해상에 대해  대기운동벡터(적외, Atmospheric Motion Vector)로 합성된 해상풍 자료\n- 한반도 주변의 풍력에너지 공간분포 검토\n- 한반도 주변의 풍력에너지 해상풍력 최적지 선정의 기초자료 활용\n- 향후 누적 데이터를 활용한 마리나 주변 환경변화 분석",200000,LO|LA|WNDRC|WDSP|WNDRC_U|WNDRC_V,True,2025-07-15,LA-LO-WDSP-WNDRC-WNDRC_U-WNDRC_V,전략해양,해양환경,"CSV, JSON, XML","['AMV', '대기운동벡터', '바람', '풍속', '풍향']",산업/기술,에너지,풍력,"['AMV', '대기운동벡터', '바람', '풍속', '풍향']",4505363,136068,4505363.0
bigdata-sea,page_000355.html,-,해양 일차생산력 데이터셋,"일차생산력(PP : Primary Productivity)이란 일차생산자가 광합성이나 화학합성에 의해 단위시간 동안에 무기물로부터 유기물을 생산하는 능력을 말함. 현재 국가해양위성센터 GK2B에서 1시간 단위로 자료가 생성되고 있으며 이 자료를 가공하여 한반도 주변 해역(122.00°E ~ 130.41°E, 30.67°N ~ 39.29°N)을 대상으로 월평균 합성결과 제작\n\n- 한반도 주변 해역의 어장 환경 파악\n- 해양 생태계 현황 파악\n- 해양 생태계의 미래예측을 위한 분석 자료 활용",200000,LO|LA|FRDGR_PRFRC_AMT,True,2025-07-15,FRDGR_PRFRC_AMT-LA-LO,전략해양,해양환경,"CSV, JSON, XML","['GK2B', '국가해양위성센터', '어장', '일차생산력', '환경']",산업/기술,해양/수산,해양,"['GK2B', '국가해양위성센터', '어장', '일차생산력', '환경']",3589423,124729,3589423.0
bigdata-sea,page_000356.html,-,월평균 염분 분포 데이터셋,국가해양위성센터의 GK2B와 SMAP 위성자료를 통해 한반도 주변의 월별 염분분포 데이터셋 제작\n- 고등 지구과학(Ⅰ) 교과과정 중 대기와 해양의 변화 단원의 ‘해수의 물리적 성질’학습에서 사용할 수 있도록  위성을 이용한 원격탐사 결과를 월 평균한 염분으로 가공하여 데이터 셋 제공,200000,LO|LA|SLN,True,2025-07-15,LA-LO-SLN,전략해양,해양환경,"CSV, JSON, XML","['SSS', 'salinity', '염분', '염분분포', '해수성질']",산업/기술,해양/수산,해양,"['SSS', 'salinity', '염분', '염분분포', '해수성질']",2242602,113390,2242602.0
bigdata-sea,page_000357.html,-,탱커선 항로별 운항시간 데이터 셋,항로별 운항시간,0,MMSI|IMO_IDNTF_NO|DPTR_HMS|ARVL_HMS|DPTRP_LA|DPTRP_LO|DTNT_LA|DTNT_LO|DPTR_CN_NM|ARVL_CN_NM|DPRT_PRT_CD|DPTR_PRT_NM|ARRV_PRT_CD|ARVL_PRT_NM|NVGTN_TM|PRT_NCHRG_TM|BLLAT_HOUR|FRGHT_CNVNC_TM|NNVGTN_TM,True,2025-07-15,ARRV_PRT_CD-ARVL_CN_NM-ARVL_HMS-ARVL_PRT_NM-BLLAT_HOUR-DPRT_PRT_CD-DPTRP_LA-DPTRP_LO-DPTR_CN_NM-DPTR_HMS-DPTR_PRT_NM-DTNT_LA-DTNT_LO-FRGHT_CNVNC_TM-IMO_IDNTF_NO-MMSI-NNVGTN_TM-NVGTN_TM-PRT_NCHRG_TM,올시데이터,해운물류,"CSV, JSON, XML","['allseadata', 'ballasthour', 'loadedhour', '발라스트시간', '선박시간', '올시데이터', '운항시간', '항로정보']",산업/기술,해양/수산,선박,"['allseadata', 'ballasthour', 'loadedhour', '발라스트시간', '선박시간', '올시데이터', '운항시간', '항로정보']",237109592,3209002,237109592.0
bigdata-sea,page_000358.html,-,탱커선 선박의 운항시간 데이터 셋,선박의 운항시간,0,MMSI|IMO_IDNTF_NO|SHIP_NM|SHIP_KIND|SHIP_WDTH|SHIP_LNTH|SHIP_HGHT|SHIP_OWNER_NM|DRAFT|SHPYRD_NM|BULD_YR|DDWGHT|DPTR_HMS|ARVL_HMS|DPTRP_LA|DPTRP_LO|DTNT_LA|DTNT_LO|NVGTN_TM|PRT_NCHRG_TM|BLLAT_HOUR|FRGHT_CNVNC_TM|NNVGTN_TM,True,2025-07-15,ARVL_HMS-BLLAT_HOUR-BULD_YR-DDWGHT-DPTRP_LA-DPTRP_LO-DPTR_HMS-DRAFT-DTNT_LA-DTNT_LO-FRGHT_CNVNC_TM-IMO_IDNTF_NO-MMSI-NNVGTN_TM-NVGTN_TM-PRT_NCHRG_TM-SHIP_HGHT-SHIP_KIND-SHIP_LNTH-SHIP_NM-SHIP_OWNER_NM-SHIP_WDTH-SHPYRD_NM,올시데이터,해운물류,"CSV, JSON, XML","['allseadata', 'ballasthour', 'loadedhour', '발라스트시간', '선박시간', '올시데이터', '운항시간', '항로정보']",산업/기술,해양/수산,선박,"['allseadata', 'ballasthour', 'loadedhour', '발라스트시간', '선박시간', '올시데이터', '운항시간', '항로정보']",1382746,39382,1382746.0
bigdata-sea,page_000359.html,-,탱커선 항로별 선박엔진 부하도 데이터 셋,항로별 선박엔진 부하도,0,YMD|MMSI|LA|LO|VE|SH_DRCN|IMO_IDNTF_NO|DRAFT|CRG_TYP|NVGTN_DIST|WAVE_HGHT|WAVE_CYCL|WNDRC_U|WNDRC_V|LD_RT,True,2025-07-15,CRG_TYP-DRAFT-IMO_IDNTF_NO-LA-LD_RT-LO-MMSI-NVGTN_DIST-SH_DRCN-VE-WAVE_CYCL-WAVE_HGHT-WNDRC_U-WNDRC_V-YMD,올시데이터,해운물류,"CSV, JSON, XML","['allseadata', '선박부하도', '엔진부하도', '올시데이터', '항로부하도', '항로정보']",산업/기술,해양/수산,선박,"['allseadata', '선박부하도', '엔진부하도', '올시데이터', '항로부하도', '항로정보']",1785775981,28597836,1785775981.0
bigdata-sea,page_000360.html,-,탱커선 선박의 선박엔진 부하도 데이터 셋,선박의 선박엔진 부하도,0,MMSI|IMO_IDNTF_NO|SHIP_NM|SHIP_KIND|SHIP_WDTH|SHIP_LNTH|SHIP_HGHT|SHIP_OWNER_NM|DRAFT|SHPYRD_NM|BULD_YR|DDWGHT|DPTR_HMS|ARVL_HMS|DPTRP_LA|DPTRP_LO|DTNT_LA|DTNT_LO|AVE_VE|MAX_VE|NVGTN_DIST|WAVE_MAX_CYCL|WAVE_AVE_CYCL|WAVE_MAX_HGHT|WAVE_AVE_HGHT|MAX_WDSP|AVE_WDSP|LD_RT,True,2025-07-15,ARVL_HMS-AVE_VE-AVE_WDSP-BULD_YR-DDWGHT-DPTRP_LA-DPTRP_LO-DPTR_HMS-DRAFT-DTNT_LA-DTNT_LO-IMO_IDNTF_NO-LD_RT-MAX_VE-MAX_WDSP-MMSI-NVGTN_DIST-SHIP_HGHT-SHIP_KIND-SHIP_LNTH-SHIP_NM-SHIP_OWNER_NM-SHIP_WDTH-SHPYRD_NM-WAVE_AVE_CYCL-WAVE_AVE_HGHT-WAVE_MAX_CYCL-WAVE_MAX_HGHT,올시데이터,해운물류,"CSV, JSON, XML","['allseadata', '선박부하도', '엔진부하도', '올시데이터', '항로부하도', '항로정보']",산업/기술,해양/수산,선박,"['allseadata', '선박부하도', '엔진부하도', '올시데이터', '항로부하도', '항로정보']",1528571,39532,1528571.0
bigdata-sea,page_000361.html,-,탱커선 항로별 화물운송 데이터 셋,항로별 화물운송,0,MMSI|IMO_IDNTF_NO|SHIP_OWNER_NM|DPTR_HMS|ARVL_HMS|DPTRP_LA|DPTRP_LO|DTNT_LA|DTNT_LO|DPTR_CN_NM|ARVL_CN_NM|DPRT_PRT_CD|DPTR_PRT_NM|ARRV_PRT_CD|ARVL_PRT_NM|CRG_TYP|FRGHT_CNVNC_QTY|FRGHT_CNVNC_QTY_TONM,True,2025-07-15,ARRV_PRT_CD-ARVL_CN_NM-ARVL_HMS-ARVL_PRT_NM-CRG_TYP-DPRT_PRT_CD-DPTRP_LA-DPTRP_LO-DPTR_CN_NM-DPTR_HMS-DPTR_PRT_NM-DTNT_LA-DTNT_LO-FRGHT_CNVNC_QTY-FRGHT_CNVNC_QTY_TONM-IMO_IDNTF_NO-MMSI-SHIP_OWNER_NM,올시데이터,해운물류,"CSV, JSON, XML","['allseadata', 'cargocarried', 'ton-mile', '선박화물', '올시데이터', '톤마일', '항로정보', '화물수송']",소비/유통,상품,물류,"['allseadata', 'cargocarried', 'ton-mile', '선박화물', '올시데이터', '톤마일', '항로정보', '화물수송']",238543249,3209102,238543249.0
bigdata-sea,page_000362.html,-,탱커선 선박의 화물운송 데이터 셋,선박의 화물운송,0,MMSI|IMO_IDNTF_NO|SHIP_NM|SHIP_KIND|SHIP_WDTH|SHIP_LNTH|SHIP_HGHT|SHIP_OWNER_NM|DRAFT|SHPYRD_NM|BULD_YR|DDWGHT|DPTR_HMS|ARVL_HMS|DPTRP_LA|DPTRP_LO|DTNT_LA|DTNT_LO|CRG_TYP|FRGHT_CNVNC_QTY|FRGHT_CNVNC_QTY_TONM,True,2025-07-15,ARVL_HMS-BULD_YR-CRG_TYP-DDWGHT-DPTRP_LA-DPTRP_LO-DPTR_HMS-DRAFT-DTNT_LA-DTNT_LO-FRGHT_CNVNC_QTY-FRGHT_CNVNC_QTY_TONM-IMO_IDNTF_NO-MMSI-SHIP_HGHT-SHIP_KIND-SHIP_LNTH-SHIP_NM-SHIP_OWNER_NM-SHIP_WDTH-SHPYRD_NM,올시데이터,해운물류,"CSV, JSON, XML","['allseadata', 'cargocarried', 'ton-mile', '선박화물', '올시데이터', '톤마일', '항로정보', '화물수송']",소비/유통,상품,물류,"['allseadata', 'cargocarried', 'ton-mile', '선박화물', '올시데이터', '톤마일', '항로정보', '화물수송']",2060991,39382,2060991.0
bigdata-sea,page_000363.html,-,탱커선 항로별 Co2 Nox 발생량 데이터 셋,항로별 Co2 Nox 발생량,0,YMD|MMSI|LA|LO|VE|SH_DRCN|IMO_IDNTF_NO|DRAFT|CRG_TYP|NVGTN_DIST|WAVE_HGHT|WAVE_CYCL|WNDRC_U|WNDRC_V|ADDTI_RSTC|TOT_RSTC|RL_POWER|FUEL_CNSMP_QTY|CDBX|NOX|SOX|MTHN|SHIP_NRG_EFFCN_NVGTN_IDX,True,2025-07-15,ADDTI_RSTC-CDBX-CRG_TYP-DRAFT-FUEL_CNSMP_QTY-IMO_IDNTF_NO-LA-LO-MMSI-MTHN-NOX-NVGTN_DIST-RL_POWER-SHIP_NRG_EFFCN_NVGTN_IDX-SH_DRCN-SOX-TOT_RSTC-VE-WAVE_CYCL-WAVE_HGHT-WNDRC_U-WNDRC_V-YMD,올시데이터,해양환경,"CSV, JSON, XML","['allseadata', 'ch4', 'co2', 'nox', 'sox', '메탄', '메테인', '선박오염', '올시데이터', '이산화탄소', '질소산화물', '항로정보', '황산화물']",산업/기술,해양/수산,선박,"['allseadata', 'ch4', 'co2', 'nox', 'sox', '메탄', '메테인', '선박오염', '올시데이터', '이산화탄소', '질소산화물', '항로정보', '황산화물']",1507487756,24141263,1507487756.0
bigdata-sea,page_000364.html,-,탱커선 선박별 Co2 Nox 발생량 데이터 셋,선박별 Co2 Nox 발생량,0,MMSI|IMO_IDNTF_NO|SHIP_NM|SHIP_KIND|SHIP_WDTH|SHIP_LNTH|SHIP_HGHT|SHIP_OWNER_NM|DRAFT|SHPYRD_NM|BULD_YR|DDWGHT|DPTR_HMS|ARVL_HMS|DPTRP_LA|DPTRP_LO|DTNT_LA|DTNT_LO|AVE_VE|MAX_VE|NVGTN_DIST|WAVE_MAX_CYCL|WAVE_AVE_CYCL|WAVE_MAX_HGHT|WAVE_AVE_HGHT|MAX_WDSP|AVE_WDSP|ADDTI_RSTC|TOT_RSTC|RL_POWER|FUEL_CNSMP_QTY|CDBX|NOX|SOX|MTHN|SHIP_NRG_EFFCN_NVGTN_IDX,True,2025-07-15,ADDTI_RSTC-ARVL_HMS-AVE_VE-AVE_WDSP-BULD_YR-CDBX-DDWGHT-DPTRP_LA-DPTRP_LO-DPTR_HMS-DRAFT-DTNT_LA-DTNT_LO-FUEL_CNSMP_QTY-IMO_IDNTF_NO-MAX_VE-MAX_WDSP-MMSI-MTHN-NOX-NVGTN_DIST-RL_POWER-SHIP_HGHT-SHIP_KIND-SHIP_LNTH-SHIP_NM-SHIP_NRG_EFFCN_NVGTN_IDX-SHIP_OWNER_NM-SHIP_WDTH-SHPYRD_NM-SOX-TOT_RSTC-WAVE_AVE_CYCL-WAVE_AVE_HGHT-WAVE_MAX_CYCL-WAVE_MAX_HGHT,올시데이터,해양환경,"CSV, JSON, XML","['allseadata', 'ch4', 'co2', 'nox', 'sox', '메탄', '메테인', '선박오염', '올시데이터', '이산화탄소', '질소산화물', '항로정보', '황산화물']",산업/기술,해양/수산,해양,"['allseadata', 'ch4', 'co2', 'nox', 'sox', '메탄', '메테인', '선박오염', '올시데이터', '이산화탄소', '질소산화물', '항로정보', '황산화물']",1905262,37196,1905262.0
bigdata-sea,page_000366.html,-,연비분석 데이터,선박 연비 분석 데이터\n∙선박운항 특성을 분석하는 자료로 활용\n∙선박기관 장비의 특성을 분석하는 자료로 활용\n∙해양 기상데이터를 활용하여 선박의 운항성능 분석에 활용 가능,1000000,SHIP_DSTNT_USAG_KEY_VL|DATE_AVE_TM|DB_INSD_ID|LA_LO_TYPE|LA|LO|DATA_COLCT_TM|PLT_VE|WTR_VE|PLT_VE_SCLR_Y|PLT_VE_SCLR_X|PRTNR_WNDRC|PRTNR_WDSP|SH_DRCN|SHIP_CRS|DOW|RDD_AGL|ME_FO_CQ|GNRTR_FO_CQ|BLR_FO_CQ|ME_FO_CALC_CQ|ME_TRQCH|SLP|ABSLT_WDSP|ABSLT_WNDRC|PRTNR_SH_DRCN|TOT_WV_HGHT|TOT_WV_DRCN|TOT_WV_CYCL|WV_HGHT|WV_DRCN|WV_CYCL|SWLL_HGHT|SWLL_DRCN|SWLL_CYCL|WDSP_SCLR_X_VL|WDSP_SCLR_Y_VL|WDSP|WNDRC|WDSP_SH_DRCN|ARPLT_TPRT|ARPLT_DENS|SL_PRSU|AVE_SL_PRSU|SL_SLNTY|SL_TPRT|TDLCRT_SCLR_X_VL|TDLCRT_SCLR_Y_VL|TDLCRT_VE|TDLCRT_DRCN|TDLCRT_SH_DRCN|BFRT_WDFC_SCL|PRFMC_IDX|OUTPUT_PRFMC_IDX,True,2025-07-15,ABSLT_WDSP-ABSLT_WNDRC-ARPLT_DENS-ARPLT_TPRT-AVE_SL_PRSU-BFRT_WDFC_SCL-BLR_FO_CQ-DATA_COLCT_TM-DATE_AVE_TM-DB_INSD_ID-DOW-GNRTR_FO_CQ-LA-LA_LO_TYPE-LO-ME_FO_CALC_CQ-ME_FO_CQ-ME_TRQCH-OUTPUT_PRFMC_IDX-PLT_VE-PLT_VE_SCLR_X-PLT_VE_SCLR_Y-PRFMC_IDX-PRTNR_SH_DRCN-PRTNR_WDSP-PRTNR_WNDRC-RDD_AGL-SHIP_CRS-SHIP_DSTNT_USAG_KEY_VL-SH_DRCN-SLP-SL_PRSU-SL_SLNTY-SL_TPRT-SWLL_CYCL-SWLL_DRCN-SWLL_HGHT-TDLCRT_DRCN-TDLCRT_SCLR_X_VL-TDLCRT_SCLR_Y_VL-TDLCRT_SH_DRCN-TDLCRT_VE-TOT_WV_CYCL-TOT_WV_DRCN-TOT_WV_HGHT-WDSP-WDSP_SCLR_X_VL-WDSP_SCLR_Y_VL-WDSP_SH_DRCN-WNDRC-WTR_VE-WV_CYCL-WV_DRCN-WV_HGHT,랩오투원,해운물류,"CSV, JSON, XML","['선박', '선박연비', '선박운항', '연비']",산업/기술,해양/수산,선박,"['선박', '선박연비', '선박운항', '연비']",48709099,590016,48709099.0
bigdata-sea,page_000367.html,-,선박동정 보고데이터,"선박 동정 보고데이터(Noon report)\n∙선박운항 특성을 분석하는 자료로 활용\n∙해양 기상데이터를 활용하여 선박의 최적항로 분석이나, 운항성능 분석에 활용 가능",1000000,DB_INSD_ID|SHIP_DSTNT_USAG_KEY|CALL_SGN_VL|SHIP_NM|EVEN_KEY_VL|EVEN_NM|EVEN_STTUS|DATA_VALID_YN|EVEN_DOC_VER|EVEN_DOC_RGSTN_YMD|EVEN_DOC_UPDATE_YMD|DOC_STTUS|RUN_TM_SECND|RUN_TM|BNKOL_TYPE|ENGNR_TYPE|SHIP_TYPE|RGLTN_TYPE|FRGHT_STTUS_CHANGE_YN|OIL_RSQNT_UPDATE_YN|FO_KIND_CHANGE_YN|FO_USQNT_CHANGE_YN|SPCE_STTUS|VOYG_NO|LEG_NO|DSL_GNRSYS_OIL_RSQNT|DSOL_RSQNT|MGO_RSQNT|HFO_RSQNT|LNG_RSQNT|LSFO_RSQNT|ULSFO_RSQNT|ULSMGO_RSQNT|ME_CYL_OIL_RSQNT|ME_LSLPHR_CYL_OIL_RSQNT|ME_SSTM_OIL_RSQNT|GNRTR_CYL_OIL_RSQNT|GNSYS_OIL_RSQNT|MAIN_TBNSYS_OIL_RSQNT|TBN_GNSYS_OIL_RSQNT|NOW_LCT_PRT_CD|NOW_LCT_PRT_NM|NOW_LCT_PRT_EU_YN|NOW_LCT_LA|NOW_LCT_LO|NOW_LCT_PRT_ID|NOW_LCT_NTN_NM|NOW_LCT_ZNTM|DTNT_PRT_ID|DTNT_PRT_CD|DTNT_PRT_NM|DTNT_PRT_ZNTM|DTNT_PRT_NTN_NM|DTNT_PRT_LA|DTNT_PRT_LO|DTNT_PRT_AREX_YMD|DTNT_PRT_AREX_YMD_UTC|SAD_HFO_QTY|SAD_HFO_SPCNT_QTY|SAD_HFO_DENS|SAD_HFO_VSCST|SAD_LSFO_QTY|SAD_LSFO_SPCNT_QTY|SAD_LSFO_DENS|SAD_LSFO_VSCST|SAD_ULSFO_QTY|SAD_ULSFO_SPCNT_QTY|SAD_ULSFO_DENS|SAD_ULSFO_VSCST|SAD_DSOL_QTY|SAD_DSOL_SPCNT_QTY|SAD_DSOL_DENS|SAD_DSOL_VSCST|SAD_MGO_QTY|SAD_MGO_SPCNT_QTY|SAD_MGO_DENS|SAD_MGO_VSCST|SAD_ULSMGO_QTY|SAD_ULSMGO_SPCNT_QTY|SAD_ULSMGO_DENS|SAD_ULSMGO_VSCST|SAD_LNG_QTY|SAD_LNG_SPCNT_QTY|SAD_LNG_DENS|SAD_LNG_VSCST|SAD_ME_CYL_OLQT|SAD_ME_LSLPHR_CYL_OLQT|SAD_ME_SSTM_OLQT|SAD_GNRTR_CYL_OLQT|SAD_GNSYS_OLQT|SAD_MAIN_TBNSYS_OLQT|SAD_TBN_GNSYS_OLQT|SAD_DSL_GNSYS_OLQT|DBNKG_HFO_QTY|DBNKG_LSFO_QTY|DBNKG_ULSFO_QTY|DBNKG_DSOL_QTY|DBNKG_MGO_QTY|DBNKG_ULSMGO_QTY|DBNKG_LNG_QTY|DBNKG_ME_CYL_OLQT|DBNKG_ME_LSLPHR_CYL_OLQT|DBNKG_ME_SSTM_OLQT|DBNKG_GNRTR_CYL_OLQT|DBNKG_GNSYS_OLQT|DBNKG_MAIN_TBNSYS_OLQT|DBNKG_TBN_GNSYS_OLQT|DBNKG_DSL_GNSYS_OLQT|FRSWT_PRDCT_QTY|FRSWT_CNSMP_QTY|FRSWT_RSQNT|ERD_FRSWT_QTY|GRBG_IMP_QTY|SLDG_IMP_QTY|FRGHT_OPRT_BGN_YMD|FRGHT_OPRT_END_YMD|FRGHT_OPRT_BGN_YMD_UTC|FRGHT_OPRT_END_YMD_UTC|SHIP_OUTPUT_STTUS|AL_FRGHT_QTY|FRGHT_VOLM_VL|SH_DRAFT|SS_DRAFT|SM_DRAFT|SH_DRAFT_SS_DRAFT|DRNGE_QTY|MH|BLSTWT_QTY,True,2025-07-15,AL_FRGHT_QTY-BLSTWT_QTY-BNKOL_TYPE-CALL_SGN_VL-DATA_VALID_YN-DBNKG_DSL_GNSYS_OLQT-DBNKG_DSOL_QTY-DBNKG_GNRTR_CYL_OLQT-DBNKG_GNSYS_OLQT-DBNKG_HFO_QTY-DBNKG_LNG_QTY-DBNKG_LSFO_QTY-DBNKG_MAIN_TBNSYS_OLQT-DBNKG_ME_CYL_OLQT-DBNKG_ME_LSLPHR_CYL_OLQT-DBNKG_ME_SSTM_OLQT-DBNKG_MGO_QTY-DBNKG_TBN_GNSYS_OLQT-DBNKG_ULSFO_QTY-DBNKG_ULSMGO_QTY-DB_INSD_ID-DOC_STTUS-DRNGE_QTY-DSL_GNRSYS_OIL_RSQNT-DSOL_RSQNT-DTNT_PRT_AREX_YMD-DTNT_PRT_AREX_YMD_UTC-DTNT_PRT_CD-DTNT_PRT_ID-DTNT_PRT_LA-DTNT_PRT_LO-DTNT_PRT_NM-DTNT_PRT_NTN_NM-DTNT_PRT_ZNTM-ENGNR_TYPE-ERD_FRSWT_QTY-EVEN_DOC_RGSTN_YMD-EVEN_DOC_UPDATE_YMD-EVEN_DOC_VER-EVEN_KEY_VL-EVEN_NM-EVEN_STTUS-FO_KIND_CHANGE_YN-FO_USQNT_CHANGE_YN-FRGHT_OPRT_BGN_YMD-FRGHT_OPRT_BGN_YMD_UTC-FRGHT_OPRT_END_YMD-FRGHT_OPRT_END_YMD_UTC-FRGHT_STTUS_CHANGE_YN-FRGHT_VOLM_VL-FRSWT_CNSMP_QTY-FRSWT_PRDCT_QTY-FRSWT_RSQNT-GNRTR_CYL_OIL_RSQNT-GNSYS_OIL_RSQNT-GRBG_IMP_QTY-HFO_RSQNT-LEG_NO-LNG_RSQNT-LSFO_RSQNT-MAIN_TBNSYS_OIL_RSQNT-ME_CYL_OIL_RSQNT-ME_LSLPHR_CYL_OIL_RSQNT-ME_SSTM_OIL_RSQNT-MGO_RSQNT-MH-NOW_LCT_LA-NOW_LCT_LO-NOW_LCT_NTN_NM-NOW_LCT_PRT_CD-NOW_LCT_PRT_EU_YN-NOW_LCT_PRT_ID-NOW_LCT_PRT_NM-NOW_LCT_ZNTM-OIL_RSQNT_UPDATE_YN-RGLTN_TYPE-RUN_TM-RUN_TM_SECND-SAD_DSL_GNSYS_OLQT-SAD_DSOL_DENS-SAD_DSOL_QTY-SAD_DSOL_SPCNT_QTY-SAD_DSOL_VSCST-SAD_GNRTR_CYL_OLQT-SAD_GNSYS_OLQT-SAD_HFO_DENS-SAD_HFO_QTY-SAD_HFO_SPCNT_QTY-SAD_HFO_VSCST-SAD_LNG_DENS-SAD_LNG_QTY-SAD_LNG_SPCNT_QTY-SAD_LNG_VSCST-SAD_LSFO_DENS-SAD_LSFO_QTY-SAD_LSFO_SPCNT_QTY-SAD_LSFO_VSCST-SAD_MAIN_TBNSYS_OLQT-SAD_ME_CYL_OLQT-SAD_ME_LSLPHR_CYL_OLQT-SAD_ME_SSTM_OLQT-SAD_MGO_DENS-SAD_MGO_QTY-SAD_MGO_SPCNT_QTY-SAD_MGO_VSCST-SAD_TBN_GNSYS_OLQT-SAD_ULSFO_DENS-SAD_ULSFO_QTY-SAD_ULSFO_SPCNT_QTY-SAD_ULSFO_VSCST-SAD_ULSMGO_DENS-SAD_ULSMGO_QTY-SAD_ULSMGO_SPCNT_QTY-SAD_ULSMGO_VSCST-SHIP_DSTNT_USAG_KEY-SHIP_NM-SHIP_OUTPUT_STTUS-SHIP_TYPE-SH_DRAFT-SH_DRAFT_SS_DRAFT-SLDG_IMP_QTY-SM_DRAFT-SPCE_STTUS-SS_DRAFT-TBN_GNSYS_OIL_RSQNT-ULSFO_RSQNT-ULSMGO_RSQNT-VOYG_NO,랩오투원,해운물류,"CSV, JSON, XML","['Noonreport', '동정보고', '선박', '선박운항']",산업/기술,해양/수산,해양,"['Noonreport', '동정보고', '선박', '선박운항']",5654272,44174,5654272.0
bigdata-sea,page_000368.html,-,선박항해 계획데이터,"선박항해계획데이터\n∙선박운항 특성을 분석하는 자료로 활용\n∙해양 기상데이터를 활용하여 선박의 최적항로 분석이나, 운항성능 분석에 활용 가능",1000000,SN|LA|LO|SHIP_SPD|UTC|LA_ERROR|LO_ERROR|SHIP_SPD_ERROR,True,2025-07-15,LA-LA_ERROR-LO-LO_ERROR-SHIP_SPD-SHIP_SPD_ERROR-SN-UTC,랩오투원,해운물류,"CSV, JSON, XML","['선박', '선박운항', '온실가스', '항해계획']",산업/기술,해양/수산,해양,"['선박', '선박운항', '온실가스', '항해계획']",100276920,1974819,100276920.0
bigdata-sea,page_000370.html,-,어업별 유실 어구 위치 예측,3개 어업별 유실된 어구의 위치를 조류 및 해양기상에 의해 예측한 위치 정보,0,CONNO|PRDTN_ZONE_CD|WSHT_BUOY_ID|FSH_KIND|BUOY_KND_NM|FSGER_WSHT_YR|FSGER_WSHT_MNTH|FSGER_WSHT_DY|FSGER_WSHT_TM|FSGER_WSHT_LA|FSGER_WSHT_LO|ETD_TMZN_PRDTN_LCT_1|ETD_TMZN_PRDTN_LCT_2|ETD_TMZN_PRDTN_LCT_3|ETD_TMZN_PRDTN_LCT_4|ETD_TMZN_PRDTN_LCT_5|ETD_TMZN_PRDTN_LCT_6|ETD_TMZN_PRDTN_LCT_7|ETD_TMZN_PRDTN_LCT_8,True,2025-07-15,BUOY_KND_NM-CONNO-ETD_TMZN_PRDTN_LCT_1-ETD_TMZN_PRDTN_LCT_2-ETD_TMZN_PRDTN_LCT_3-ETD_TMZN_PRDTN_LCT_4-ETD_TMZN_PRDTN_LCT_5-ETD_TMZN_PRDTN_LCT_6-ETD_TMZN_PRDTN_LCT_7-ETD_TMZN_PRDTN_LCT_8-FSGER_WSHT_DY-FSGER_WSHT_LA-FSGER_WSHT_LO-FSGER_WSHT_MNTH-FSGER_WSHT_TM-FSGER_WSHT_YR-FSH_KIND-PRDTN_ZONE_CD-WSHT_BUOY_ID,광주과학기술원,해양환경,"CSV, JSON, XML","['어구일제회수', '유실어구', '폐어구', '해양폐기물']",산업/기술,해양/수산,해양,"['어구일제회수', '유실어구', '폐어구', '해양폐기물']",32003103,969791,32003103.0
bigdata-sea,page_000371.html,-,전세계 항구 정보,전세계 항구 정보\n∙각 항만의 정보를 분석하는데 활용 가능,1000000,DB_INSD_ID|DB_INSD_ID_2|NOW_LCT_PRT_NM|NTN_NM|EVEN_STTUS|UN_LCT_CD|PRT_NM|TIME_ZONE|MAIN_PRT_YN|LCT_INDCT_FORM|LA|LO|BREAK_BLK_RLTFCY_YN|CNTNR_RLTFCY_YN|DRY_BLK_RLTFCY_YN|DRYDOCK_RLTFCY_YN|LP_FRGHT_RLTFCY_YN|LPG_RLTFCY_YN|LNG_RLTFCY_YN|RORO_RLTFCY_YN|PSSNR_RLTFCY_YN|MULTIPRP_RLTFCY_YN|ISPS_OBEY_YN|CSI_OBEY_YN|PRTIN_MAX_DRAFT|PRTIN_MAX_LNTH|PRTIN_MAX_BT|PRTIN_MAX_DWT|OFSH_PRTIN_MAX_DRAFT|OFSH_PRTIN_MAX_LNTH|OFSH_PRTIN_MAX_BT|OFSH_PRTIN_MAX_DWT|PRT_DETL_INFO|BF_ARVL_INFO|PRT_CIAO_DMDMT|SPCFT_ZONE_INFO|ETC_SPCIL_DMDMT|ISPS_RLTINF|TIME_INFO|SLNG_SAR|INTRN_DLNG_CD|CPTL_NM|TELNO|CPTL_AIRPORT|DMSTC_FLTOFFC|RESTDY|MNGMN_DEPT_NM|MCHSHP|OCN_PRT_INFO|PILTG_LGHTHS_INFO|STLT_NTWK_INFO|INTRN_HEALTH|CSTM|DSMKT|WTCRS_NTN_NM|SHIP_EXAM_NTN_NM|WTSTT|SCRSQ_RLTINF|LCT_INDCT_FORM_2|GNRL_SMRY|TRFFC_IDX|LODLN_ZONE|MAX_MGNT|NTCHRT|PORT_LIMIT|BRTHNG_INFO|PILOT_INFO|ANCHRNG_INFO|TDLCRT_INFO|DOCK_DENS|WETHER_STTUS_CONT|MAIN_NVGTN_ASSST_DVCE|TRNSPORT_SSTM|LMTT|TUG|COAST_GUARD|MRNG_INFO|NM_NOS|FCLTY_NM|STR_PLAC|CRG_NM|BRGSHP|SCRTY|SAFETY|ARVL_PREARNGE_TM|ND_PAPERS_NM|CNTC_CONT|HEALTH_RGLTN_CONT|CSTM_AND_EMGP|STD_MSSAGE_CONT|FLAG_CONT|PRPARE_NTCN|GNRL_NTCE_RGLTN|REPR_CONT|DRDCK|BNKR_WATER_STR|MDLC_FCLTY_CN|CNVYNC|CREW_CHANGE|CONSUL|BANK_NM|HLDT|WORK_TM|RCRTN|CREW_MSSN|PBSRV_AND_VISITR|FMGTN|PLLTN_CONT|DEV_CONT,True,2025-07-15,ANCHRNG_INFO-ARVL_PREARNGE_TM-BANK_NM-BF_ARVL_INFO-BNKR_WATER_STR-BREAK_BLK_RLTFCY_YN-BRGSHP-BRTHNG_INFO-CNTC_CONT-CNTNR_RLTFCY_YN-CNVYNC-COAST_GUARD-CONSUL-CPTL_AIRPORT-CPTL_NM-CREW_CHANGE-CREW_MSSN-CRG_NM-CSI_OBEY_YN-CSTM-CSTM_AND_EMGP-DB_INSD_ID-DB_INSD_ID_2-DEV_CONT-DMSTC_FLTOFFC-DOCK_DENS-DRDCK-DRYDOCK_RLTFCY_YN-DRY_BLK_RLTFCY_YN-DSMKT-ETC_SPCIL_DMDMT-EVEN_STTUS-FCLTY_NM-FLAG_CONT-FMGTN-GNRL_NTCE_RGLTN-GNRL_SMRY-HEALTH_RGLTN_CONT-HLDT-INTRN_DLNG_CD-INTRN_HEALTH-ISPS_OBEY_YN-ISPS_RLTINF-LA-LCT_INDCT_FORM-LCT_INDCT_FORM_2-LMTT-LNG_RLTFCY_YN-LO-LODLN_ZONE-LPG_RLTFCY_YN-LP_FRGHT_RLTFCY_YN-MAIN_NVGTN_ASSST_DVCE-MAIN_PRT_YN-MAX_MGNT-MCHSHP-MDLC_FCLTY_CN-MNGMN_DEPT_NM-MRNG_INFO-MULTIPRP_RLTFCY_YN-ND_PAPERS_NM-NM_NOS-NOW_LCT_PRT_NM-NTCHRT-NTN_NM-OCN_PRT_INFO-OFSH_PRTIN_MAX_BT-OFSH_PRTIN_MAX_DRAFT-OFSH_PRTIN_MAX_DWT-OFSH_PRTIN_MAX_LNTH-PBSRV_AND_VISITR-PILOT_INFO-PILTG_LGHTHS_INFO-PLLTN_CONT-PORT_LIMIT-PRPARE_NTCN-PRTIN_MAX_BT-PRTIN_MAX_DRAFT-PRTIN_MAX_DWT-PRTIN_MAX_LNTH-PRT_CIAO_DMDMT-PRT_DETL_INFO-PRT_NM-PSSNR_RLTFCY_YN-RCRTN-REPR_CONT-RESTDY-RORO_RLTFCY_YN-SAFETY-SCRSQ_RLTINF-SCRTY-SHIP_EXAM_NTN_NM-SLNG_SAR-SPCFT_ZONE_INFO-STD_MSSAGE_CONT-STLT_NTWK_INFO-STR_PLAC-TDLCRT_INFO-TELNO-TIME_INFO-TIME_ZONE-TRFFC_IDX-TRNSPORT_SSTM-TUG-UN_LCT_CD-WETHER_STTUS_CONT-WORK_TM-WTCRS_NTN_NM-WTSTT,랩오투원,해운물류,"CSV, JSON, XML","['선박', '전세계', '항구', '항만']",소비/유통,상품,물류,"['선박', '전세계', '항구', '항만']",382916,7240,382916.0
bigdata-sea,page_000372.html,-,동중국해 저염분수 데이터 셋,"국가해양위성센터 GK2B의 저염분수 자료와 미항공우주국의 SMAP 자료를 동중국해 해역에 시공간 해상도에 맞도록 가공한 데이터셋\n- 서해안, 남해안 어장의 저염분수 조기 경보 및 피해 방지\n- 한반도 주변의 풍력에너지 해상풍력 최적지 선정의 기초자료 활용\n- 향후 누적 데이터를 활용한 마리나 주변 환경변화 분석",400000,LO|LA|SLN,True,2025-07-15,LA-LO-SLN,전략해양,해양환경,"CSV, JSON, XML","['SSS', 'Salinity', '어장', '염분', '저염분수']",산업/기술,해양/수산,해양,"['SSS', 'Salinity', '어장', '염분', '저염분수']",196715789,9890738,196715789.0
bigdata-sea,page_000373.html,-,"우리나라 마리나주변 해역의 평균 수온, 유속, 파고, 풍속 데이터셋","기상청에서 운영중인 KIM, CWW3 모델과 NOAA에서 운영중인 HYCOM 모델결과를 가공하여 국내 마리나 주변 해역에 대한 평균적인 해양정보(수온, 유속, 파고, 풍속) 데이터셋 제작\n- 마리나 관리 및 정책 결정\n- 안전한 레저 활동을 위한 정보제공\n- 향후 누적 데이터를 활용한 마리나 주변 환경변화 분석",500000,MRNA_NM|LO|LA|WTPR|PFBS_WVHT|CRRNT_SPD_U|CRRNT_SPD_V|WNDRC_U|WNDRC_V,True,2025-07-15,CRRNT_SPD_U-CRRNT_SPD_V-LA-LO-MRNA_NM-PFBS_WVHT-WNDRC_U-WNDRC_V-WTPR,전략해양,해양환경,"CSV, JSON, XML","['마리나', '수온', '유속', '파고', '풍속']",산업/기술,해양/수산,해양,"['마리나', '수온', '유속', '파고', '풍속']",162945084,7118960,162945084.0
bigdata-sea,page_000374.html,-,Booking 정보,컨테이너 Booking 정보 조회,1000000,SN|TRMNL_TPCD|BKNG_NO|CNTNR_IO_FLAG|OPRT_STTUS|CNTNR_NO|SC_CD|IMP_PRT_CD|UNLD_PRT_CD|CNTNR_MGNT|CNTNR_STNDR|FEF|BLCK_LCT|VHCLE_NO|TKIN_DTM|TKOT_DTM|SNDER_ID|TRNSS_DTM|OPRT_QTY|GATE_OUT_QTY|RMNDR_QTY|RGSTN_MAN|RGST_DT,True,2025-07-15,BKNG_NO-BLCK_LCT-CNTNR_IO_FLAG-CNTNR_MGNT-CNTNR_NO-CNTNR_STNDR-FEF-GATE_OUT_QTY-IMP_PRT_CD-OPRT_QTY-OPRT_STTUS-RGSTN_MAN-RGST_DT-RMNDR_QTY-SC_CD-SN-SNDER_ID-TKIN_DTM-TKOT_DTM-TRMNL_TPCD-TRNSS_DTM-UNLD_PRT_CD-VHCLE_NO,해운항만물류정보협회,해운물류,"CSV, JSON, XML","['booking', 'schedule', '물류', '반출입', '스케줄', '양하', '예약', '장치장', '적하', '정보', '컨테이너', '항만', '해운', '협회']",소비/유통,상품,물류,"['booking', 'schedule', '물류', '반출입', '스케줄', '양하', '예약', '장치장', '적하', '정보', '컨테이너', '항만', '해운', '협회']",197244646,7490303,197244646.0
bigdata-sea,page_000375.html,-,컨테이너 반출입 목록,컨테이너 게이트 반출입 목록 정보,1000000,SN|TRMNL_TPCD|CNTNR_IO_FLAG|CNTNR_NO|TRMNL_MS_VOYG|MS_VOYG_YR|SC_CD|CNTNR_MGNT|CNTNR_STNDR|FEF|CNTNR_WT|BKNG_NO|CRRR_ID|VHCLE_NO|OPRT_STTUS|CNTNR_CLS|DNGR_CD|DNGR_YN|BLCK_LCT|GATE_IO_DTM|RGSTN_MAN|RGST_DT,True,2025-07-15,BKNG_NO-BLCK_LCT-CNTNR_CLS-CNTNR_IO_FLAG-CNTNR_MGNT-CNTNR_NO-CNTNR_STNDR-CNTNR_WT-CRRR_ID-DNGR_CD-DNGR_YN-FEF-GATE_IO_DTM-MS_VOYG_YR-OPRT_STTUS-RGSTN_MAN-RGST_DT-SC_CD-SN-TRMNL_MS_VOYG-TRMNL_TPCD-VHCLE_NO,해운항만물류정보협회,해운물류,"CSV, JSON, XML","['목록', '물류', '반출입', '위험물', '장치장', '정보', '컨테이너', '터미널', '항만', '해운', '협회']",소비/유통,상품,물류,"['목록', '물류', '반출입', '위험물', '장치장', '정보', '컨테이너', '터미널', '항만', '해운', '협회']",48007794,1263363,48007794.0
bigdata-sea,page_000376.html,-,위험물 정보,"IMDG명, 종류품목, 등급 정보",500000,SN|CONNO|UN_NO|IMDG_NM|IMDG_ENG_NM|KIND_CD|KIND_NM|KIND_PRDLST_NM|IMDG_CD|SUB_IMDG_GRAD_DSCRN|PACKN_GRAD|SPCIL_RULE|HNDFL_DNGR|THMBLFL_DNGR|PACKN_MNUL|PACKN_SPCIL_RULE|MDSZ_PACKN_MNUL|TNK_PACKN|TNK_PACKN_MNUL|TNK_SPCIL_RULE|EMERG_MANGM_CD|LDNG_MTHD|ATPN|RGSTN_MAN|RGST_DT,True,2025-07-15,ATPN-CONNO-EMERG_MANGM_CD-HNDFL_DNGR-IMDG_CD-IMDG_ENG_NM-IMDG_NM-KIND_CD-KIND_NM-KIND_PRDLST_NM-LDNG_MTHD-MDSZ_PACKN_MNUL-PACKN_GRAD-PACKN_MNUL-PACKN_SPCIL_RULE-RGSTN_MAN-RGST_DT-SN-SPCIL_RULE-SUB_IMDG_GRAD_DSCRN-THMBLFL_DNGR-TNK_PACKN-TNK_PACKN_MNUL-TNK_SPCIL_RULE-UN_NO,해운항만물류정보협회,해운물류,"CSV, JSON, XML","['IMDG', 'UNNO', '비상조치', '위험물', '적재방법', '해운항만물류정보협회']",소비/유통,상품,물류,"['IMDG', 'UNNO', '비상조치', '위험물', '적재방법', '해운항만물류정보협회']",341387,2773,341387.0
bigdata-sea,page_000377.html,-,선적취소목록,모선별 선적 취소 목록정보,1000000,SN|TRMNL_TPCD|TRMNL_MS_VOYG|MS_VOYG_YR|SC_CD|CNTNR_NO|CNTNR_MGNT|CNTNR_STNDR|FEF|BKNG_NO|IMP_PRT_CD|DNGR_CD|CNTNR_WT|TKIN_DTM|BLCK_LCT|SNDER_ID|CNTNR_CLS|RGSTN_MAN|RGST_DT,True,2025-07-15,BKNG_NO-BLCK_LCT-CNTNR_CLS-CNTNR_MGNT-CNTNR_NO-CNTNR_STNDR-CNTNR_WT-DNGR_CD-FEF-IMP_PRT_CD-MS_VOYG_YR-RGSTN_MAN-RGST_DT-SC_CD-SN-SNDER_ID-TKIN_DTM-TRMNL_MS_VOYG-TRMNL_TPCD,해운항만물류정보협회,해운물류,"CSV, JSON, XML","['모선', '목록', '물류', '선사', '선적', '위험물', '정보', '취소', '컨테이너', '터미널', '항만', '해운', '협회']",소비/유통,상품,물류,"['모선', '목록', '물류', '선사', '선적', '위험물', '정보', '취소', '컨테이너', '터미널', '항만', '해운', '협회']",2154068,56686,2154068.0
bigdata-sea,page_000378.html,-,Empty 컨테이너 현황 정보,Empty 컨테이너 선사별 현황 정보,1000000,SN|SC_CD|TRMNL_TPCD|CNTNR_MGNT|CNTNR_STNDR|CQ_TOPC|RGSTN_MAN|RGST_DT,True,2025-07-15,CNTNR_MGNT-CNTNR_STNDR-CQ_TOPC-RGSTN_MAN-RGST_DT-SC_CD-SN-TRMNL_TPCD,해운항만물류정보협회,해운물류,"CSV, JSON, XML","['empty', '공', '규격', '물류', '선사', '정보', '컨테이너', '크기', '항만', '해운', '현황', '협회']",소비/유통,상품,물류,"['empty', '공', '규격', '물류', '선사', '정보', '컨테이너', '크기', '항만', '해운', '현황', '협회']",27404562,1131381,27404562.0
bigdata-sea,page_000379.html,-,하역장비실시간위치정보,터미널내 컨테이너의 하역장비 위치정보,12000000,SN|TRMNL_TPCD|DVC_INNB|PE_OPERATOR_TRMNL|LA|LO|ALTD|MOV_VE|MOV_DRCN|DATA_COLCT_TM|LCT_QLT|STLT_CNT|RGSTN_MAN|RGST_DT,True,2025-07-15,ALTD-DATA_COLCT_TM-DVC_INNB-LA-LCT_QLT-LO-MOV_DRCN-MOV_VE-PE_OPERATOR_TRMNL-RGSTN_MAN-RGST_DT-SN-STLT_CNT-TRMNL_TPCD,해운항만물류정보협회,해운물류,"CSV, JSON, XML","['경도', '물류', '속도', '실시간', '위도', '위치', '장비', '정보', '하역', '항만', '해운', '협회']",소비/유통,상품,물류,"['경도', '물류', '속도', '실시간', '위도', '위치', '장비', '정보', '하역', '항만', '해운', '협회']",179407899,1812201,179407899.0
bigdata-sea,page_000380.html,-,선박제원 정보 (국내입항),"국내 입항한 선박의 선박명, 호출부호 등 선박제원 정보",500000,SN|INOTS_PRT_SCTN|CLL_SGN|SHIP_CD|VSL_NO|SHIP_NM|SHIP_ENG_NM|SHIP_KIND|SHIP_NLTY|TN_CRTFI_SCTN|INTRN_TOT_TN|TOT_TN|NTN|DESIGN_TEU|RL_TEU|SHIP_TOT_LNTH|SHIP_BT|SHIP_DRAFT|SHIP_LNTH|SHIP_DPTH|BBC_SCTN|NVGTN_FOM_CD|NVGTN_FOM_NM|SHIP_CS_DY|BF_CLL_SGN|RGSTN_MAN|RGST_DT,True,2025-07-15,BBC_SCTN-BF_CLL_SGN-CLL_SGN-DESIGN_TEU-INOTS_PRT_SCTN-INTRN_TOT_TN-NTN-NVGTN_FOM_CD-NVGTN_FOM_NM-RGSTN_MAN-RGST_DT-RL_TEU-SHIP_BT-SHIP_CD-SHIP_CS_DY-SHIP_DPTH-SHIP_DRAFT-SHIP_ENG_NM-SHIP_KIND-SHIP_LNTH-SHIP_NLTY-SHIP_NM-SHIP_TOT_LNTH-SN-TN_CRTFI_SCTN-TOT_TN-VSL_NO,해운항만물류정보협회,해운물류,"CSV, JSON, XML","['국적', '선박', '운항', '제원', '해운항만물류정보협회', '호출부호']",공간/위치,위치기반,입출항,"['국적', '선박', '운항', '제원', '해운항만물류정보협회', '호출부호']",2962062,77949,2962062.0
bigdata-sea,page_000381.html,-,미반입 컨테이너 목록,터미널내 미반입 컨테이너 목록,1000000,SN|TRMNL_TPCD|TRMNL_MS_VOYG|MS_VOYG_YR|SC_CD|CNTNR_NO|IMP_PRT_CD|UNLD_PRT_CD|CNTNR_MGNT|CNTNR_STNDR|FEF|DNGR_CD|CNTNR_WT|CNTNR_CLS|BKNG_NO|RGSTN_MAN|RGST_DT,True,2025-07-15,BKNG_NO-CNTNR_CLS-CNTNR_MGNT-CNTNR_NO-CNTNR_STNDR-CNTNR_WT-DNGR_CD-FEF-IMP_PRT_CD-MS_VOYG_YR-RGSTN_MAN-RGST_DT-SC_CD-SN-TRMNL_MS_VOYG-TRMNL_TPCD-UNLD_PRT_CD,해운항만물류정보협회,해운물류,"CSV, JSON, XML","['목록', '물류', '미반입', '선사', '위험물', '정보', '컨테이너', '터미널', '항만', '해운', '협회']",소비/유통,상품,물류,"['목록', '물류', '미반입', '선사', '위험물', '정보', '컨테이너', '터미널', '항만', '해운', '협회']",152233,3713,152233.0
bigdata-sea,page_000382.html,-,컨테이너 이력 정보,컨테이너 이력 정보,1000000,SN|CNTNR_NO|TRMNL_TPCD|BLCK_LCT|OPRT_STTUS|SC_CD|CNTNR_MGNT|CNTNR_STNDR|FEF|CNTNR_WT|DNGR_YN|DNGR_CD|OOG|FRE_DAY_DTRN|DVCE_DCNT|OVER_DAYS|RFRGR_TPRT|CNTNR_SL_NO|FRGHT_MNNMB|BKNG_NO|BL_NO|OWNER_NM|HOLD_YN|D_O_RCPTS_YN|TKIN_MS_CD|TKIN_MS_VOYG|IMP_PRT_CD|MS_BRTH_DT|IMP_EXPECT_TM|OPRT_END_DTM|FRE_TM_DTRN_DT|TKOT_MS_CD|TKOT_MS_VOYG|UNLD_PRT_CD|SHPPN_CANCL_YN|TKIN_CRRR_ID|TKIN_DTM|TKIN_VHCLE_NO|TKIN_COURS|TKOT_CRRR_ID|TKOT_DTM|TKOT_VHCLE_NO|TKOT_COURS|CSTMS_HOLD|COST_HOLD|GNRL_HOLD|DNGR_GRAD|DNGR_DETL|RFRGR_PLG_IN_TM|RFRGR_PLG_OUT_TM|HSTR_INFO_SCTN|HSTR_INFO_MS_VOYG|HSTR_INFO_SC|HSTR_INFO_OCRN_TM|HSTR_INFO_BKNG_NO|HSTR_INFO_BL_NO|HSTR_INFO_IMP_PRT|HSTR_INFO_VHCLE_NO|HSTR_INFO_YD_LCT|RGSTN_MAN|RGST_DT,True,2025-07-15,BKNG_NO-BLCK_LCT-BL_NO-CNTNR_MGNT-CNTNR_NO-CNTNR_SL_NO-CNTNR_STNDR-CNTNR_WT-COST_HOLD-CSTMS_HOLD-DNGR_CD-DNGR_DETL-DNGR_GRAD-DNGR_YN-DVCE_DCNT-D_O_RCPTS_YN-FEF-FRE_DAY_DTRN-FRE_TM_DTRN_DT-FRGHT_MNNMB-GNRL_HOLD-HOLD_YN-HSTR_INFO_BKNG_NO-HSTR_INFO_BL_NO-HSTR_INFO_IMP_PRT-HSTR_INFO_MS_VOYG-HSTR_INFO_OCRN_TM-HSTR_INFO_SC-HSTR_INFO_SCTN-HSTR_INFO_VHCLE_NO-HSTR_INFO_YD_LCT-IMP_EXPECT_TM-IMP_PRT_CD-MS_BRTH_DT-OOG-OPRT_END_DTM-OPRT_STTUS-OVER_DAYS-OWNER_NM-RFRGR_PLG_IN_TM-RFRGR_PLG_OUT_TM-RFRGR_TPRT-RGSTN_MAN-RGST_DT-SC_CD-SHPPN_CANCL_YN-SN-TKIN_COURS-TKIN_CRRR_ID-TKIN_DTM-TKIN_MS_CD-TKIN_MS_VOYG-TKIN_VHCLE_NO-TKOT_COURS-TKOT_CRRR_ID-TKOT_DTM-TKOT_MS_CD-TKOT_MS_VOYG-TKOT_VHCLE_NO-TRMNL_TPCD-UNLD_PRT_CD,해운항만물류정보협회,해운물류,"CSV, JSON, XML","['물류', '선사', '위험물', '이력', '정보', '컨테이너', '터미널', '항만', '해운', '협회']",소비/유통,상품,물류,"['물류', '선사', '위험물', '이력', '정보', '컨테이너', '터미널', '항만', '해운', '협회']",106762074,3140061,106762074.0
bigdata-sea,page_000383.html,-,바다여행 전시관 콘텐츠,어촌 관광 바다여행 전시관 관련 콘텐츠 정보,0,CHRC_VL|SCLAS_NM|DATA_OGN|TTL|ADDR|DETL_ADDR|X_CRD|Y_CRD|TELNO|HMPG|PKL_YN|PKL_DSCRM|OPNG_TM|HLDT|EXHBTN_TYP,True,2025-07-15,ADDR-CHRC_VL-DATA_OGN-DETL_ADDR-EXHBTN_TYP-HLDT-HMPG-OPNG_TM-PKL_DSCRM-PKL_YN-SCLAS_NM-TELNO-TTL-X_CRD-Y_CRD,엘티에스코리아,해양산업,"CSV, JSON, XML","['바다여행', '어촌관광', '위치정보', '전시관']",공간/위치,관광,관광,"['바다여행', '어촌관광', '위치정보', '전시관']",27834,346,27834.0
bigdata-sea,page_000384.html,-,바다여행 기타 관광지 콘텐츠,어촌 관광 바다여행 기타 관광지 관련 콘텐츠 정보,0,CHRC_VL|SCLAS_NM|DATA_OGN|TTL|ADDR|DETL_ADDR|X_CRD|Y_CRD|TELNO|HMPG|PKL_YN|PKL_DSCRM|OPNG_TM|HLDT,True,2025-07-15,ADDR-CHRC_VL-DATA_OGN-DETL_ADDR-HLDT-HMPG-OPNG_TM-PKL_DSCRM-PKL_YN-SCLAS_NM-TELNO-TTL-X_CRD-Y_CRD,엘티에스코리아,해양산업,"CSV, JSON, XML","['관광지', '바다여행', '어촌관광', '위치정보']",공간/위치,관광,관광,"['관광지', '바다여행', '어촌관광', '위치정보']",91863,1085,91863.0
bigdata-sea,page_000385.html,-,바다여행 캠핑 콘텐츠,어촌 관광 바다여행 캠핑 관련 콘텐츠 정보,0,CHRC_VL|SCLAS_NM|DATA_OGN|TTL|ADDR|DETL_ADDR|X_CRD|Y_CRD|TELNO|HMPG|PKL_YN|PKL_DSCRM|SZ|RSVT_YN|RSVT_CNTNT|RSVT_PRD|TM_AVLBL|OPNG_TM,True,2025-07-15,ADDR-CHRC_VL-DATA_OGN-DETL_ADDR-HMPG-OPNG_TM-PKL_DSCRM-PKL_YN-RSVT_CNTNT-RSVT_PRD-RSVT_YN-SCLAS_NM-SZ-TELNO-TM_AVLBL-TTL-X_CRD-Y_CRD,엘티에스코리아,해양산업,"CSV, JSON, XML","['바다여행', '어촌관광', '위치정보', '캠핑']",공간/위치,관광,관광,"['바다여행', '어촌관광', '위치정보', '캠핑']",1302,18,1302.0
bigdata-sea,page_000386.html,-,바다여행 섬 콘텐츠,어촌 관광 바다여행 섬 관련 콘텐츠 정보,0,CHRC_VL|SCLAS_NM|DATA_OGN|TTL|ADDR|DETL_ADDR|X_CRD|Y_CRD|WTV|TELNO|HMPG,True,2025-07-15,ADDR-CHRC_VL-DATA_OGN-DETL_ADDR-HMPG-SCLAS_NM-TELNO-TTL-WTV-X_CRD-Y_CRD,엘티에스코리아,해양산업,"CSV, JSON, XML","['바다여행', '섬', '어촌관광', '위치정보']",공간/위치,관광,관광,"['바다여행', '섬', '어촌관광', '위치정보']",25653,459,25653.0
bigdata-sea,page_000387.html,-,바다여행 해수욕장 콘텐츠,어촌 관광 바다여행 해수욕장 관련 콘텐츠 정보,0,CHRC_VL|SCLAS_NM|DATA_OGN|TTL|ADDR|DETL_ADDR|X_CRD|Y_CRD|TELNO|HMPG|PKL_YN|PKL_DSCRM|OPN_PRD|SWIM_TM,True,2025-07-15,ADDR-CHRC_VL-DATA_OGN-DETL_ADDR-HMPG-OPN_PRD-PKL_DSCRM-PKL_YN-SCLAS_NM-SWIM_TM-TELNO-TTL-X_CRD-Y_CRD,엘티에스코리아,해양산업,"CSV, JSON, XML","['바다여행', '어촌관광', '위치정보', '해수욕장']",공간/위치,관광,관광,"['바다여행', '어촌관광', '위치정보', '해수욕장']",34427,519,34427.0
bigdata-sea,page_000388.html,-,바다여행 등대 콘텐츠,어촌 관광 바다여행 등대 관련 콘텐츠 정보,0,CHRC_VL|SCLAS_NM|DATA_OGN|TTL|ADDR|DETL_ADDR|X_CRD|Y_CRD|TELNO|HMPG|TM_AVLBL|FRST_LGHTNG_YMD|BULD_STRU_CN|CHAR_LIGHT,True,2025-07-15,ADDR-BULD_STRU_CN-CHAR_LIGHT-CHRC_VL-DATA_OGN-DETL_ADDR-FRST_LGHTNG_YMD-HMPG-SCLAS_NM-TELNO-TM_AVLBL-TTL-X_CRD-Y_CRD,엘티에스코리아,해양산업,"CSV, JSON, XML","['등대', '바다여행', '어촌관광', '위치정보']",공간/위치,관광,관광,"['등대', '바다여행', '어촌관광', '위치정보']",3123,47,3123.0
bigdata-sea,page_000389.html,-,바다여행 해양레포츠 콘텐츠,어촌 관광 바다여행 해양레포츠 관련 콘텐츠 정보,0,CHRC_VL|SCLAS_NM|DATA_OGN|TTL|ADDR|DETL_ADDR|X_CRD|Y_CRD|TELNO|HMPG|TM_AVLBL|MLS_PRGRM_NM|OPRTN_PRD,True,2025-07-15,ADDR-CHRC_VL-DATA_OGN-DETL_ADDR-HMPG-MLS_PRGRM_NM-OPRTN_PRD-SCLAS_NM-TELNO-TM_AVLBL-TTL-X_CRD-Y_CRD,엘티에스코리아,해양산업,"CSV, JSON, XML","['레포츠', '바다여행', '어촌관광', '해양']",공간/위치,관광,관광,"['레포츠', '바다여행', '어촌관광', '해양']",12649,179,12649.0
bigdata-sea,page_000390.html,-,바다여행 자전거길 콘텐츠,어촌 관광 바다여행 자전거길 관련 콘텐츠 정보,0,CHRC_VL|SCLAS_NM|DATA_OGN|TTL|ADDR|DETL_ADDR|X_CRD|Y_CRD|TELNO|HMPG|COURS_DGDFF|COURS_LNTH|COURS_INF,True,2025-07-15,ADDR-CHRC_VL-COURS_DGDFF-COURS_INF-COURS_LNTH-DATA_OGN-DETL_ADDR-HMPG-SCLAS_NM-TELNO-TTL-X_CRD-Y_CRD,엘티에스코리아,해양산업,"CSV, JSON, XML","['바다여행', '어촌관광', '자전거길', '트레킹']",공간/위치,관광,관광,"['바다여행', '어촌관광', '자전거길', '트레킹']",3627,51,3627.0
bigdata-sea,page_000391.html,-,바다여행 유람선 콘텐츠,어촌 관광 바다여행 유람선 관련 콘텐츠 정보,0,CHRC_VL|SCLAS_NM|DATA_OGN|TTL|ADDR|DETL_ADDR|X_CRD|Y_CRD|TELNO|HMPG|TM_AVLBL|HLDT|EXHBTN_TYP|COURS_INF|RQRD_TM|DOCK,True,2025-07-15,ADDR-CHRC_VL-COURS_INF-DATA_OGN-DETL_ADDR-DOCK-EXHBTN_TYP-HLDT-HMPG-RQRD_TM-SCLAS_NM-TELNO-TM_AVLBL-TTL-X_CRD-Y_CRD,엘티에스코리아,해양환경,"CSV, JSON, XML","['바다여행', '어촌관광', '위치정보', '유람선']",공간/위치,관광,관광,"['바다여행', '어촌관광', '위치정보', '유람선']",2565,37,2565.0
bigdata-sea,page_000392.html,-,"바다여행 일출, 낙조경관도로 콘텐츠","어촌 관광 바다여행 일출, 낙조경관도로 관련 콘텐츠 정보",0,CHRC_VL|SCLAS_NM|DATA_OGN|TTL|ADDR|DETL_ADDR|X_CRD|Y_CRD,True,2025-07-15,ADDR-CHRC_VL-DATA_OGN-DETL_ADDR-SCLAS_NM-TTL-X_CRD-Y_CRD,엘티에스코리아,해양산업,"CSV, JSON, XML","['경관도로', '낙조', '어촌관광', '일출']",공간/위치,관광,관광,"['경관도로', '낙조', '어촌관광', '일출']",1819,25,1819.0
bigdata-sea,page_000393.html,-,"바다여행 영화, 드라마 촬영장 콘텐츠","어촌 관광 바다여행 영화, 드라마 촬영장 관련 콘텐츠 정보",0,CHRC_VL|SCLAS_NM|DATA_OGN|TTL|ADDR|DETL_ADDR|X_CRD|Y_CRD|TELNO|HMPG|HLDT,True,2025-07-15,ADDR-CHRC_VL-DATA_OGN-DETL_ADDR-HLDT-HMPG-SCLAS_NM-TELNO-TTL-X_CRD-Y_CRD,엘티에스코리아,해양산업,"CSV, JSON, XML","['드라마', '어촌관광', '영화', '촬영장']",공간/위치,관광,관광,"['드라마', '어촌관광', '영화', '촬영장']",6799,94,6799.0
bigdata-sea,page_000394.html,-,"바다여행 전망대, 조망시설 콘텐츠","어촌 관광 바다여행 전망대, 조망시설 관련 콘텐츠 정보",0,CHRC_VL|SCLAS_NM|DATA_OGN|TTL|ADDR|DETL_ADDR|X_CRD|Y_CRD|TELNO|HMPG|PKL_YN|OPNG_TM|HLDT|EXHBTN_TYP,True,2025-07-15,ADDR-CHRC_VL-DATA_OGN-DETL_ADDR-EXHBTN_TYP-HLDT-HMPG-OPNG_TM-PKL_YN-SCLAS_NM-TELNO-TTL-X_CRD-Y_CRD,엘티에스코리아,해양산업,"CSV, JSON, XML","['바다여행', '어촌관광', '위치정보', '전시관']",공간/위치,관광,관광,"['바다여행', '어촌관광', '위치정보', '전시관']",6435,98,6435.0
bigdata-sea,page_000395.html,-,바다여행 항구 콘텐츠,어촌 관광 바다여행 항구 관련 콘텐츠 정보,0,CHRC_VL|SCLAS_NM|DATA_OGN|TTL|ADDR|DETL_ADDR|X_CRD|Y_CRD|WTV|TELNO|HMPG,True,2025-07-15,ADDR-CHRC_VL-DATA_OGN-DETL_ADDR-HMPG-SCLAS_NM-TELNO-TTL-WTV-X_CRD-Y_CRD,엘티에스코리아,해양산업,"CSV, JSON, XML","['바다여행', '어촌관광', '전망대', '조망시설']",공간/위치,관광,관광,"['바다여행', '어촌관광', '전망대', '조망시설']",12117,213,12117.0
bigdata-sea,page_000396.html,-,바다여행 쇼핑 콘텐츠,어촌 관광 바다여행 쇼핑 관련 콘텐츠 정보,0,CHRC_VL|SCLAS_NM|DATA_OGN|TTL|ADDR|DETL_ADDR|X_CRD|Y_CRD|TELNO,True,2025-07-15,ADDR-CHRC_VL-DATA_OGN-DETL_ADDR-SCLAS_NM-TELNO-TTL-X_CRD-Y_CRD,엘티에스코리아,해양산업,"CSV, JSON, XML","['바다여행', '어촌관광', '위치정보', '항구']",소비/유통,상품,쇼핑,"['바다여행', '어촌관광', '위치정보', '항구']",30175,427,30175.0
bigdata-sea,page_000397.html,-,바다여행 음식점 콘텐츠,어촌 관광 바다여행 음식점 관련 콘텐츠 정보,0,CHRC_VL|SCLAS_NM|DATA_OGN|TTL|ADDR|DETL_ADDR|X_CRD|Y_CRD|TELNO|HMPG|PKL_YN|PKL_DSCRM|HLDT|BIZ_STTS|CRCD_YN|RPRS_NM|RSTR_TYP|SEAT_INFO|SMK_NSMK|MAIN_MENU|BRCT_INTRCN_YN|BRCT_INTRCN_DETL,True,2025-07-15,ADDR-BIZ_STTS-BRCT_INTRCN_DETL-BRCT_INTRCN_YN-CHRC_VL-CRCD_YN-DATA_OGN-DETL_ADDR-HLDT-HMPG-MAIN_MENU-PKL_DSCRM-PKL_YN-RPRS_NM-RSTR_TYP-SCLAS_NM-SEAT_INFO-SMK_NSMK-TELNO-TTL-X_CRD-Y_CRD,엘티에스코리아,해양산업,"CSV, JSON, XML","['바다여행', '쇼핑', '어촌관광', '위치정보']",공간/위치,관광,관광,"['바다여행', '쇼핑', '어촌관광', '위치정보']",231016,3879,231016.0
bigdata-sea,page_000398.html,-,바다여행 체험 콘텐츠,어촌 관광 바다여행 체험 관련 콘텐츠 정보,0,CHRC_VL|SCLAS_NM|DATA_OGN|TTL|ADDR|DETL_ADDR|X_CRD|Y_CRD|WTV|TELNO|HMPG|RQRD_TM|EXPR_INTRCN|EXPR_PRD|EXPR_MIN_PRSN,True,2025-07-15,ADDR-CHRC_VL-DATA_OGN-DETL_ADDR-EXPR_INTRCN-EXPR_MIN_PRSN-EXPR_PRD-HMPG-RQRD_TM-SCLAS_NM-TELNO-TTL-WTV-X_CRD-Y_CRD,엘티에스코리아,해양산업,"CSV, JSON, XML","['맛집', '바다여행', '어촌관광', '음식점']",공간/위치,관광,관광,"['맛집', '바다여행', '어촌관광', '음식점']",56879,710,56879.0
bigdata-sea,page_000399.html,-,바다여행 식도락 콘텐츠,어촌 관광 바다여행 식도락 관련 콘텐츠 정보,0,CHRC_VL|SCLAS_NM|DATA_OGN|TTL|ADDR|DETL_ADDR|X_CRD|Y_CRD|WTV|TELNO|HMPG,True,2025-07-15,ADDR-CHRC_VL-DATA_OGN-DETL_ADDR-HMPG-SCLAS_NM-TELNO-TTL-WTV-X_CRD-Y_CRD,엘티에스코리아,해양산업,"CSV, JSON, XML","['바다여행', '어촌관광', '위치정보', '체험']",공간/위치,관광,관광,"['바다여행', '어촌관광', '위치정보', '체험']",8208,108,8208.0
bigdata-sea,page_000400.html,-,바다여행 축제행사 콘텐츠,어촌 관광 바다여행 축제행사 관련 콘텐츠 정보,0,CHRC_VL|SCLAS_NM|DATA_OGN|TTL|ADDR|DETL_ADDR|X_CRD|Y_CRD|WTV|TELNO|HMPG|PKL_YN|PKL_DSCRM|FSTVL_STRT_YMD|FSTVL_ENDG_YMD|MAIN_FSTVL|FSTVL_PLAC|EXPR_TYP|EXPR_PRD,True,2025-07-15,ADDR-CHRC_VL-DATA_OGN-DETL_ADDR-EXPR_PRD-EXPR_TYP-FSTVL_ENDG_YMD-FSTVL_PLAC-FSTVL_STRT_YMD-HMPG-MAIN_FSTVL-PKL_DSCRM-PKL_YN-SCLAS_NM-TELNO-TTL-WTV-X_CRD-Y_CRD,엘티에스코리아,해양산업,"CSV, JSON, XML","['바다여행', '어촌관광', '축제', '행사']",공간/위치,관광,관광,"['바다여행', '어촌관광', '축제', '행사']",18272,230,18272.0
bigdata-sea,page_000401.html,-,바다여행 어시장 콘텐츠,어촌 관광 바다여행 어시장 관련 콘텐츠 정보,0,CHRC_VL|SCLAS_NM|DATA_OGN|TTL|ADDR|DETL_ADDR|X_CRD|Y_CRD|TELNO|HMPG|PKL_YN|PKL_DSCRM|HLDT|SMW_URL|DIST,True,2025-07-15,ADDR-CHRC_VL-DATA_OGN-DETL_ADDR-DIST-HLDT-HMPG-PKL_DSCRM-PKL_YN-SCLAS_NM-SMW_URL-TELNO-TTL-X_CRD-Y_CRD,엘티에스코리아,해양산업,"CSV, JSON, XML","['바다여행', '어시장', '어촌관광', '위치정보']",공간/위치,관광,관광,"['바다여행', '어시장', '어촌관광', '위치정보']",2085,27,2085.0
bigdata-sea,page_000402.html,-,바다여행 숙박 콘텐츠,어촌 관광 바다여행 숙박 관련 콘텐츠 정보,0,CHRC_VL|SCLAS_NM|DATA_OGN|TTL|ADDR|DETL_ADDR|X_CRD|Y_CRD|TELNO|HMPG|PKL_YN|PKL_DSCRM|RSVT_YN|RSVT_CNTNT|EXPR_INTRCN|EXPR_PRD|ACMT_TYPE|BIZ_STTS|ROOM_TY|BRFT_YN|ETHRM_TM|LTHRM_TM|CRCD_YN|RPRS_NM,True,2025-07-15,ACMT_TYPE-ADDR-BIZ_STTS-BRFT_YN-CHRC_VL-CRCD_YN-DATA_OGN-DETL_ADDR-ETHRM_TM-EXPR_INTRCN-EXPR_PRD-HMPG-LTHRM_TM-PKL_DSCRM-PKL_YN-ROOM_TY-RPRS_NM-RSVT_CNTNT-RSVT_YN-SCLAS_NM-TELNO-TTL-X_CRD-Y_CRD,엘티에스코리아,해양산업,"CSV, JSON, XML","['바다여행', '숙박', '어촌관광', '위치정보']",공간/위치,관광,관광,"['바다여행', '숙박', '어촌관광', '위치정보']",169909,2435,169909.0
bigdata-sea,page_000403.html,-,바다여행_콘텐츠_첨부파일,바다여행 콘텐츠 정형 데이터와 비정형데이터의 연계 테이블,0,EXPR_ID_OLD|IMG_CHRC_VL|IMG_TYPE|FILE_NM|ORGNL_FILE_NM|FILE_COURS|FILE_DSCRN|DLT_YN|DLT_DTM|CHRC_VL,True,2025-07-15,CHRC_VL-DLT_DTM-DLT_YN-EXPR_ID_OLD-FILE_COURS-FILE_DSCRN-FILE_NM-IMG_CHRC_VL-IMG_TYPE-ORGNL_FILE_NM,엘티에스코리아,해양산업,"CSV, JSON, XML","['매칭', '사진', '이미지', '첨부파일']",공간/위치,관광,여행,"['매칭', '사진', '이미지', '첨부파일']",608292,19764,608292.0
bigdata-sea,page_000404.html,-,어촌관광_주변 편의시설 및 부가정보,어촌관광 바다여행 콘텐츠 인근 주요지점 정보,0,DATA_PRCSS_DETL_SEQ|DATA_SEQ|CHRC_VL|CTGRY_NM|SCLAS_NM|REPRSNT_TELNO|RN_ADDR|LTNO_ADDR|INDUTY_NM|RNTM|CRCD_YN|PKL_YN|RSVT_YN|DELV_YN|PACKN_POSBL_YN|TM24_YN|WIFI_OFR_YN|BSSH_NM|X_CRD|Y_CRD,True,2025-07-15,BSSH_NM-CHRC_VL-CRCD_YN-CTGRY_NM-DATA_PRCSS_DETL_SEQ-DATA_SEQ-DELV_YN-INDUTY_NM-LTNO_ADDR-PACKN_POSBL_YN-PKL_YN-REPRSNT_TELNO-RNTM-RN_ADDR-RSVT_YN-SCLAS_NM-TM24_YN-WIFI_OFR_YN-X_CRD-Y_CRD,엘티에스코리아,해양산업,"CSV, JSON, XML","['맛집', '의료', '잡화', '차']",공간/위치,관광,관광,"['맛집', '의료', '잡화', '차']",3576743,58211,3576743.0
bigdata-sea,page_000405.html,-,어촌체험마을 현황정보,어촌체험마을별 운영여부 현황 정보,0,VLLG_CLS_CD|VLG_NM|RCRTN_VLLG_YN|APPNM_YR|DETL_DT|CANCL_YN|OPRT_YN|VLLG_REPRSNT_NO|ILND_SHIP_MOV_YN|LND_YN|ADDR,True,2025-07-15,ADDR-APPNM_YR-CANCL_YN-DETL_DT-ILND_SHIP_MOV_YN-LND_YN-OPRT_YN-RCRTN_VLLG_YN-VLG_NM-VLLG_CLS_CD-VLLG_REPRSNT_NO,엘티에스코리아,해양산업,"CSV, JSON, XML","['섬', '어촌체험마을', '운영여부', '위치정보']",공간/위치,관광,관광,"['섬', '어촌체험마을', '운영여부', '위치정보']",3378,152,3378.0
bigdata-sea,page_000406.html,-,어촌체험마을 운영정보,"어촌체험마을별 체험, 특산품, 숙박, 음식점의 운영 정보",0,VLLG_CLS_CD|INFO_CLS|TTL|RELATE_SITE,True,2025-07-15,INFO_CLS-RELATE_SITE-TTL-VLLG_CLS_CD,엘티에스코리아,해양산업,"CSV, JSON, XML","['숙박', '식당', '체험', '특산물']",공간/위치,관광,관광,"['숙박', '식당', '체험', '특산물']",41422,447,41422.0
bigdata-sea,page_000407.html,-,선박 구조용 기자재 사용시간 데이터,선박 구조용 기자재 사용시간 데이터,200000,SN|CMPNY_NM|DPTR_HMS|ARVL_HMS|BTTM_SCKT|STRU_RNPLT|STRU_XLRYMTRL|STRU_TOT_SUM|STRU_WLD,True,2025-07-15,ARVL_HMS-BTTM_SCKT-CMPNY_NM-DPTR_HMS-SN-STRU_RNPLT-STRU_TOT_SUM-STRU_WLD-STRU_XLRYMTRL,올시데이터,해운물류,"CSV, JSON, XML","['allseadata', 'equipment', '기자재사용시간', '선박기자재', '올시데이터']",산업/기술,해양/수산,선박,"['allseadata', 'equipment', '기자재사용시간', '선박기자재', '올시데이터']",36601,506,36601.0
bigdata-sea,page_000408.html,-,선박 화물용 기자재 사용시간 데이터,선박 화물용 기자재 사용시간 데이터,200000,SN|CMPNY_NM|DPTR_HMS|ARVL_HMS|STRPPNG_SSTM|BSTR_PUMP|FRGHT_WRHS_CLNG_PUMP|NCHR_BAR|GLSS_SSTM|GL_SSTM|NVR_SSTM|MSTC_SSTM|PRLT_SSTM|PL_SSTM|PU_SSTM|STPL_SSTM|SUS_SSTM,True,2025-07-15,ARVL_HMS-BSTR_PUMP-CMPNY_NM-DPTR_HMS-FRGHT_WRHS_CLNG_PUMP-GLSS_SSTM-GL_SSTM-MSTC_SSTM-NCHR_BAR-NVR_SSTM-PL_SSTM-PRLT_SSTM-PU_SSTM-SN-STPL_SSTM-STRPPNG_SSTM-SUS_SSTM,올시데이터,해운물류,"CSV, JSON, XML","['allseadata', 'equipment', '기자재사용시간', '선박기자재', '올시데이터']",산업/기술,해양/수산,선박,"['allseadata', 'equipment', '기자재사용시간', '선박기자재', '올시데이터']",36038,506,36038.0
bigdata-sea,page_000409.html,-,선박 승무원용 기자재 사용시간 데이터,선박 승무원용 기자재 사용시간 데이터,200000,SN|CMPNY_NM|DPTR_HMS|ARVL_HMS|ARCND|TBL|CLNGPLT|HS_CRN|DR|EMERG_SCP_SSTM|EMERG_SSTM|ENGNR_RM_CRN|FDMTRLS_ELVT,True,2025-07-15,ARCND-ARVL_HMS-CLNGPLT-CMPNY_NM-DPTR_HMS-DR-EMERG_SCP_SSTM-EMERG_SSTM-ENGNR_RM_CRN-FDMTRLS_ELVT-HS_CRN-SN-TBL,올시데이터,해운물류,"CSV, JSON, XML","['allseadata', 'equipment', '기자재사용시간', '선박기자재', '올시데이터']",산업/기술,해양/수산,선박,"['allseadata', 'equipment', '기자재사용시간', '선박기자재', '올시데이터']",36601,506,36601.0
bigdata-sea,page_000410.html,-,선박용 기자재 사용시간 데이터,선박용 기자재 사용시간 데이터,200000,SN|CMPNY_NM|DPTR_HMS|ARVL_HMS|LDDR|NCHR|NCHR_CHN|NCHR_MCHN|BLLRD,True,2025-07-15,ARVL_HMS-BLLRD-CMPNY_NM-DPTR_HMS-LDDR-NCHR-NCHR_CHN-NCHR_MCHN-SN,올시데이터,해운물류,"CSV, JSON, XML","['allseadata', 'equipment', '기자재사용시간', '선박기자재', '올시데이터']",산업/기술,해양/수산,선박,"['allseadata', 'equipment', '기자재사용시간', '선박기자재', '올시데이터']",35589,506,35589.0
bigdata-sea,page_000411.html,-,선박 기계류 사용 시간 데이터,선박 기계류 사용 시간 데이터,200000,SN|CMPNY_NM|DPTR_HMS|ARVL_HMS|AIR_SPL_DVCE|ASSST_BLR|BRNG|MAIN_BLR|CONN_BAR|CRNK_ANGLE|CRSSHD|CYLHD|DMPR|DSL_ENGNR_GNRTR|BLR,True,2025-07-15,AIR_SPL_DVCE-ARVL_HMS-ASSST_BLR-BLR-BRNG-CMPNY_NM-CONN_BAR-CRNK_ANGLE-CRSSHD-CYLHD-DMPR-DPTR_HMS-DSL_ENGNR_GNRTR-MAIN_BLR-SN,올시데이터,해운물류,"CSV, JSON, XML","['allseadata', 'equipment', '기자재사용시간', '선박기자재', '올시데이터']",산업/기술,해양/수산,선박,"['allseadata', 'equipment', '기자재사용시간', '선박기자재', '올시데이터']",36601,506,36601.0
bigdata-sea,page_000412.html,-,선주 별 선박 운항정보 2019 데이터,선주 별 선박 운항정보 2019 데이터,200000,SHIP_OWNER_NM|DPTR_HMS|ARVL_HMS|BLLAT_DCNT|FRGHT_LDNG_DCNT|PRT_NCHRG_DCNT|TOT_DIST|BLLAT_DIST|NVGTN_DIST|PRT_DIST|AVE_VE|FRGHT_CNVNC_QTY|SHIP_CNT|FRGHT_CNVNC_QTY_TONM,True,2025-07-15,ARVL_HMS-AVE_VE-BLLAT_DCNT-BLLAT_DIST-DPTR_HMS-FRGHT_CNVNC_QTY-FRGHT_CNVNC_QTY_TONM-FRGHT_LDNG_DCNT-NVGTN_DIST-PRT_DIST-PRT_NCHRG_DCNT-SHIP_CNT-SHIP_OWNER_NM-TOT_DIST,올시데이터,해운물류,"CSV, JSON, XML","['allseadata', '선박별운항정보', '선주별운항정보', '올시데이터']",산업/기술,해양/수산,선박,"['allseadata', '선박별운항정보', '선주별운항정보', '올시데이터']",32039,374,32039.0
bigdata-sea,page_000413.html,-,선박별 운항정보 요약 2019 데이터,선박별 운항정보 요약 2019 데이터,200000,IMO_IDNTF_NO|DPTR_HMS|ARVL_HMS|BLLAT_DCNT|FRGHT_LDNG_DCNT|PRT_NCHRG_DCNT|TOT_DIST|BLLAT_DIST|NVGTN_DIST|PRT_DIST|AVE_VE|FRGHT_CNVNC_QTY|FRGHT_CNVNC_QTY_TONM,True,2025-07-15,ARVL_HMS-AVE_VE-BLLAT_DCNT-BLLAT_DIST-DPTR_HMS-FRGHT_CNVNC_QTY-FRGHT_CNVNC_QTY_TONM-FRGHT_LDNG_DCNT-IMO_IDNTF_NO-NVGTN_DIST-PRT_DIST-PRT_NCHRG_DCNT-TOT_DIST,올시데이터,해운물류,"CSV, JSON, XML","['allseadata', '선박별운항정보', '선주별운항정보', '올시데이터']",산업/기술,해양/수산,선박,"['allseadata', '선박별운항정보', '선주별운항정보', '올시데이터']",79492,1071,79492.0
bigdata-sea,page_000414.html,-,선박별 운항정보 2019 데이터,선박별 운항정보 2019 데이터,200000,IMO_IDNTF_NO|DPTR_HMS|ARVL_HMS|DPTRP_LA|DPTRP_LO|DTNT_LA|DTNT_LO|BGN_DRAFT|END_DRAFT,True,2025-07-15,ARVL_HMS-BGN_DRAFT-DPTRP_LA-DPTRP_LO-DPTR_HMS-DTNT_LA-DTNT_LO-END_DRAFT-IMO_IDNTF_NO,올시데이터,해운물류,"CSV, JSON, XML","['allseadata', '선박별운항정보', '선주별운항정보', '올시데이터']",산업/기술,해양/수산,선박,"['allseadata', '선박별운항정보', '선주별운항정보', '올시데이터']",94770,1215,94770.0
bigdata-sea,page_000415.html,-,국가간 이동 화물량 2019 데이터,국가간 이동 화물량 2019 데이터,200000,SN|DPTR_CN_NM|ARVL_CN_NM|FRGHT_CNVNC_QTY_TONM|MILLION_TONM|SLNG_DCNT|AVE_DCNT|PRT_CIAO_CNT,True,2025-07-15,ARVL_CN_NM-AVE_DCNT-DPTR_CN_NM-FRGHT_CNVNC_QTY_TONM-MILLION_TONM-PRT_CIAO_CNT-SLNG_DCNT-SN,올시데이터,해운물류,"CSV, JSON, XML","['allseadata', '국가별화물량', '올시데이터', '현황']",소비/유통,상품,물류,"['allseadata', '국가별화물량', '올시데이터', '현황']",23324,640,23324.0
bigdata-sea,page_000416.html,-,항구간 선박이동 정보 2019 데이터,항구간 선박이동 정보 2019 데이터,200000,IMO_IDNTF_NO|DPTR_HMS|ARVL_HMS|DPTR_CN_NM|ARVL_CN_NM|DPTR_PRT_NM|ARVL_PRT_NM|TOT_DIST|FRGHT_CNVNC_QTY|TOT_RQRMN_DCNT|VE|WAVE_HGHT|WDSP|BGN_DRAFT|END_DRAFT|WAVE_CONT|AVE_VE|WAVE_AVE_HGHT|AVE_WDSP|FRGHT_CNVNC_QTY_TONM,True,2025-07-15,ARVL_CN_NM-ARVL_HMS-ARVL_PRT_NM-AVE_VE-AVE_WDSP-BGN_DRAFT-DPTR_CN_NM-DPTR_HMS-DPTR_PRT_NM-END_DRAFT-FRGHT_CNVNC_QTY-FRGHT_CNVNC_QTY_TONM-IMO_IDNTF_NO-TOT_DIST-TOT_RQRMN_DCNT-VE-WAVE_AVE_HGHT-WAVE_CONT-WAVE_HGHT-WDSP,올시데이터,해운물류,"CSV, JSON, XML","['allseadata', '올시데이터', '항구간화물량', '현황']",소비/유통,상품,물류,"['allseadata', '올시데이터', '항구간화물량', '현황']",6526200,90502,6526200.0
bigdata-sea,page_000417.html,-,LNG선 현황 데이터,LNG선 현황 데이터,100000,IMO_IDNTF_NO|SHIP_OWNER_NM|SHIP_NM|FRGHT_CNVNC_QTY_TONM|MAKER_NM|SHPYRD_NM|BULD_YR|CLS_NM|CCS,True,2025-07-15,BULD_YR-CCS-CLS_NM-FRGHT_CNVNC_QTY_TONM-IMO_IDNTF_NO-MAKER_NM-SHIP_NM-SHIP_OWNER_NM-SHPYRD_NM,올시데이터,해운물류,"CSV, JSON, XML","['LNG', 'allseadata', '올시데이터', '현황']",산업/기술,해양/수산,선박,"['LNG', 'allseadata', '올시데이터', '현황']",13149,244,13149.0
bigdata-sea,page_000418.html,-,관광지 GIS 데이터,관광지의 위치정보 시각화 GIS 데이터,0,DATA_ID|DATA_NM|DATA_COURS,True,2025-07-15,DATA_COURS-DATA_ID-DATA_NM,지오씨엔아이,해양산업,"CSV, JSON, XML","['관광지', '등고선', '전국관광', '전국관광지', '지오씨엔아이']",공간/위치,관광,관광지,"['관광지', '등고선', '전국관광', '전국관광지', '지오씨엔아이']",5616,117,5616.0
bigdata-sea,page_000419.html,-,관광지 지형분석 정보,관광지 주변의 입체적인 시각화를 위한 지형정보 분석 자료,0,DATA_ID|DATA_NM|DATA_COURS,True,2025-07-15,DATA_COURS-DATA_ID-DATA_NM,지오씨엔아이,해양환경,"CSV, JSON, XML","['관광코스', '사진정보', '위치정보', '전국관광', '지오씨엔아이', '해양환경']",공간/위치,관광,관광지,"['관광코스', '사진정보', '위치정보', '전국관광', '지오씨엔아이', '해양환경']",115042,1186,115042.0
bigdata-sea,page_000420.html,-,관광지 토지피복지도,관광지 주변의 토지피복지도 및 통계 자료,9000000,DATA_ID|DATA_NM|DATA_COURS|ORGNL_DATA_NM|ORGNL_DATA_COURS,True,2025-07-15,DATA_COURS-DATA_ID-DATA_NM-ORGNL_DATA_COURS-ORGNL_DATA_NM,지오씨엔아이,해양환경,"CSV, JSON, XML","['관광지', '전국관광', '전국관광지', '지오씨엔아이', '토지피복지도']",공간/위치,관광,관광지,"['관광지', '전국관광', '전국관광지', '지오씨엔아이', '토지피복지도']",3705,57,3705.0
bigdata-sea,page_000421.html,-,체험지 GIS 데이터,체험지의 위치정보 시각화 GIS 데이터,0,DATA_ID|DATA_NM|DATA_COURS,True,2025-07-15,DATA_COURS-DATA_ID-DATA_NM,지오씨엔아이,해양환경,"CSV, JSON, XML","['등고선', '전국관광', '전국체험지', '지오씨엔아이', '체험지']",공간/위치,관광,관광,"['등고선', '전국관광', '전국체험지', '지오씨엔아이', '체험지']",11826,219,11826.0
bigdata-sea,page_000422.html,-,체험지 지형분석 정보,체험지 주변의 입체적인 시각화를 위한 지형정보 분석 자료,0,DATA_ID|DATA_NM|DATA_COURS,True,2025-07-15,DATA_COURS-DATA_ID-DATA_NM,지오씨엔아이,해양환경,"CSV, JSON, XML","['경사', '경사도', '전국관광', '전국체험지', '지오씨엔아이', '체험지']",공간/위치,관광,관광,"['경사', '경사도', '전국관광', '전국체험지', '지오씨엔아이', '체험지']",9700,194,9700.0
bigdata-sea,page_000423.html,-,체험지 토지피복지도,체험지 주변의 토지피복지도 및 통계 자료,9000000,DATA_ID|DATA_NM|DATA_COURS|ORGNL_DATA_NM|ORGNL_DATA_COURS,True,2025-07-15,DATA_COURS-DATA_ID-DATA_NM-ORGNL_DATA_COURS-ORGNL_DATA_NM,지오씨엔아이,해양환경,"CSV, JSON, XML","['전국관광', '전국체험지', '지오씨엔아이', '체험지', '토지피복지도']",공간/위치,관광,관광,"['전국관광', '전국체험지', '지오씨엔아이', '체험지', '토지피복지도']",3080,35,3080.0
bigdata-sea,page_000424.html,-,탱커선 선박별 파도높이에 따른 평균/최대 속도 데이터,선박별 파도높이에 따른 평균/최대 속도 데이터,0,MMSI|IMO_IDNTF_NO|SHIP_NM|SHIP_KIND|SHIP_WDTH|SHIP_LNTH|SHIP_HGHT|SHIP_OWNER_NM|DRAFT|SHPYRD_NM|BULD_YR|DDWGHT|DPTR_HMS|ARVL_HMS|WAVE_AVE_VE_1M|WAVE_AVE_VE_2M|WAVE_AVE_VE_3M|WAVE_AVE_VE_4M|WAVE_AVE_VE_5M|WAVE_AVE_VE_6M|WAVE_AVE_VE_7M|WAVE_AVE_VE_8M|WAVE_AVE_VE_9M|WAVE_AVE_VE_10M_ABOVE|WAVE_MAX_VE_1M|WAVE_MAX_VE_2M|WAVE_MAX_VE_3M|WAVE_MAX_VE_4M|WAVE_MAX_VE_5M|WAVE_MAX_VE_6M|WAVE_MAX_VE_7M|WAVE_MAX_VE_8M|WAVE_MAX_VE_9M|WAVE_MAX_VE_10M_ABOVE,True,2025-07-15,ARVL_HMS-BULD_YR-DDWGHT-DPTR_HMS-DRAFT-IMO_IDNTF_NO-MMSI-SHIP_HGHT-SHIP_KIND-SHIP_LNTH-SHIP_NM-SHIP_OWNER_NM-SHIP_WDTH-SHPYRD_NM-WAVE_AVE_VE_10M_ABOVE-WAVE_AVE_VE_1M-WAVE_AVE_VE_2M-WAVE_AVE_VE_3M-WAVE_AVE_VE_4M-WAVE_AVE_VE_5M-WAVE_AVE_VE_6M-WAVE_AVE_VE_7M-WAVE_AVE_VE_8M-WAVE_AVE_VE_9M-WAVE_MAX_VE_10M_ABOVE-WAVE_MAX_VE_1M-WAVE_MAX_VE_2M-WAVE_MAX_VE_3M-WAVE_MAX_VE_4M-WAVE_MAX_VE_5M-WAVE_MAX_VE_6M-WAVE_MAX_VE_7M-WAVE_MAX_VE_8M-WAVE_MAX_VE_9M,올시데이터,해운물류,"CSV, JSON, XML","['allseadata', '선박별', '최대속도', '파도높이', '평균속도']",산업/기술,해양/수산,선박,"['allseadata', '선박별', '최대속도', '파도높이', '평균속도']",1799579,39216,1799579.0
bigdata-sea,page_000425.html,-,탱커선 선종별 파도높이에 따른 평균/최대 속도 데이터,선종별 파도높이에 따른 평균/최대 속도 데이터,0,SHIP_KIND|SHIP_CNT|DPTR_HMS|ARVL_HMS|WAVE_AVE_VE_1M|WAVE_AVE_VE_2M|WAVE_AVE_VE_3M|WAVE_AVE_VE_4M|WAVE_AVE_VE_5M|WAVE_AVE_VE_6M|WAVE_AVE_VE_7M|WAVE_AVE_VE_8M|WAVE_AVE_VE_9M|WAVE_AVE_VE_10M_ABOVE|WAVE_MAX_VE_1M|WAVE_MAX_VE_2M|WAVE_MAX_VE_3M|WAVE_MAX_VE_4M|WAVE_MAX_VE_5M|WAVE_MAX_VE_6M|WAVE_MAX_VE_7M|WAVE_MAX_VE_8M|WAVE_MAX_VE_9M|WAVE_MAX_VE_10M_ABOVE,True,2025-07-15,ARVL_HMS-DPTR_HMS-SHIP_CNT-SHIP_KIND-WAVE_AVE_VE_10M_ABOVE-WAVE_AVE_VE_1M-WAVE_AVE_VE_2M-WAVE_AVE_VE_3M-WAVE_AVE_VE_4M-WAVE_AVE_VE_5M-WAVE_AVE_VE_6M-WAVE_AVE_VE_7M-WAVE_AVE_VE_8M-WAVE_AVE_VE_9M-WAVE_MAX_VE_10M_ABOVE-WAVE_MAX_VE_1M-WAVE_MAX_VE_2M-WAVE_MAX_VE_3M-WAVE_MAX_VE_4M-WAVE_MAX_VE_5M-WAVE_MAX_VE_6M-WAVE_MAX_VE_7M-WAVE_MAX_VE_8M-WAVE_MAX_VE_9M,올시데이터,해운물류,"CSV, JSON, XML","['allseadata', '선종별', '올시데이터', '최대속도', '파도높이', '평균속도']",산업/기술,해양/수산,해양,"['allseadata', '선종별', '올시데이터', '최대속도', '파도높이', '평균속도']",14689,193,14689.0
bigdata-sea,page_000426.html,-,탱커선 선주사 선대별 파도높이에 따른 평균/최대 속도 데이터,선주사 선대별 파도높이에 따른 평균/최대 속도 데이터,0,SHIP_OWNER_NM|SHIP_CNT|DPTR_HMS|ARVL_HMS|WAVE_AVE_VE_1M|WAVE_AVE_VE_2M|WAVE_AVE_VE_3M|WAVE_AVE_VE_4M|WAVE_AVE_VE_5M|WAVE_AVE_VE_6M|WAVE_AVE_VE_7M|WAVE_AVE_VE_8M|WAVE_AVE_VE_9M|WAVE_AVE_VE_10M_ABOVE|WAVE_MAX_VE_1M|WAVE_MAX_VE_2M|WAVE_MAX_VE_3M|WAVE_MAX_VE_4M|WAVE_MAX_VE_5M|WAVE_MAX_VE_6M|WAVE_MAX_VE_7M|WAVE_MAX_VE_8M|WAVE_MAX_VE_9M|WAVE_MAX_VE_10M_ABOVE,True,2025-07-15,ARVL_HMS-DPTR_HMS-SHIP_CNT-SHIP_OWNER_NM-WAVE_AVE_VE_10M_ABOVE-WAVE_AVE_VE_1M-WAVE_AVE_VE_2M-WAVE_AVE_VE_3M-WAVE_AVE_VE_4M-WAVE_AVE_VE_5M-WAVE_AVE_VE_6M-WAVE_AVE_VE_7M-WAVE_AVE_VE_8M-WAVE_AVE_VE_9M-WAVE_MAX_VE_10M_ABOVE-WAVE_MAX_VE_1M-WAVE_MAX_VE_2M-WAVE_MAX_VE_3M-WAVE_MAX_VE_4M-WAVE_MAX_VE_5M-WAVE_MAX_VE_6M-WAVE_MAX_VE_7M-WAVE_MAX_VE_8M-WAVE_MAX_VE_9M,올시데이터,해운물류,"CSV, JSON, XML","['allseadata', '선대', '선주별', '올시데이터', '최대속도', '파도높이', '평균속도']",산업/기술,해양/수산,해양,"['allseadata', '선대', '선주별', '올시데이터', '최대속도', '파도높이', '평균속도']",257332,3151,257332.0
bigdata-sea,page_000427.html,-,탱커선 파도높이에 따른 평균/최대 속도 데이터,파도높이에 따른 평균/최대 속도 데이터,0,SHIP_CNT|DPTR_HMS|ARVL_HMS|WAVE_AVE_VE_1M|WAVE_AVE_VE_2M|WAVE_AVE_VE_3M|WAVE_AVE_VE_4M|WAVE_AVE_VE_5M|WAVE_AVE_VE_6M|WAVE_AVE_VE_7M|WAVE_AVE_VE_8M|WAVE_AVE_VE_9M|WAVE_AVE_VE_10M_ABOVE|WAVE_MAX_VE_1M|WAVE_MAX_VE_2M|WAVE_MAX_VE_3M|WAVE_MAX_VE_4M|WAVE_MAX_VE_5M|WAVE_MAX_VE_6M|WAVE_MAX_VE_7M|WAVE_MAX_VE_8M|WAVE_MAX_VE_9M|WAVE_MAX_VE_10M_ABOVE,True,2025-07-15,ARVL_HMS-DPTR_HMS-SHIP_CNT-WAVE_AVE_VE_10M_ABOVE-WAVE_AVE_VE_1M-WAVE_AVE_VE_2M-WAVE_AVE_VE_3M-WAVE_AVE_VE_4M-WAVE_AVE_VE_5M-WAVE_AVE_VE_6M-WAVE_AVE_VE_7M-WAVE_AVE_VE_8M-WAVE_AVE_VE_9M-WAVE_MAX_VE_10M_ABOVE-WAVE_MAX_VE_1M-WAVE_MAX_VE_2M-WAVE_MAX_VE_3M-WAVE_MAX_VE_4M-WAVE_MAX_VE_5M-WAVE_MAX_VE_6M-WAVE_MAX_VE_7M-WAVE_MAX_VE_8M-WAVE_MAX_VE_9M,올시데이터,해운물류,"CSV, JSON, XML","['allseadata', '올시데이터', '최대속도', '파도높이', '평균속도']",산업/기술,해양/수산,해양,"['allseadata', '올시데이터', '최대속도', '파도높이', '평균속도']",228,3,228.0
bigdata-sea,page_000428.html,-,탱커선 선박별 운항 거리,선박별 운항 거리,0,MMSI|IMO_IDNTF_NO|SHIP_NM|SHIP_KIND|SHIP_WDTH|SHIP_LNTH|SHIP_HGHT|SHIP_OWNER_NM|DRAFT|SHPYRD_NM|BULD_YR|DDWGHT|DPTR_HMS|ARVL_HMS|DPTRP_LA|DPTRP_LO|DTNT_LA|DTNT_LO|NVGTN_DIST,True,2025-07-15,ARVL_HMS-BULD_YR-DDWGHT-DPTRP_LA-DPTRP_LO-DPTR_HMS-DRAFT-DTNT_LA-DTNT_LO-IMO_IDNTF_NO-MMSI-NVGTN_DIST-SHIP_HGHT-SHIP_KIND-SHIP_LNTH-SHIP_NM-SHIP_OWNER_NM-SHIP_WDTH-SHPYRD_NM,올시데이터,해운물류,"CSV, JSON, XML","['allseadata', '선박별', '올시데이터', '운항거리']",산업/기술,해양/수산,선박,"['allseadata', '선박별', '올시데이터', '운항거리']",2007804,39541,2007804.0
bigdata-sea,page_000429.html,-,탱커선 선종별 운항 거리,선종별 운항 거리,0,SHIP_KIND|SHIP_CNT|DPTR_HMS|ARVL_HMS|NVGTN_DIST,True,2025-07-15,ARVL_HMS-DPTR_HMS-NVGTN_DIST-SHIP_CNT-SHIP_KIND,올시데이터,해운물류,"CSV, JSON, XML","['allseadata', '선종별', '올시데이터', '운항거리']",산업/기술,해양/수산,선박,"['allseadata', '선종별', '올시데이터', '운항거리']",12283,196,12283.0
bigdata-sea,page_000430.html,-,탱커선 선주사 선대별 운항 거리,선주사 선대별 운항 거리,0,SHIP_OWNER_NM|SHIP_CNT|DPTR_HMS|ARVL_HMS|NVGTN_DIST,True,2025-07-15,ARVL_HMS-DPTR_HMS-NVGTN_DIST-SHIP_CNT-SHIP_OWNER_NM,올시데이터,해운물류,"CSV, JSON, XML","['allseadata', '선대별', '선사별', '선주별', '올시데이터', '운항거리']",산업/기술,해양/수산,선박,"['allseadata', '선대별', '선사별', '선주별', '올시데이터', '운항거리']",218438,3176,218438.0
bigdata-sea,page_000431.html,-,탱커선 운항 거리별 순위,운항 거리별 순위,0,RANK|SHIP_OWNER_NM|SHIP_CNT|DPTR_HMS|ARVL_HMS|NVGTN_DIST,True,2025-07-15,ARVL_HMS-DPTR_HMS-NVGTN_DIST-RANK-SHIP_CNT-SHIP_OWNER_NM,올시데이터,해운물류,"CSV, JSON, XML","['allseadata', '선대별', '선주별', '순위', '올시데이터', '운항거리']",산업/기술,해양/수산,선박,"['allseadata', '선대별', '선주별', '순위', '올시데이터', '운항거리']",309867,4648,309867.0
bigdata-sea,page_000432.html,-,탱커선 선박별 화물 운송량 및 운송화물,선박별 화물 운송량 및 운송화물,0,MMSI|IMO_IDNTF_NO|SHIP_NM|SHIP_KIND|SHIP_WDTH|SHIP_LNTH|SHIP_HGHT|SHIP_OWNER_NM|DRAFT|SHPYRD_NM|BULD_YR|DDWGHT|DPTR_HMS|ARVL_HMS|DPTRP_LA|DPTRP_LO|DTNT_LA|DTNT_LO|CRG_TYP|FRGHT_CNVNC_QTY_TONM,True,2025-07-15,ARVL_HMS-BULD_YR-CRG_TYP-DDWGHT-DPTRP_LA-DPTRP_LO-DPTR_HMS-DRAFT-DTNT_LA-DTNT_LO-FRGHT_CNVNC_QTY_TONM-IMO_IDNTF_NO-MMSI-SHIP_HGHT-SHIP_KIND-SHIP_LNTH-SHIP_NM-SHIP_OWNER_NM-SHIP_WDTH-SHPYRD_NM,올시데이터,해운물류,"CSV, JSON, XML","['allseadata', '선박별', '운송량', '운송화물']",소비/유통,상품,물류,"['allseadata', '선박별', '운송량', '운송화물']",2070584,39398,2070584.0
bigdata-sea,page_000433.html,-,탱커선 선종별 화물 운송량 및 운송화물,선종별 화물 운송량 및 운송화물,0,SHIP_KIND|SHIP_CNT|DPTR_HMS|ARVL_HMS|FRGHT_CNVNC_QTY_TONM,True,2025-07-15,ARVL_HMS-DPTR_HMS-FRGHT_CNVNC_QTY_TONM-SHIP_CNT-SHIP_KIND,올시데이터,해운물류,"CSV, JSON, XML","['allseadata', '선종별', '올시데이터', '운송량', '운송화물']",소비/유통,상품,물류,"['allseadata', '선종별', '올시데이터', '운송량', '운송화물']",10260,194,10260.0
bigdata-sea,page_000434.html,-,탱커선 선주사 선대별 화물 운송량 및 운송화물,선주사 선대별 화물 운송량 및 운송화물,0,SHIP_OWNER_NM|SHIP_CNT|DPTR_HMS|ARVL_HMS|CRG_TYP|FRGHT_CNVNC_QTY|FRGHT_CNVNC_QTY_TONM,True,2025-07-15,ARVL_HMS-CRG_TYP-DPTR_HMS-FRGHT_CNVNC_QTY-FRGHT_CNVNC_QTY_TONM-SHIP_CNT-SHIP_OWNER_NM,올시데이터,해운물류,"CSV, JSON, XML","['allseadata', '선대별', '선주별', '올시데이터', '운송량', '운송화물']",소비/유통,상품,물류,"['allseadata', '선대별', '선주별', '올시데이터', '운송량', '운송화물']",229504,3168,229504.0
bigdata-sea,page_000435.html,-,탱커선 수출국가별 운송량 순위,수출국가별 운송량 순위,0,RANK|DPTR_CN_NM|SHIP_CNT|DPTR_HMS|ARVL_HMS|FRGHT_CNVNC_QTY_TONM,True,2025-07-15,ARVL_HMS-DPTR_CN_NM-DPTR_HMS-FRGHT_CNVNC_QTY_TONM-RANK-SHIP_CNT,올시데이터,해운물류,"CSV, JSON, XML","['allseadata', '국가별', '수출', '순위', '올시데이터', '운송량']",소비/유통,상품,물류,"['allseadata', '국가별', '수출', '순위', '올시데이터', '운송량']",32041,536,32041.0
bigdata-sea,page_000436.html,-,탱커선 수입국가별 운송량 순위,수입국가별 운송량 순위,0,RANK|ARVL_CN_NM|SHIP_CNT|DPTR_HMS|ARVL_HMS|FRGHT_CNVNC_QTY_TONM,True,2025-07-15,ARVL_CN_NM-ARVL_HMS-DPTR_HMS-FRGHT_CNVNC_QTY_TONM-RANK-SHIP_CNT,올시데이터,해운물류,"CSV, JSON, XML","['allseadata', '국가별', '수입', '순위', '운송량']",소비/유통,상품,물류,"['allseadata', '국가별', '수입', '순위', '운송량']",32635,535,32635.0
bigdata-sea,page_000437.html,-,탱커선 수출국가별 운송화물 순위,수출국가별 운송화물 순위,0,RANK|DPTR_CN_NM|SHIP_KIND|SHIP_CNT|DPTR_HMS|ARVL_HMS|CRG_TYP|FRGHT_CNVNC_QTY_TONM,True,2025-07-15,ARVL_HMS-CRG_TYP-DPTR_CN_NM-DPTR_HMS-FRGHT_CNVNC_QTY_TONM-RANK-SHIP_CNT-SHIP_KIND,올시데이터,해운물류,"CSV, JSON, XML","['allseadata', '국가별', '수출', '순위', '운송량']",소비/유통,상품,물류,"['allseadata', '국가별', '수출', '순위', '운송량']",107667,1709,107667.0
bigdata-sea,page_000438.html,-,탱커선 수입국가별 운송화물 순위,수입국가별 운송화물 순위,0,RANK|ARVL_CN_NM|SHIP_KIND|SHIP_CNT|DPTR_HMS|ARVL_HMS|CRG_TYP|FRGHT_CNVNC_QTY_TONM,True,2025-07-15,ARVL_CN_NM-ARVL_HMS-CRG_TYP-DPTR_HMS-FRGHT_CNVNC_QTY_TONM-RANK-SHIP_CNT-SHIP_KIND,올시데이터,해운물류,"CSV, JSON, XML","['allseadata', '국가별', '수입', '순위', '운송량']",소비/유통,상품,물류,"['allseadata', '국가별', '수입', '순위', '운송량']",112952,1723,112952.0
bigdata-sea,page_000439.html,-,탱커선 항로별 화물운송 톤마일,항로별 화물운송 톤마일,0,DPTR_CN_NM|ARVL_CN_NM|DPRT_PRT_CD|ARRV_PRT_CD|DPTR_PRT_NM|ARVL_PRT_NM|SHIP_CNT|DPTR_HMS|ARVL_HMS|FRGHT_CNVNC_QTY,True,2025-07-15,ARRV_PRT_CD-ARVL_CN_NM-ARVL_HMS-ARVL_PRT_NM-DPRT_PRT_CD-DPTR_CN_NM-DPTR_HMS-DPTR_PRT_NM-FRGHT_CNVNC_QTY-SHIP_CNT,올시데이터,해운물류,"CSV, JSON, XML","['allseadata', '운송', '톤마일', '항로별', '화물']",소비/유통,상품,물류,"['allseadata', '운송', '톤마일', '항로별', '화물']",11842837,162726,11842837.0
bigdata-sea,page_000440.html,-,탱커선 선박별 화물 운송 톤마일,선박별 화물 운송 톤마일,0,MMSI|IMO_IDNTF_NO|SHIP_NM|SHIP_KIND|SHIP_WDTH|SHIP_LNTH|SHIP_HGHT|SHIP_OWNER_NM|DRAFT|SHPYRD_NM|BULD_YR|DDWGHT|DPTR_HMS|ARVL_HMS|DPTRP_LA|DPTRP_LO|DTNT_LA|DTNT_LO|CRG_TYP|FRGHT_CNVNC_QTY,True,2025-07-15,ARVL_HMS-BULD_YR-CRG_TYP-DDWGHT-DPTRP_LA-DPTRP_LO-DPTR_HMS-DRAFT-DTNT_LA-DTNT_LO-FRGHT_CNVNC_QTY-IMO_IDNTF_NO-MMSI-SHIP_HGHT-SHIP_KIND-SHIP_LNTH-SHIP_NM-SHIP_OWNER_NM-SHIP_WDTH-SHPYRD_NM,올시데이터,해운물류,"CSV, JSON, XML","['allseadata', '선박별', '운송량', '운송화물', '톤마일']",소비/유통,상품,물류,"['allseadata', '선박별', '운송량', '운송화물', '톤마일']",1991788,39398,1991788.0
bigdata-sea,page_000441.html,-,탱커선 선종별 화물 운송 톤마일,선종별 화물 운송 톤마일,0,SHIP_KIND|SHIP_CNT|DPTR_HMS|ARVL_HMS|CRG_TYP|FRGHT_CNVNC_QTY,True,2025-07-15,ARVL_HMS-CRG_TYP-DPTR_HMS-FRGHT_CNVNC_QTY-SHIP_CNT-SHIP_KIND,올시데이터,해운물류,"CSV, JSON, XML","['allseadata', '선종별', '운송량', '운송화물', '톤마일']",소비/유통,상품,물류,"['allseadata', '선종별', '운송량', '운송화물', '톤마일']",12976,194,12976.0
bigdata-sea,page_000442.html,-,탱커선 선주사 선대별 화물 톤마일,선주사 선대별 화물 톤마일,0,SHIP_OWNER_NM|SHIP_CNT|DPTR_HMS|ARVL_HMS|FRGHT_CNVNC_QTY,True,2025-07-15,ARVL_HMS-DPTR_HMS-FRGHT_CNVNC_QTY-SHIP_CNT-SHIP_OWNER_NM,올시데이터,해운물류,"CSV, JSON, XML","['allseadata', 'ton-mile', '선대별', '선주별', '운송량', '운송화물', '톤마일']",소비/유통,상품,물류,"['allseadata', 'ton-mile', '선대별', '선주별', '운송량', '운송화물', '톤마일']",228448,3168,228448.0
bigdata-sea,page_000443.html,-,탱커선 화물 톤마일 순위,화물 톤마일 순위,0,RANK|SHIP_KIND|SHIP_CNT|DPTR_HMS|ARVL_HMS|FRGHT_CNVNC_QTY,True,2025-07-15,ARVL_HMS-DPTR_HMS-FRGHT_CNVNC_QTY-RANK-SHIP_CNT-SHIP_KIND,올시데이터,해운물류,"CSV, JSON, XML","['allseadata', 'ton-mile', '국가별', '수입', '순위', '운송량', '톤마일']",소비/유통,상품,물류,"['allseadata', 'ton-mile', '국가별', '수입', '순위', '운송량', '톤마일']",13127,194,13127.0
bigdata-sea,page_000444.html,-,탱커선 수출국가별 톤마일 순위,수출국가별 톤마일 순위,0,RANK|DPTR_CN_NM|SHIP_CNT|DPTR_HMS|ARVL_HMS|FRGHT_CNVNC_QTY,True,2025-07-15,ARVL_HMS-DPTR_CN_NM-DPTR_HMS-FRGHT_CNVNC_QTY-RANK-SHIP_CNT,올시데이터,해운물류,"CSV, JSON, XML","['allseadata', '국가별', '수출', '순위', '운송량']",소비/유통,상품,물류,"['allseadata', '국가별', '수출', '순위', '운송량']",34959,536,34959.0
bigdata-sea,page_000445.html,-,탱커선 수입국가별 톤마일 순위,수입국가별 톤마일 순위,0,RANK|ARVL_CN_NM|SHIP_CNT|DPTR_HMS|ARVL_HMS|FRGHT_CNVNC_QTY,True,2025-07-15,ARVL_CN_NM-ARVL_HMS-DPTR_HMS-FRGHT_CNVNC_QTY-RANK-SHIP_CNT,올시데이터,해운물류,"CSV, JSON, XML","['allseadata', '국가별', '수입', '순위', '운송량']",소비/유통,상품,물류,"['allseadata', '국가별', '수입', '순위', '운송량']",36091,536,36091.0
bigdata-sea,page_000446.html,-,탱커선 수입국가별 톤마일 순위,수입국가별 톤마일 순위,0,RANK|DPTR_CN_NM|SHIP_KIND|SHIP_CNT|DPTR_HMS|ARVL_HMS|CRG_TYP|FRGHT_CNVNC_QTY,True,2025-07-15,ARVL_HMS-CRG_TYP-DPTR_CN_NM-DPTR_HMS-FRGHT_CNVNC_QTY-RANK-SHIP_CNT-SHIP_KIND,올시데이터,해운물류,"CSV, JSON, XML","['allseadata', 'ton-mile', '국가별', '수출', '순위', '운송량', '톤마일']",소비/유통,상품,물류,"['allseadata', 'ton-mile', '국가별', '수출', '순위', '운송량', '톤마일']",116592,1709,116592.0
bigdata-sea,page_000447.html,-,탱커선 수입국가별 톤마일 순위,수입국가별 톤마일 순위,0,RANK|ARVL_CN_NM|SHIP_KIND|SHIP_CNT|DPTR_HMS|ARVL_HMS|CRG_TYP|FRGHT_CNVNC_QTY,True,2025-07-15,ARVL_CN_NM-ARVL_HMS-CRG_TYP-DPTR_HMS-FRGHT_CNVNC_QTY-RANK-SHIP_CNT-SHIP_KIND,올시데이터,해운물류,"CSV, JSON, XML","['allseadata', 'ton-mile', '국가별', '수입', '순위', '운송량', '톤마일']",소비/유통,상품,물류,"['allseadata', 'ton-mile', '국가별', '수입', '순위', '운송량', '톤마일']",114675,1723,114675.0
bigdata-sea,page_000448.html,-,탱커선 항로별 톤마일 순위,항로별 톤마일 순위,0,RANK|DPTR_CN_NM|ARVL_CN_NM|DPRT_PRT_CD|ARRV_PRT_CD|DPTR_PRT_NM|ARVL_PRT_NM|SHIP_CNT|DPTR_HMS|ARVL_HMS|FRGHT_CNVNC_QTY,True,2025-07-15,ARRV_PRT_CD-ARVL_CN_NM-ARVL_HMS-ARVL_PRT_NM-DPRT_PRT_CD-DPTR_CN_NM-DPTR_HMS-DPTR_PRT_NM-FRGHT_CNVNC_QTY-RANK-SHIP_CNT,올시데이터,해운물류,"CSV, JSON, XML","['allseadata', 'ton-mile', '수출', '순위', '운송량', '톤마일', '항로별']",소비/유통,상품,물류,"['allseadata', 'ton-mile', '수출', '순위', '운송량', '톤마일', '항로별']",11680182,162727,11680182.0
bigdata-sea,page_000449.html,-,탱커선 선주사 선대별 화물 엔진부하도,선주사 선대별 화물 엔진부하도,0,SHIP_OWNER_NM|SHIP_CNT|DPTR_HMS|ARVL_HMS|LD_RT,True,2025-07-15,ARVL_HMS-DPTR_HMS-LD_RT-SHIP_CNT-SHIP_OWNER_NM,올시데이터,해운물류,"CSV, JSON, XML","['allseadata', 'loadfactor', '선대별', '선주별', '엔진부하도']",소비/유통,상품,물류,"['allseadata', 'loadfactor', '선대별', '선주별', '엔진부하도']",216321,3176,216321.0
bigdata-sea,page_000450.html,-,탱커선 선주사 선대별 화물 엔진부하도 순위,선주사 선대별 화물 엔진부하도 순위,0,RANK|SHIP_OWNER_NM|SHIP_CNT|DPTR_HMS|ARVL_HMS|LD_RT,True,2025-07-15,ARVL_HMS-DPTR_HMS-LD_RT-RANK-SHIP_CNT-SHIP_OWNER_NM,올시데이터,해운물류,"CSV, JSON, XML","['allseadata', 'loadfactor', '선대별', '선주별', '순위', '엔진부하도']",소비/유통,상품,물류,"['allseadata', 'loadfactor', '선대별', '선주별', '순위', '엔진부하도']",213498,3176,213498.0
bigdata-sea,page_000451.html,-,탱커선 선박별 co2발생량,선박별 co2발생량,0,MMSI|IMO_IDNTF_NO|SHIP_NM|SHIP_KIND|SHIP_WDTH|SHIP_LNTH|SHIP_HGHT|SHIP_OWNER_NM|DRAFT|SHPYRD_NM|BULD_YR|DDWGHT|DPTR_HMS|ARVL_HMS|DPTRP_LA|DPTRP_LO|DTNT_LA|DTNT_LO|ADDTI_RSTC|TOT_RSTC|RL_POWER|FUEL_CNSMP_QTY|CDBX,True,2025-07-15,ADDTI_RSTC-ARVL_HMS-BULD_YR-CDBX-DDWGHT-DPTRP_LA-DPTRP_LO-DPTR_HMS-DRAFT-DTNT_LA-DTNT_LO-FUEL_CNSMP_QTY-IMO_IDNTF_NO-MMSI-RL_POWER-SHIP_HGHT-SHIP_KIND-SHIP_LNTH-SHIP_NM-SHIP_OWNER_NM-SHIP_WDTH-SHPYRD_NM-TOT_RSTC,올시데이터,해운물류,"CSV, JSON, XML","['allseadata', 'co2', '선박별', '이산화탄소']",산업/기술,해양/수산,선박,"['allseadata', 'co2', '선박별', '이산화탄소']",1741460,37317,1741460.0
bigdata-sea,page_000452.html,-,탱커선 선종별 co2발생량,선종별 co2발생량,0,SHIP_KIND|SHIP_CNT|DPTR_HMS|ARVL_HMS|CDBX,True,2025-07-15,ARVL_HMS-CDBX-DPTR_HMS-SHIP_CNT-SHIP_KIND,올시데이터,해운물류,"CSV, JSON, XML","['allseadata', 'co2', '선종별', '이산화탄소']",산업/기술,해양/수산,선박,"['allseadata', 'co2', '선종별', '이산화탄소']",13789,193,13789.0
bigdata-sea,page_000453.html,-,탱커선 선주사 선대별 co2발생량,선주사 선대별 co2발생량,0,SHIP_OWNER_NM|SHIP_CNT|DPTR_HMS|ARVL_HMS|CDBX,True,2025-07-15,ARVL_HMS-CDBX-DPTR_HMS-SHIP_CNT-SHIP_OWNER_NM,올시데이터,해운물류,"CSV, JSON, XML","['allseadata', 'co2', '선대별', '선주', '이산화탄소']",산업/기술,해양/수산,선박,"['allseadata', 'co2', '선대별', '선주', '이산화탄소']",192734,3081,192734.0
bigdata-sea,page_000454.html,-,탱커선 선박별 nox발생량,선박별 nox발생량,0,MMSI|IMO_IDNTF_NO|SHIP_NM|SHIP_KIND|SHIP_WDTH|SHIP_LNTH|SHIP_HGHT|SHIP_OWNER_NM|DRAFT|SHPYRD_NM|BULD_YR|DDWGHT|DPTR_HMS|ARVL_HMS|DPTRP_LA|DPTRP_LO|DTNT_LA|DTNT_LO|ADDTI_RSTC|TOT_RSTC|RL_POWER|FUEL_CNSMP_QTY|NOX,True,2025-07-15,ADDTI_RSTC-ARVL_HMS-BULD_YR-DDWGHT-DPTRP_LA-DPTRP_LO-DPTR_HMS-DRAFT-DTNT_LA-DTNT_LO-FUEL_CNSMP_QTY-IMO_IDNTF_NO-MMSI-NOX-RL_POWER-SHIP_HGHT-SHIP_KIND-SHIP_LNTH-SHIP_NM-SHIP_OWNER_NM-SHIP_WDTH-SHPYRD_NM-TOT_RSTC,올시데이터,해운물류,"CSV, JSON, XML","['allseadata', 'nox', '선박별', '질소산화물']",산업/기술,해양/수산,선박,"['allseadata', 'nox', '선박별', '질소산화물']",1911460,37317,1911460.0
bigdata-sea,page_000455.html,-,탱커선 선종별 nox발생량,선종별 nox발생량,0,SHIP_KIND|SHIP_CNT|DPTR_HMS|ARVL_HMS|NOX,True,2025-07-15,ARVL_HMS-DPTR_HMS-NOX-SHIP_CNT-SHIP_KIND,올시데이터,해운물류,"CSV, JSON, XML","['allseadata', 'nox', '선종별', '질소산화물']",산업/기술,해양/수산,선박,"['allseadata', 'nox', '선종별', '질소산화물']",13338,193,13338.0
bigdata-sea,page_000456.html,-,탱커선 선주사 선대별 nox발생량,선주사 선대별 nox발생량,0,SHIP_OWNER_NM|SHIP_CNT|DPTR_HMS|ARVL_HMS|NOX,True,2025-07-15,ARVL_HMS-DPTR_HMS-NOX-SHIP_CNT-SHIP_OWNER_NM,올시데이터,해운물류,"CSV, JSON, XML","['allseadata', 'nox', '선대별', '선주', '질소산화물']",산업/기술,해양/수산,선박,"['allseadata', 'nox', '선대별', '선주', '질소산화물']",125033,2046,125033.0
bigdata-sea,page_000457.html,-,탱커선 선주사 선대별 화물/발라스트 탱크 사용률,선주사 선대별 화물/발라스트 탱크 사용률,0,SHIP_OWNER_NM|SHIP_CNT|DPTR_HMS|ARVL_HMS|NVGTN_TM|PRT_NCHRG_TM|BLLAT_HOUR|FRGHT_CNVNC_TM|NNVGTN_TM,True,2025-07-15,ARVL_HMS-BLLAT_HOUR-DPTR_HMS-FRGHT_CNVNC_TM-NNVGTN_TM-NVGTN_TM-PRT_NCHRG_TM-SHIP_CNT-SHIP_OWNER_NM,올시데이터,해운물류,"CSV, JSON, XML","['allseadata', '발라스트탱크', '사용율', '선대별', '선주', '화물탱크']",소비/유통,상품,물류,"['allseadata', '발라스트탱크', '사용율', '선대별', '선주', '화물탱크']",222816,3168,222816.0
bigdata-sea,page_000458.html,-,탱커선 선박별 화물/발라스트 탱크 사용률,선박별 화물/발라스트 탱크 사용률,0,MMSI|IMO_IDNTF_NO|SHIP_NM|SHIP_KIND|SHIP_WDTH|SHIP_LNTH|SHIP_HGHT|SHIP_OWNER_NM|DRAFT|SHPYRD_NM|BULD_YR|DDWGHT|DPTR_HMS|ARVL_HMS|DPTRP_LA|DPTRP_LO|DTNT_LA|DTNT_LO|NVGTN_TM|PRT_NCHRG_TM|BLLAT_HOUR|FRGHT_CNVNC_TM|NNVGTN_TM,True,2025-07-15,ARVL_HMS-BLLAT_HOUR-BULD_YR-DDWGHT-DPTRP_LA-DPTRP_LO-DPTR_HMS-DRAFT-DTNT_LA-DTNT_LO-FRGHT_CNVNC_TM-IMO_IDNTF_NO-MMSI-NNVGTN_TM-NVGTN_TM-PRT_NCHRG_TM-SHIP_HGHT-SHIP_KIND-SHIP_LNTH-SHIP_NM-SHIP_OWNER_NM-SHIP_WDTH-SHPYRD_NM,올시데이터,해운물류,"CSV, JSON, XML","['allseadata', '발라스트탱크', '사용율', '선박별', '화물탱크']",산업/기술,해양/수산,선박,"['allseadata', '발라스트탱크', '사용율', '선박별', '화물탱크']",1265114,39398,1265114.0
bigdata-sea,page_000459.html,-,탱커선 선종별 화물/발라스트 탱크 사용률,선종별 화물/발라스트 탱크 사용률,0,SHIP_KIND|SHIP_CNT|DPTR_HMS|ARVL_HMS|NVGTN_TM|PRT_NCHRG_TM|BLLAT_HOUR|FRGHT_CNVNC_TM|NNVGTN_TM,True,2025-07-15,ARVL_HMS-BLLAT_HOUR-DPTR_HMS-FRGHT_CNVNC_TM-NNVGTN_TM-NVGTN_TM-PRT_NCHRG_TM-SHIP_CNT-SHIP_KIND,올시데이터,해운물류,"CSV, JSON, XML","['allseadata', '발라스트탱크', '사용율', '선종', '화물탱크']",산업/기술,해양/수산,선박,"['allseadata', '발라스트탱크', '사용율', '선종', '화물탱크']",13149,194,13149.0
bigdata-sea,page_000460.html,-,탱커선 항로별 선박활용율,항로별 선박활용율,0,DPTR_CN_NM|ARVL_CN_NM|DPRT_PRT_CD|ARRV_PRT_CD|DPTR_PRT_NM|ARVL_PRT_NM|SHIP_CNT|DPTR_HMS|ARVL_HMS|PRCUSE_RT|NVGTN_TM|PRT_NCHRG_TM|BLLAT_HOUR|FRGHT_CNVNC_TM|NNVGTN_TM,True,2025-07-15,ARRV_PRT_CD-ARVL_CN_NM-ARVL_HMS-ARVL_PRT_NM-BLLAT_HOUR-DPRT_PRT_CD-DPTR_CN_NM-DPTR_HMS-DPTR_PRT_NM-FRGHT_CNVNC_TM-NNVGTN_TM-NVGTN_TM-PRCUSE_RT-PRT_NCHRG_TM-SHIP_CNT,올시데이터,해운물류,"CSV, JSON, XML","['allseadata', '발라스트탱크', '사용율', '항로별', '화물탱크']",산업/기술,해양/수산,선박,"['allseadata', '발라스트탱크', '사용율', '항로별', '화물탱크']",13072402,162727,13072402.0
bigdata-sea,page_000461.html,-,탱커선 선박별 활용률,선박별 활용률,0,MMSI|IMO_IDNTF_NO|SHIP_NM|SHIP_KIND|SHIP_WDTH|SHIP_LNTH|SHIP_HGHT|SHIP_OWNER_NM|DRAFT|SHPYRD_NM|BULD_YR|DDWGHT|DPTR_HMS|ARVL_HMS|DPTRP_LA|DPTRP_LO|DTNT_LA|DTNT_LO|PRCUSE_RT|NVGTN_TM|PRT_NCHRG_TM|BLLAT_HOUR|FRGHT_CNVNC_TM|NNVGTN_TM,True,2025-07-15,ARVL_HMS-BLLAT_HOUR-BULD_YR-DDWGHT-DPTRP_LA-DPTRP_LO-DPTR_HMS-DRAFT-DTNT_LA-DTNT_LO-FRGHT_CNVNC_TM-IMO_IDNTF_NO-MMSI-NNVGTN_TM-NVGTN_TM-PRCUSE_RT-PRT_NCHRG_TM-SHIP_HGHT-SHIP_KIND-SHIP_LNTH-SHIP_NM-SHIP_OWNER_NM-SHIP_WDTH-SHPYRD_NM,올시데이터,해운물류,"CSV, JSON, XML","['allseadata', '선박별', '올시데이터', '활용율']",산업/기술,해양/수산,선박,"['allseadata', '선박별', '올시데이터', '활용율']",1177562,39398,1177562.0
bigdata-sea,page_000462.html,-,탱커선 선종별 활용률,선종별 활용률,0,SHIP_KIND|SHIP_CNT|DPTR_HMS|ARVL_HMS|PRCUSE_RT|NVGTN_TM|PRT_NCHRG_TM|BLLAT_HOUR|FRGHT_CNVNC_TM|NNVGTN_TM,True,2025-07-15,ARVL_HMS-BLLAT_HOUR-DPTR_HMS-FRGHT_CNVNC_TM-NNVGTN_TM-NVGTN_TM-PRCUSE_RT-PRT_NCHRG_TM-SHIP_CNT-SHIP_KIND,올시데이터,해운물류,"CSV, JSON, XML","['allseadata', '선종', '올시데이터', '활용율']",소비/유통,상품,물류,"['allseadata', '선종', '올시데이터', '활용율']",13408,194,13408.0
bigdata-sea,page_000463.html,-,탱커선 선주사 선대별 활용률,선주사 선대별 활용률,0,SHIP_OWNER_NM|SHIP_CNT|DPTR_HMS|ARVL_HMS|PRCUSE_RT|NVGTN_TM|PRT_NCHRG_TM|BLLAT_HOUR|FRGHT_CNVNC_TM|NNVGTN_TM,True,2025-07-15,ARVL_HMS-BLLAT_HOUR-DPTR_HMS-FRGHT_CNVNC_TM-NNVGTN_TM-NVGTN_TM-PRCUSE_RT-PRT_NCHRG_TM-SHIP_CNT-SHIP_OWNER_NM,올시데이터,해운물류,"CSV, JSON, XML","['allseadata', '선대별', '선주', '올시데이터', '활용률']",소비/유통,상품,물류,"['allseadata', '선대별', '선주', '올시데이터', '활용률']",229504,3168,229504.0
bigdata-sea,page_000464.html,-,탱커선 조선소별 인도선박 성능,조선소별 인도선박 성능,0,SHPYRD_NM|SHIP_CNT|DPTR_HMS|ARVL_HMS|PRFMC|FUEL_CNSMP_QTY|NVGTN_DIST,True,2025-07-15,ARVL_HMS-DPTR_HMS-FUEL_CNSMP_QTY-NVGTN_DIST-PRFMC-SHIP_CNT-SHPYRD_NM,올시데이터,해운물류,"CSV, JSON, XML","['allseadata', '성능', '올시데이터', '인도선박', '조선소별']",산업/기술,해양/수산,선박,"['allseadata', '성능', '올시데이터', '인도선박', '조선소별']",115223,1316,115223.0
bigdata-sea,page_000465.html,-,탱커선 선박별 성능,선박별 성능,0,MMSI|IMO_IDNTF_NO|SHIP_NM|SHIP_KIND|SHIP_WDTH|SHIP_LNTH|SHIP_HGHT|SHIP_OWNER_NM|DRAFT|SHPYRD_NM|BULD_YR|DDWGHT|DPTR_HMS|ARVL_HMS|DPTRP_LA|DPTRP_LO|DTNT_LA|DTNT_LO|PRFMC|FUEL_CNSMP_QTY|NVGTN_DIST,True,2025-07-15,ARVL_HMS-BULD_YR-DDWGHT-DPTRP_LA-DPTRP_LO-DPTR_HMS-DRAFT-DTNT_LA-DTNT_LO-FUEL_CNSMP_QTY-IMO_IDNTF_NO-MMSI-NVGTN_DIST-PRFMC-SHIP_HGHT-SHIP_KIND-SHIP_LNTH-SHIP_NM-SHIP_OWNER_NM-SHIP_WDTH-SHPYRD_NM,올시데이터,해운물류,"CSV, JSON, XML","['allseadata', '선박별', '성능', '올시데이터']",산업/기술,해양/수산,선박,"['allseadata', '선박별', '성능', '올시데이터']",1923899,37317,1923899.0
bigdata-sea,page_000466.html,-,탱커선 선주사 선대별 선박 성능,선주사 선대별 선박 성능,0,SHIP_OWNER_NM|SHIP_CNT|DPTR_HMS|ARVL_HMS|PRFMC|FUEL_CNSMP_QTY|NVGTN_DIST,True,2025-07-15,ARVL_HMS-DPTR_HMS-FUEL_CNSMP_QTY-NVGTN_DIST-PRFMC-SHIP_CNT-SHIP_OWNER_NM,올시데이터,해운물류,"CSV, JSON, XML","['allseadata', '선대별', '선박', '선주', '성능', '올시데이터']",산업/기술,해양/수산,선박,"['allseadata', '선대별', '선박', '선주', '성능', '올시데이터']",245795,3081,245795.0
bigdata-sea,page_000467.html,-,탱커선 항로별  co2발생량,항로별  co2발생량,0,DPTR_CN_NM|ARVL_CN_NM|DPRT_PRT_CD|ARRV_PRT_CD|DPTR_PRT_NM|ARVL_PRT_NM|SHIP_CNT|DPTR_HMS|ARVL_HMS|CDBX,True,2025-07-15,ARRV_PRT_CD-ARVL_CN_NM-ARVL_HMS-ARVL_PRT_NM-CDBX-DPRT_PRT_CD-DPTR_CN_NM-DPTR_HMS-DPTR_PRT_NM-SHIP_CNT,올시데이터,해운물류,"CSV, JSON, XML","['allseadata', 'co2', '올시데이터', '이산화탄소', '항로별']",소비/유통,상품,물류,"['allseadata', 'co2', '올시데이터', '이산화탄소', '항로별']",2110692,45664,2110692.0
bigdata-sea,page_000468.html,-,탱커선 선주사 선대별 co2발생량 순위,선주사 선대별 co2발생량 순위,0,RANK|SHIP_OWNER_NM|SHIP_CNT|DPTR_HMS|ARVL_HMS|CDBX,True,2025-07-15,ARVL_HMS-CDBX-DPTR_HMS-RANK-SHIP_CNT-SHIP_OWNER_NM,올시데이터,해운물류,"CSV, JSON, XML","['allseadata', 'co2', '선대별', '선주', '순위', '올시데이터\\', '이산화탄소']",산업/기술,해양/수산,해양,"['allseadata', 'co2', '선대별', '선주', '순위', '올시데이터\\', '이산화탄소']",209508,3081,209508.0
bigdata-sea,page_000469.html,-,탱커선 항로별  nox발생량,항로별  nox발생량,0,DPTR_CN_NM|ARVL_CN_NM|DPRT_PRT_CD|ARRV_PRT_CD|DPTR_PRT_NM|ARVL_PRT_NM|SHIP_CNT|DPTR_HMS|ARVL_HMS|NOX,True,2025-07-15,ARRV_PRT_CD-ARVL_CN_NM-ARVL_HMS-ARVL_PRT_NM-DPRT_PRT_CD-DPTR_CN_NM-DPTR_HMS-DPTR_PRT_NM-NOX-SHIP_CNT,올시데이터,해운물류,"CSV, JSON, XML","['allseadata', 'nox', '올시데이터', '질소산화물', '항로별']",산업/기술,해양/수산,선박,"['allseadata', 'nox', '올시데이터', '질소산화물', '항로별']",2090396,45664,2090396.0
bigdata-sea,page_000470.html,-,탱커선 선주사 선대별 nox발생량 순위,선주사 선대별 nox발생량 순위,0,RANK|SHIP_OWNER_NM|SHIP_CNT|DPTR_HMS|ARVL_HMS|NOX,True,2025-07-15,ARVL_HMS-DPTR_HMS-NOX-RANK-SHIP_CNT-SHIP_OWNER_NM,올시데이터,해운물류,"CSV, JSON, XML","['allseadata', 'cnox', '선대별', '선주', '순위', '질소산화물']",산업/기술,해양/수산,선박,"['allseadata', 'cnox', '선대별', '선주', '순위', '질소산화물']",201292,3081,201292.0
bigdata-sea,page_000471.html,-,탱커선 선주사 선대별 활용률 순위,탱커선 선주사 선대별 활용률 순위,0,RANK|SHIP_OWNER_NM|SHIP_CNT|DPTR_HMS|ARVL_HMS|PRCUSE_RT|NVGTN_TM|PRT_NCHRG_TM|BLLAT_HOUR|FRGHT_CNVNC_TM|NNVGTN_TM,True,2025-07-15,ARVL_HMS-BLLAT_HOUR-DPTR_HMS-FRGHT_CNVNC_TM-NNVGTN_TM-NVGTN_TM-PRCUSE_RT-PRT_NCHRG_TM-RANK-SHIP_CNT-SHIP_OWNER_NM,올시데이터,해운물류,"CSV, JSON, XML","['allseadata', '선대별', '선주', '순위', '활용률']",산업/기술,해양/수산,선박,"['allseadata', '선대별', '선주', '순위', '활용률']",233376,3168,233376.0
bigdata-sea,page_000472.html,-,탱커선 조선소별 인도선박 성능 순위,탱커선 조선소별 인도선박 성능 순위,0,RANK|SHPYRD_NM|SHIP_CNT|DPTR_HMS|ARVL_HMS|PRFMC|FUEL_CNSMP_QTY|NVGTN_DIST,True,2025-07-15,ARVL_HMS-DPTR_HMS-FUEL_CNSMP_QTY-NVGTN_DIST-PRFMC-RANK-SHIP_CNT-SHPYRD_NM,올시데이터,해운물류,"CSV, JSON, XML","['allseadata', '성능', '순위', '인도선박', '조선소별']",산업/기술,해양/수산,선박,"['allseadata', '성능', '순위', '인도선박', '조선소별']",99870,1316,99870.0
bigdata-sea,page_000931.html,-,미국 실시간 입출항 데이터,"미국 주요 항구 별 컨테이너 선박 입출항 현황. 데이터 선박이 항만에 입항, 출항한 시간 데이터. 수출입 기업 및 포워더의 해상화물 출도착 확인을 위한 활용\n\n(※ 데이터 다운로드를 위해서는 하단 데이터 상세 정보의 담당자에게 연락 부탁드립니다.)",200000,SCHID|SHPRCD|VESSELMAPYN|VESSELID|VESSELNM|VOYAGE|DEPLOCATIONID|DEPETD|ARRLOCATIONID|ARRETA|TRANSTP|DEPLOCATIONCODE|DEPLOCATIONNAME|ARRLOCATIONCODE|ARRLOCATIONNAME,True,2025-07-15,ARRETA-ARRLOCATIONCODE-ARRLOCATIONID-ARRLOCATIONNAME-DEPETD-DEPLOCATIONCODE-DEPLOCATIONID-DEPLOCATIONNAME-SCHID-SHPRCD-TRANSTP-VESSELID-VESSELMAPYN-VESSELNM-VOYAGE,울산과학기술원,해운물류,"CSV, JSON, XML","['portcall', '선박입출항현황', '컨테이너터미널스케줄', '해상물류', '화물추적']",소비/유통,상품,물류,"['portcall', '선박입출항현황', '컨테이너터미널스케줄', '해상물류', '화물추적']",64312600,1048575,64312600.0
bigdata-sea,page_000932.html,-,중국 실시간 입출항 데이터,"중국 주요 항구 별 컨테이너 선박 입출항 현황. 데이터 선박이 항만에 입항, 출항한 시간 데이터. 수출입 기업 및 포워더의 해상화물 출도착 확인을 위한 활용\n\n(※ 데이터 다운로드를 위해서는 하단 데이터 상세 정보의 담당자에게 연락 부탁드립니다.)",200000,SCHID|SHPRCD|VESSELMAPYN|VESSELID|VESSELNM|VOYAGE|DEPLOCATIONID|DEPETD|ARRLOCATIONID|ARRETA|TRANSTP|DEPLOCATIONCODE|DEPLOCATIONNAME|ARRLOCATIONCODE|ARRLOCATIONNAME,True,2025-07-15,ARRETA-ARRLOCATIONCODE-ARRLOCATIONID-ARRLOCATIONNAME-DEPETD-DEPLOCATIONCODE-DEPLOCATIONID-DEPLOCATIONNAME-SCHID-SHPRCD-TRANSTP-VESSELID-VESSELMAPYN-VESSELNM-VOYAGE,울산과학기술원,해운물류,"CSV, JSON, XML","['portcall', '선박입출항현황', '컨테이너터미널스케줄', '해상물류', '화물추적']",소비/유통,상품,물류,"['portcall', '선박입출항현황', '컨테이너터미널스케줄', '해상물류', '화물추적']",60118300,1048575,60118300.0
bigdata-sea,page_001004.html,-,새우 수입평균단가 데이터(2016년-2020년),"2016년-2020년 새우 주별 수입평균단가 데이터 • 수입평균단가는 매주를 단위로 계산하며, 그 해당 주의 첫 번째일을 기준일로 결정하여 계산함 • 즉, 1월 둘째주의 수입평균단가 해당일은 2019년의 경우 1월 7일부터 1월 11일까지이며, 수입평균단가의 기준일은 1월 7일 - 평균단가 기준 • 기준일자가 속하는 주의 kg당 수입평균단가 • 총수입금액을 총수입중량으로 나눈 값",0,REG_DATE|CTRY_1|CTRY_2|P_PURPOSE|P_NAME|P_IMPORT_TYPE|P_PRICE,True,2025-07-15,CTRY_1-CTRY_2-P_IMPORT_TYPE-P_NAME-P_PRICE-P_PURPOSE-REG_DATE,에이치더블유,국제협력,"CSV, JSON, XML","['가격', '단가', '수산물', '수입', '에이치더블유', '원산지', '트렌드', '평균']",산업/기술,해양/수산,어업,"['가격', '단가', '수산물', '수입', '에이치더블유', '원산지', '트렌드', '평균']",260457,4904,260457.0
bigdata-sea,page_001034.html,-,해양사고 서해지역 고밀도 구간 추출 데이터,1. 설명: 해양사고 서해지역 고밀도 구간 추출 데이터\n2. 활용처: 안전대책마련 등과 같은 통계자료 등 활용 가능한 서해지역 해양사고 고밀도 구간 추출 데이터,0,HD_SCTN_LA|HD_SCTN_LO,True,2025-07-15,HD_SCTN_LA-HD_SCTN_LO,한국해양교통안전공단,해사안전,"CSV, JSON, XML","['고밀도', '서해', '해양사고', '해양안전']",산업/기술,해양/수산,해양,"['고밀도', '서해', '해양사고', '해양안전']",8400,400,8400.0
bigdata-sea,page_001035.html,-,해양사고 남해지역 고밀도 구간 추출 데이터,1. 설명: 해양사고 남해지역 고밀도 구간 추출 데이터\n2. 활용처: 안전대책마련 등과 같은 통계자료 등 활용 가능한 남해지역 해양사고 고밀도 구간 추출 데이터,0,HD_SCTN_LA|HD_SCTN_LO,True,2025-07-15,HD_SCTN_LA-HD_SCTN_LO,한국해양교통안전공단,해사안전,"CSV, JSON, XML","['고밀도', '남해', '해양사고', '해양안전']",산업/기술,해양/수산,해양,"['고밀도', '남해', '해양사고', '해양안전']",10227,487,10227.0
bigdata-sea,page_001036.html,-,해양사고 제주도 지역 고밀도 구간 추출 데이터,1. 설명: 해양사고 제주도지역 고밀도 구간 추출 데이터\n2. 활용처: 안전대책마련 등과 같은 통계자료 등 활용 가능한 제주도지역 해양사고 고밀도 구간 추출 데이터,0,HD_SCTN_LA|HD_SCTN_LO,True,2025-07-15,HD_SCTN_LA-HD_SCTN_LO,한국해양교통안전공단,해사안전,"CSV, JSON, XML","['고밀도', '제주도', '해양사고', '해양안전']",산업/기술,해양/수산,해양,"['고밀도', '제주도', '해양사고', '해양안전']",2058,98,2058.0
bigdata-sea,page_001037.html,-,서해지역 월별 해양사고 예측 데이터,1. 설명: 서해지역 월별 해양사고 예측 데이터\n2. 활용처: 안전대책마련 등과 같은 통계자료 등 활용 가능한 서해지역 월별 해양사고 예측 데이터,0,ACDNT_PRDTN_LA|ACDNT_PRDTN_LO|ACDNT_PRDTN_CNT|YR|MNTH,True,2025-07-15,ACDNT_PRDTN_CNT-ACDNT_PRDTN_LA-ACDNT_PRDTN_LO-MNTH-YR,한국해양교통안전공단,해사안전,"CSV, JSON, XML","['서해', '예측', '해양사고', '해양안전']",산업/기술,해양/수산,해양,"['서해', '예측', '해양사고', '해양안전']",125333,4800,125333.0
bigdata-sea,page_001038.html,-,남해지역 월별 해양사고 예측 데이터,1. 설명: 남해지역 월별 해양사고 예측 데이터\n2. 활용처: 안전대책마련 등과 같은 통계자료 등 활용 가능한 남해지역 월별 해양사고 예측 데이터,0,ACDNT_PRDTN_LA|ACDNT_PRDTN_LO|ACDNT_PRDTN_CNT|YR|MNTH,True,2025-07-15,ACDNT_PRDTN_CNT-ACDNT_PRDTN_LA-ACDNT_PRDTN_LO-MNTH-YR,한국해양교통안전공단,해사안전,"CSV, JSON, XML","['남해', '예측', '해양사고', '해양안전']",산업/기술,해양/수산,해양,"['남해', '예측', '해양사고', '해양안전']",153243,5844,153243.0
bigdata-sea,page_001039.html,-,제주도 지역 월별 해양사고 예측 데이터,1. 설명: 제주도지역 월별 해양사고 예측 데이터\n2. 활용처: 안전대책마련 등과 같은 통계자료 등 활용 가능한 제주도지역 월별 해양사고 예측 데이터,0,ACDNT_PRDTN_LA|ACDNT_PRDTN_LO|ACDNT_PRDTN_CNT|YR|MNTH,True,2025-07-15,ACDNT_PRDTN_CNT-ACDNT_PRDTN_LA-ACDNT_PRDTN_LO-MNTH-YR,한국해양교통안전공단,해사안전,"CSV, JSON, XML","['예측', '제주도', '해양사고', '해양안전']",산업/기술,해양/수산,해양,"['예측', '제주도', '해양사고', '해양안전']",30707,1176,30707.0
bigdata-sea,page_001046.html,-,"벌커선 항로의 일자별 평균 및 최대 속도, 운항거리 데이터 셋","항로의 일자별 평균 및 최대 속도, 운항거리",0,YMD|MMSI|IMO_IDNTF_NO|LA|LO|MAX_VE|AVE_VE|SH_DRCN|NVGTN_DIST,True,2025-07-15,AVE_VE-IMO_IDNTF_NO-LA-LO-MAX_VE-MMSI-NVGTN_DIST-SH_DRCN-YMD,올시데이터,해운물류,"CSV, JSON, XML","['allseadata', 'bulker', '벌커', '올시데이터', '운항거리', '최대속도', '평균속도', '항로정보']",산업/기술,해양/수산,선박,"['allseadata', 'bulker', '벌커', '올시데이터', '운항거리', '최대속도', '평균속도', '항로정보']",249715010,3654366,249715010.0
bigdata-sea,page_001047.html,-,"벌커선 선박의 평균 및 최대 속도, 운항거리 데이터 셋","선박의  평균 및 최대 속도, 운항거리",0,MMSI|IMO_IDNTF_NO|SHIP_NM|SHIP_KIND|SHIP_WDTH|SHIP_LNTH|SHIP_HGHT|SHIP_OWNER_NM|DRAFT|SHPYRD_NM|BULD_YR|DDWGHT|DPTR_HMS|ARVL_HMS|DPTRP_LA|DPTRP_LO|DTNT_LA|DTNT_LO|MAX_VE|AVE_VE|NVGTN_DIST,True,2025-07-15,ARVL_HMS-AVE_VE-BULD_YR-DDWGHT-DPTRP_LA-DPTRP_LO-DPTR_HMS-DRAFT-DTNT_LA-DTNT_LO-IMO_IDNTF_NO-MAX_VE-MMSI-NVGTN_DIST-SHIP_HGHT-SHIP_KIND-SHIP_LNTH-SHIP_NM-SHIP_OWNER_NM-SHIP_WDTH-SHPYRD_NM,올시데이터,해운물류,"CSV, JSON, XML","['allseadata', '선박속도', '올시데이터', '운항거리', '최대속도', '평균속도', '항로정보']",산업/기술,해양/수산,선박,"['allseadata', '선박속도', '올시데이터', '운항거리', '최대속도', '평균속도', '항로정보']",874182,17881,874182.0
bigdata-sea,page_001048.html,-,벌커선 항로별 운항시간 데이터 셋,항로별 운항시간,0,MMSI|IMO_IDNTF_NO|DPTR_HMS|ARVL_HMS|DPTRP_LA|DPTRP_LO|DTNT_LA|DTNT_LO|DPTR_CN_NM|ARVL_CN_NM|DPRT_PRT_CD|DPTR_PRT_NM|ARRV_PRT_CD|ARVL_PRT_NM|NVGTN_TM|PRT_NCHRG_TM|BLLAT_HOUR|FRGHT_CNVNC_TM|NNVGTN_TM,True,2025-07-15,ARRV_PRT_CD-ARVL_CN_NM-ARVL_HMS-ARVL_PRT_NM-BLLAT_HOUR-DPRT_PRT_CD-DPTRP_LA-DPTRP_LO-DPTR_CN_NM-DPTR_HMS-DPTR_PRT_NM-DTNT_LA-DTNT_LO-FRGHT_CNVNC_TM-IMO_IDNTF_NO-MMSI-NNVGTN_TM-NVGTN_TM-PRT_NCHRG_TM,올시데이터,해운물류,"CSV, JSON, XML","['allseadata', 'ballasthour', 'loadedhour', '발라스트시간', '선박시간', '올시데이터', '운항시간', '항로정보']",산업/기술,해양/수산,선박,"['allseadata', 'ballasthour', 'loadedhour', '발라스트시간', '선박시간', '올시데이터', '운항시간', '항로정보']",79128979,994638,79128979.0
bigdata-sea,page_001049.html,-,벌커선 선박의 운항시간 데이터 셋,선박의 운항시간,0,MMSI|IMO_IDNTF_NO|SHIP_NM|SHIP_KIND|SHIP_WDTH|SHIP_LNTH|SHIP_HGHT|SHIP_OWNER_NM|DRAFT|SHPYRD_NM|BULD_YR|DDWGHT|DPTR_HMS|ARVL_HMS|DPTRP_LA|DPTRP_LO|DTNT_LA|DTNT_LO|NVGTN_TM|PRT_NCHRG_TM|BLLAT_HOUR|FRGHT_CNVNC_TM|NNVGTN_TM,True,2025-07-15,ARVL_HMS-BLLAT_HOUR-BULD_YR-DDWGHT-DPTRP_LA-DPTRP_LO-DPTR_HMS-DRAFT-DTNT_LA-DTNT_LO-FRGHT_CNVNC_TM-IMO_IDNTF_NO-MMSI-NNVGTN_TM-NVGTN_TM-PRT_NCHRG_TM-SHIP_HGHT-SHIP_KIND-SHIP_LNTH-SHIP_NM-SHIP_OWNER_NM-SHIP_WDTH-SHPYRD_NM,올시데이터,해운물류,"CSV, JSON, XML","['allseadata', 'ballasthour', 'loadedhour', '발라스트시간', '선박시간', '올시데이터', '운항시간', '항로정보']",산업/기술,해양/수산,선박,"['allseadata', 'ballasthour', 'loadedhour', '발라스트시간', '선박시간', '올시데이터', '운항시간', '항로정보']",894709,17815,894709.0
bigdata-sea,page_001050.html,-,벌커선 항로별 선박엔진 부하도 데이터 셋,항로별 선박엔진 부하도,0,YMD|MMSI|LA|LO|VE|SH_DRCN|IMO_IDNTF_NO|DRAFT|NVGTN_DIST|WAVE_HGHT|WAVE_CYCL|WNDRC_U|WNDRC_V|LD_RT,True,2025-07-15,DRAFT-IMO_IDNTF_NO-LA-LD_RT-LO-MMSI-NVGTN_DIST-SH_DRCN-VE-WAVE_CYCL-WAVE_HGHT-WNDRC_U-WNDRC_V-YMD,올시데이터,해운물류,"CSV, JSON, XML","['allseadata', '선박부하도', '엔진부하도', '올시데이터', '항로부하도', '항로정보']",산업/기술,해양/수산,선박,"['allseadata', '선박부하도', '엔진부하도', '올시데이터', '항로부하도', '항로정보']",1077479509,18366128,1077479509.0
bigdata-sea,page_001051.html,-,벌커선 선박의 선박엔진 부하도 데이터 셋,선박의 선박엔진 부하도,0,MMSI|IMO_IDNTF_NO|SHIP_NM|SHIP_KIND|SHIP_WDTH|SHIP_LNTH|SHIP_HGHT|SHIP_OWNER_NM|DRAFT|SHPYRD_NM|BULD_YR|DDWGHT|DPTR_HMS|ARVL_HMS|DPTRP_LA|DPTRP_LO|DTNT_LA|DTNT_LO|AVE_VE|MAX_VE|NVGTN_DIST|WAVE_MAX_CYCL|WAVE_AVE_CYCL|WAVE_MAX_HGHT|WAVE_AVE_HGHT|MAX_WDSP|AVE_WDSP|LD_RT,True,2025-07-15,ARVL_HMS-AVE_VE-AVE_WDSP-BULD_YR-DDWGHT-DPTRP_LA-DPTRP_LO-DPTR_HMS-DRAFT-DTNT_LA-DTNT_LO-IMO_IDNTF_NO-LD_RT-MAX_VE-MAX_WDSP-MMSI-NVGTN_DIST-SHIP_HGHT-SHIP_KIND-SHIP_LNTH-SHIP_NM-SHIP_OWNER_NM-SHIP_WDTH-SHPYRD_NM-WAVE_AVE_CYCL-WAVE_AVE_HGHT-WAVE_MAX_CYCL-WAVE_MAX_HGHT,올시데이터,해운물류,"CSV, JSON, XML","['allseadata', '선박부하도', '엔진부하도', '올시데이터', '항로부하도', '항로정보']",산업/기술,해양/수산,선박,"['allseadata', '선박부하도', '엔진부하도', '올시데이터', '항로부하도', '항로정보']",901338,17947,901338.0
bigdata-sea,page_001052.html,-,벌커선 항로별 화물운송 데이터 셋,항로별 화물운송,0,MMSI|IMO_IDNTF_NO|SHIP_OWNER_NM|DPTR_HMS|ARVL_HMS|DPTRP_LA|DPTRP_LO|DTNT_LA|DTNT_LO|DPTR_CN_NM|ARVL_CN_NM|DPRT_PRT_CD|DPTR_PRT_NM|ARRV_PRT_CD|ARVL_PRT_NM|FRGHT_CNVNC_QTY|FRGHT_CNVNC_QTY_TONM,True,2025-07-15,ARRV_PRT_CD-ARVL_CN_NM-ARVL_HMS-ARVL_PRT_NM-DPRT_PRT_CD-DPTRP_LA-DPTRP_LO-DPTR_CN_NM-DPTR_HMS-DPTR_PRT_NM-DTNT_LA-DTNT_LO-FRGHT_CNVNC_QTY-FRGHT_CNVNC_QTY_TONM-IMO_IDNTF_NO-MMSI-SHIP_OWNER_NM,올시데이터,해운물류,"CSV, JSON, XML","['""올시데이터', 'allseadata', 'cargocarried', 'ton-mile', '선박화물', '톤마일', '항로정보""', '화물수송']",소비/유통,상품,물류,"['""올시데이터', 'allseadata', 'cargocarried', 'ton-mile', '선박화물', '톤마일', '항로정보""', '화물수송']",73382181,994638,73382181.0
bigdata-sea,page_001053.html,-,벌커선 선박의 화물운송 데이터 셋,선박의 화물운송,0,MMSI|IMO_IDNTF_NO|SHIP_NM|SHIP_KIND|SHIP_WDTH|SHIP_LNTH|SHIP_HGHT|SHIP_OWNER_NM|DRAFT|SHPYRD_NM|BULD_YR|DDWGHT|DPTR_HMS|ARVL_HMS|DPTRP_LA|DPTRP_LO|DTNT_LA|DTNT_LO|FRGHT_CNVNC_QTY|FRGHT_CNVNC_QTY_TONM,True,2025-07-15,ARVL_HMS-BULD_YR-DDWGHT-DPTRP_LA-DPTRP_LO-DPTR_HMS-DRAFT-DTNT_LA-DTNT_LO-FRGHT_CNVNC_QTY-FRGHT_CNVNC_QTY_TONM-IMO_IDNTF_NO-MMSI-SHIP_HGHT-SHIP_KIND-SHIP_LNTH-SHIP_NM-SHIP_OWNER_NM-SHIP_WDTH-SHPYRD_NM,올시데이터,해운물류,"CSV, JSON, XML","['""올시데이터', 'allseadata', 'cargocarried', 'ton-mile', '선박화물', '톤마일', '항로정보""', '화물수송']",소비/유통,상품,물류,"['""올시데이터', 'allseadata', 'cargocarried', 'ton-mile', '선박화물', '톤마일', '항로정보""', '화물수송']",857099,17815,857099.0
bigdata-sea,page_001054.html,-,벌커선 선박별 Co2 Nox 발생량 데이터 셋,선박별 Co2 Nox 발생량,0,MMSI|IMO_IDNTF_NO|SHIP_NM|SHIP_KIND|SHIP_WDTH|SHIP_LNTH|SHIP_HGHT|SHIP_OWNER_NM|DRAFT|SHPYRD_NM|BULD_YR|DDWGHT|DPTR_HMS|ARVL_HMS|DPTRP_LA|DPTRP_LO|DTNT_LA|DTNT_LO|AVE_VE|MAX_VE|NVGTN_DIST|WAVE_MAX_CYCL|WAVE_AVE_CYCL|WAVE_MAX_HGHT|WAVE_AVE_HGHT|MAX_WDSP|AVE_WDSP|ADDTI_RSTC|TOT_RSTC|RL_POWER|FUEL_CNSMP_QTY|CDBX|NOX|SOX|MTHN|SHIP_NRG_EFFCN_NVGTN_IDX,True,2025-07-15,ADDTI_RSTC-ARVL_HMS-AVE_VE-AVE_WDSP-BULD_YR-CDBX-DDWGHT-DPTRP_LA-DPTRP_LO-DPTR_HMS-DRAFT-DTNT_LA-DTNT_LO-FUEL_CNSMP_QTY-IMO_IDNTF_NO-MAX_VE-MAX_WDSP-MMSI-MTHN-NOX-NVGTN_DIST-RL_POWER-SHIP_HGHT-SHIP_KIND-SHIP_LNTH-SHIP_NM-SHIP_NRG_EFFCN_NVGTN_IDX-SHIP_OWNER_NM-SHIP_WDTH-SHPYRD_NM-SOX-TOT_RSTC-WAVE_AVE_CYCL-WAVE_AVE_HGHT-WAVE_MAX_CYCL-WAVE_MAX_HGHT,올시데이터,해양환경,"CSV, JSON, XML","['""올시데이터', 'allseadata', 'ch4', 'co2', 'nox', 'sox', '메탄', '메테인', '선박오염', '이산화탄소', '질소산화물', '항로정보""', '황산화물']",산업/기술,해양/수산,선박,"['""올시데이터', 'allseadata', 'ch4', 'co2', 'nox', 'sox', '메탄', '메테인', '선박오염', '이산화탄소', '질소산화물', '항로정보""', '황산화물']",819398,15428,819398.0
bigdata-sea,page_001055.html,-,벌커선 선박별 파도높이에 따른 평균/최대 속도 데이터,벌커선 선박별 파도높이에 따른 평균/최대 속도 데이터,0,MMSI|IMO_IDNTF_NO|SHIP_NM|SHIP_KIND|SHIP_WDTH|SHIP_LNTH|SHIP_HGHT|SHIP_OWNER_NM|DRAFT|SHPYRD_NM|BULD_YR|DDWGHT|DPTR_HMS|ARVL_HMS|WAVE_AVE_VE_1M|WAVE_AVE_VE_2M|WAVE_AVE_VE_3M|WAVE_AVE_VE_4M|WAVE_AVE_VE_5M|WAVE_AVE_VE_6M|WAVE_AVE_VE_7M|WAVE_AVE_VE_8M|WAVE_AVE_VE_9M|WAVE_AVE_VE_10M_ABOVE|WAVE_MAX_VE_1M|WAVE_MAX_VE_2M|WAVE_MAX_VE_3M|WAVE_MAX_VE_4M|WAVE_MAX_VE_5M|WAVE_MAX_VE_6M|WAVE_MAX_VE_7M|WAVE_MAX_VE_8M|WAVE_MAX_VE_9M|WAVE_MAX_VE_10M_ABOVE,True,2025-07-15,ARVL_HMS-BULD_YR-DDWGHT-DPTR_HMS-DRAFT-IMO_IDNTF_NO-MMSI-SHIP_HGHT-SHIP_KIND-SHIP_LNTH-SHIP_NM-SHIP_OWNER_NM-SHIP_WDTH-SHPYRD_NM-WAVE_AVE_VE_10M_ABOVE-WAVE_AVE_VE_1M-WAVE_AVE_VE_2M-WAVE_AVE_VE_3M-WAVE_AVE_VE_4M-WAVE_AVE_VE_5M-WAVE_AVE_VE_6M-WAVE_AVE_VE_7M-WAVE_AVE_VE_8M-WAVE_AVE_VE_9M-WAVE_MAX_VE_10M_ABOVE-WAVE_MAX_VE_1M-WAVE_MAX_VE_2M-WAVE_MAX_VE_3M-WAVE_MAX_VE_4M-WAVE_MAX_VE_5M-WAVE_MAX_VE_6M-WAVE_MAX_VE_7M-WAVE_MAX_VE_8M-WAVE_MAX_VE_9M,올시데이터,해운물류,"CSV, JSON, XML","['""올시데이터', 'allseadata', '선박별', '최대속도""', '파도높이', '평균속도']",산업/기술,해양/수산,선박,"['""올시데이터', 'allseadata', '선박별', '최대속도""', '파도높이', '평균속도']",893956,17800,893956.0
bigdata-sea,page_001056.html,-,벌커선 선종별 파도높이에 따른 평균/최대 속도 데이터,벌커선 선종별 파도높이에 따른 평균/최대 속도 데이터,0,SHIP_KIND|SHIP_CNT|DPTR_HMS|ARVL_HMS|WAVE_AVE_VE_1M|WAVE_AVE_VE_2M|WAVE_AVE_VE_3M|WAVE_AVE_VE_4M|WAVE_AVE_VE_5M|WAVE_AVE_VE_6M|WAVE_AVE_VE_7M|WAVE_AVE_VE_8M|WAVE_AVE_VE_9M|WAVE_AVE_VE_10M_ABOVE|WAVE_MAX_VE_1M|WAVE_MAX_VE_2M|WAVE_MAX_VE_3M|WAVE_MAX_VE_4M|WAVE_MAX_VE_5M|WAVE_MAX_VE_6M|WAVE_MAX_VE_7M|WAVE_MAX_VE_8M|WAVE_MAX_VE_9M|WAVE_MAX_VE_10M_ABOVE,True,2025-07-15,ARVL_HMS-DPTR_HMS-SHIP_CNT-SHIP_KIND-WAVE_AVE_VE_10M_ABOVE-WAVE_AVE_VE_1M-WAVE_AVE_VE_2M-WAVE_AVE_VE_3M-WAVE_AVE_VE_4M-WAVE_AVE_VE_5M-WAVE_AVE_VE_6M-WAVE_AVE_VE_7M-WAVE_AVE_VE_8M-WAVE_AVE_VE_9M-WAVE_MAX_VE_10M_ABOVE-WAVE_MAX_VE_1M-WAVE_MAX_VE_2M-WAVE_MAX_VE_3M-WAVE_MAX_VE_4M-WAVE_MAX_VE_5M-WAVE_MAX_VE_6M-WAVE_MAX_VE_7M-WAVE_MAX_VE_8M-WAVE_MAX_VE_9M,올시데이터,해운물류,"CSV, JSON, XML","['allseadata', '선종별', '올시데이터', '최대속도', '파도높이', '평균속도']",산업/기술,해양/수산,해양,"['allseadata', '선종별', '올시데이터', '최대속도', '파도높이', '평균속도']",3916,51,3916.0
bigdata-sea,page_001057.html,-,벌커선 선주사 선대별 파도높이에 따른 평균/최대 속도 데이터,벌커선 선주사 선대별 파도높이에 따른 평균/최대 속도 데이터,0,SHIP_OWNER_NM|SHIP_CNT|DPTR_HMS|ARVL_HMS|WAVE_AVE_VE_1M|WAVE_AVE_VE_2M|WAVE_AVE_VE_3M|WAVE_AVE_VE_4M|WAVE_AVE_VE_5M|WAVE_AVE_VE_6M|WAVE_AVE_VE_7M|WAVE_AVE_VE_8M|WAVE_AVE_VE_9M|WAVE_AVE_VE_10M_ABOVE|WAVE_MAX_VE_1M|WAVE_MAX_VE_2M|WAVE_MAX_VE_3M|WAVE_MAX_VE_4M|WAVE_MAX_VE_5M|WAVE_MAX_VE_6M|WAVE_MAX_VE_7M|WAVE_MAX_VE_8M|WAVE_MAX_VE_9M|WAVE_MAX_VE_10M_ABOVE,True,2025-07-15,ARVL_HMS-DPTR_HMS-SHIP_CNT-SHIP_OWNER_NM-WAVE_AVE_VE_10M_ABOVE-WAVE_AVE_VE_1M-WAVE_AVE_VE_2M-WAVE_AVE_VE_3M-WAVE_AVE_VE_4M-WAVE_AVE_VE_5M-WAVE_AVE_VE_6M-WAVE_AVE_VE_7M-WAVE_AVE_VE_8M-WAVE_AVE_VE_9M-WAVE_MAX_VE_10M_ABOVE-WAVE_MAX_VE_1M-WAVE_MAX_VE_2M-WAVE_MAX_VE_3M-WAVE_MAX_VE_4M-WAVE_MAX_VE_5M-WAVE_MAX_VE_6M-WAVE_MAX_VE_7M-WAVE_MAX_VE_8M-WAVE_MAX_VE_9M,올시데이터,해운물류,"CSV, JSON, XML","['allseadata', '선대', '선주별', '올시데이터', '최대속도', '파도높이', '평균속도']",산업/기술,해양/수산,해양,"['allseadata', '선대', '선주별', '올시데이터', '최대속도', '파도높이', '평균속도']",120736,1617,120736.0
bigdata-sea,page_001059.html,-,벌커선 선박별 운항 거리,벌커선 선박별 운항 거리,0,MMSI|IMO_IDNTF_NO|SHIP_NM|SHIP_KIND|SHIP_WDTH|SHIP_LNTH|SHIP_HGHT|SHIP_OWNER_NM|DRAFT|SHPYRD_NM|BULD_YR|DDWGHT|DPTR_HMS|ARVL_HMS|DPTRP_LA|DPTRP_LO|DTNT_LA|DTNT_LO|NVGTN_DIST,True,2025-07-15,ARVL_HMS-BULD_YR-DDWGHT-DPTRP_LA-DPTRP_LO-DPTR_HMS-DRAFT-DTNT_LA-DTNT_LO-IMO_IDNTF_NO-MMSI-NVGTN_DIST-SHIP_HGHT-SHIP_KIND-SHIP_LNTH-SHIP_NM-SHIP_OWNER_NM-SHIP_WDTH-SHPYRD_NM,올시데이터,해운물류,"CSV, JSON, XML","['""올시데이터', 'allseadata', '선박별', '운항거리""']",산업/기술,해양/수산,선박,"['""올시데이터', 'allseadata', '선박별', '운항거리""']",839521,17947,839521.0
bigdata-sea,page_001060.html,-,벌커선 선종별 운항 거리,벌커선 선종별 운항 거리,0,SHIP_KIND|SHIP_CNT|DPTR_HMS|ARVL_HMS|NVGTN_DIST,True,2025-07-15,ARVL_HMS-DPTR_HMS-NVGTN_DIST-SHIP_CNT-SHIP_KIND,올시데이터,해운물류,"CSV, JSON, XML","['""올시데이터', 'allseadata', '선종별', '운항거리""']",소비/유통,상품,물류,"['""올시데이터', 'allseadata', '선종별', '운항거리""']",3355,51,3355.0
bigdata-sea,page_001061.html,-,벌커선 선주사 선대별 운항 거리,벌커선 선주사 선대별 운항 거리,0,SHIP_OWNER_NM|SHIP_CNT|DPTR_HMS|ARVL_HMS|NVGTN_DIST,True,2025-07-15,ARVL_HMS-DPTR_HMS-NVGTN_DIST-SHIP_CNT-SHIP_OWNER_NM,올시데이터,해운물류,"CSV, JSON, XML","['""올시데이터', 'allseadata', '선대별', '선사별', '선주별', '운항거리""']",소비/유통,상품,물류,"['""올시데이터', 'allseadata', '선대별', '선사별', '선주별', '운항거리""']",95040,1620,95040.0
bigdata-sea,page_001062.html,-,벌커선 운항 거리별 순위,벌커선 운항 거리별 순위,0,RANK|SHIP_OWNER_NM|SHIP_CNT|DPTR_HMS|ARVL_HMS|NVGTN_DIST,True,2025-07-15,ARVL_HMS-DPTR_HMS-NVGTN_DIST-RANK-SHIP_CNT-SHIP_OWNER_NM,올시데이터,해운물류,"CSV, JSON, XML","['""올시데이터', 'allseadata', '선대별', '선주별', '순위', '운항거리""']",산업/기술,해양/수산,선박,"['""올시데이터', 'allseadata', '선대별', '선주별', '순위', '운항거리""']",105660,1620,105660.0
bigdata-sea,page_001063.html,-,벌커선 선박별 화물 운송량 및 운송화물,벌커선 선박별 화물 운송량 및 운송화물,0,MMSI|IMO_IDNTF_NO|SHIP_NM|SHIP_KIND|SHIP_WDTH|SHIP_LNTH|SHIP_HGHT|SHIP_OWNER_NM|DRAFT|SHPYRD_NM|BULD_YR|DDWGHT|DPTR_HMS|ARVL_HMS|DPTRP_LA|DPTRP_LO|DTNT_LA|DTNT_LO|FRGHT_CNVNC_QTY_TONM,True,2025-07-15,ARVL_HMS-BULD_YR-DDWGHT-DPTRP_LA-DPTRP_LO-DPTR_HMS-DRAFT-DTNT_LA-DTNT_LO-FRGHT_CNVNC_QTY_TONM-IMO_IDNTF_NO-MMSI-SHIP_HGHT-SHIP_KIND-SHIP_LNTH-SHIP_NM-SHIP_OWNER_NM-SHIP_WDTH-SHPYRD_NM,올시데이터,해운물류,"CSV, JSON, XML","['""올시데이터', 'allseadata', '선박별', '운송량', '운송화물""']",소비/유통,상품,물류,"['""올시데이터', 'allseadata', '선박별', '운송량', '운송화물""']",857099,17815,857099.0
bigdata-sea,page_001064.html,-,벌커선 선종별 화물 운송량 및 운송화물,벌커선 선종별 화물 운송량 및 운송화물,0,SHIP_KIND|SHIP_CNT|DPTR_HMS|ARVL_HMS|FRGHT_CNVNC_QTY_TONM,True,2025-07-15,ARVL_HMS-DPTR_HMS-FRGHT_CNVNC_QTY_TONM-SHIP_CNT-SHIP_KIND,올시데이터,해운물류,"CSV, JSON, XML","['""올시데이터', 'allseadata', '선종별', '운송량', '운송화물""']",소비/유통,상품,물류,"['""올시데이터', 'allseadata', '선종별', '운송량', '운송화물""']",3281,51,3281.0
bigdata-sea,page_001065.html,-,벌커선 선주사 선대별 화물 운송량 및 운송화물,벌커선 선주사 선대별 화물 운송량 및 운송화물,0,SHIP_OWNER_NM|SHIP_CNT|DPTR_HMS|ARVL_HMS|FRGHT_CNVNC_QTY|FRGHT_CNVNC_QTY_TONM,True,2025-07-15,ARVL_HMS-DPTR_HMS-FRGHT_CNVNC_QTY-FRGHT_CNVNC_QTY_TONM-SHIP_CNT-SHIP_OWNER_NM,올시데이터,해운물류,"CSV, JSON, XML","['""올시데이터', 'allseadata', '선대별', '선주별', '운송량', '운송화물""']",소비/유통,상품,물류,"['""올시데이터', 'allseadata', '선대별', '선주별', '운송량', '운송화물""']",110042,1613,110042.0
bigdata-sea,page_001066.html,-,벌커선 수출국가별 운송량 순위,벌커선 수출국가별 운송량 순위,0,RANK|DPTR_CN_NM|SHIP_CNT|DPTR_HMS|ARVL_HMS|FRGHT_CNVNC_QTY_TONM,True,2025-07-15,ARVL_HMS-DPTR_CN_NM-DPTR_HMS-FRGHT_CNVNC_QTY_TONM-RANK-SHIP_CNT,올시데이터,해운물류,"CSV, JSON, XML","['""올시데이터', 'allseadata', '국가별', '수출', '순위', '운송량""']",소비/유통,상품,물류,"['""올시데이터', 'allseadata', '국가별', '수출', '순위', '운송량""']",21039,350,21039.0
bigdata-sea,page_001067.html,-,벌커선 수입국가별 운송량 순위,벌커선 수입국가별 운송량 순위,0,RANK|ARVL_CN_NM|SHIP_CNT|DPTR_HMS|ARVL_HMS|FRGHT_CNVNC_QTY_TONM,True,2025-07-15,ARVL_CN_NM-ARVL_HMS-DPTR_HMS-FRGHT_CNVNC_QTY_TONM-RANK-SHIP_CNT,올시데이터,해운물류,"CSV, JSON, XML","['""올시데이터', 'allseadata', '국가별', '수입', '순위', '운송량""']",소비/유통,상품,물류,"['""올시데이터', 'allseadata', '국가별', '수입', '순위', '운송량""']",20883,350,20883.0
bigdata-sea,page_001068.html,-,벌커선 수출국가별 운송화물 순위,벌커선 수출국가별 운송화물 순위,0,RANK|DPTR_CN_NM|SHIP_KIND|SHIP_CNT|DPTR_HMS|ARVL_HMS|FRGHT_CNVNC_QTY_TONM,True,2025-07-15,ARVL_HMS-DPTR_CN_NM-DPTR_HMS-FRGHT_CNVNC_QTY_TONM-RANK-SHIP_CNT-SHIP_KIND,올시데이터,해운물류,"CSV, JSON, XML","['""올시데이터', 'allseadata', '국가별', '수출', '순위', '운송량""']",소비/유통,상품,물류,"['""올시데이터', 'allseadata', '국가별', '수출', '순위', '운송량""']",16988,247,16988.0
bigdata-sea,page_001069.html,-,벌커선 수입국가별 운송화물 순위,벌커선 수입국가별 운송화물 순위,0,RANK|ARVL_CN_NM|SHIP_KIND|SHIP_CNT|DPTR_HMS|ARVL_HMS|FRGHT_CNVNC_QTY_TONM,True,2025-07-15,ARVL_CN_NM-ARVL_HMS-DPTR_HMS-FRGHT_CNVNC_QTY_TONM-RANK-SHIP_CNT-SHIP_KIND,올시데이터,해운물류,"CSV, JSON, XML","['""올시데이터', 'allseadata', '국가별', '수입', '순위', '운송량""']",소비/유통,상품,물류,"['""올시데이터', 'allseadata', '국가별', '수입', '순위', '운송량""']",17024,252,17024.0
bigdata-sea,page_001070.html,-,벌커선 항로별 화물운송 톤마일,벌커선 항로별 화물운송 톤마일,0,DPTR_CN_NM|ARVL_CN_NM|DPRT_PRT_CD|ARRV_PRT_CD|DPTR_PRT_NM|ARVL_PRT_NM|SHIP_CNT|DPTR_HMS|ARVL_HMS|FRGHT_CNVNC_QTY,True,2025-07-15,ARRV_PRT_CD-ARVL_CN_NM-ARVL_HMS-ARVL_PRT_NM-DPRT_PRT_CD-DPTR_CN_NM-DPTR_HMS-DPTR_PRT_NM-FRGHT_CNVNC_QTY-SHIP_CNT,올시데이터,해운물류,"CSV, JSON, XML","['""올시데이터', 'allseadata', '운송', '톤마일""', '항로별', '화물']",소비/유통,상품,물류,"['""올시데이터', 'allseadata', '운송', '톤마일""', '항로별', '화물']",7165335,103016,7165335.0
bigdata-sea,page_001071.html,-,벌커선 선박별 화물 운송 톤마일,벌커선 선박별 화물 운송 톤마일,0,MMSI|IMO_IDNTF_NO|SHIP_NM|SHIP_KIND|SHIP_WDTH|SHIP_LNTH|SHIP_HGHT|SHIP_OWNER_NM|DRAFT|SHPYRD_NM|BULD_YR|DDWGHT|DPTR_HMS|ARVL_HMS|DPTRP_LA|DPTRP_LO|DTNT_LA|DTNT_LO|FRGHT_CNVNC_QTY,True,2025-07-15,ARVL_HMS-BULD_YR-DDWGHT-DPTRP_LA-DPTRP_LO-DPTR_HMS-DRAFT-DTNT_LA-DTNT_LO-FRGHT_CNVNC_QTY-IMO_IDNTF_NO-MMSI-SHIP_HGHT-SHIP_KIND-SHIP_LNTH-SHIP_NM-SHIP_OWNER_NM-SHIP_WDTH-SHPYRD_NM,올시데이터,해운물류,"CSV, JSON, XML","['""올시데이터', 'allseadata', '선박별', '운송량', '운송화물', '톤마일""']",소비/유통,상품,물류,"['""올시데이터', 'allseadata', '선박별', '운송량', '운송화물', '톤마일""']",841264,17815,841264.0
bigdata-sea,page_001072.html,-,벌커선 선종별 화물 운송 톤마일,벌커선 선종별 화물 운송 톤마일,0,SHIP_KIND|SHIP_CNT|DPTR_HMS|ARVL_HMS|FRGHT_CNVNC_QTY,True,2025-07-15,ARVL_HMS-DPTR_HMS-FRGHT_CNVNC_QTY-SHIP_CNT-SHIP_KIND,올시데이터,해운물류,"CSV, JSON, XML","['""올시데이터', 'allseadata', '선종별', '운송량', '운송화물', '톤마일""']",소비/유통,상품,물류,"['""올시데이터', 'allseadata', '선종별', '운송량', '운송화물', '톤마일""']",3417,51,3417.0
bigdata-sea,page_001073.html,-,벌커선 선주사 선대별 화물 톤마일,벌커선 선주사 선대별 화물 톤마일,0,SHIP_OWNER_NM|SHIP_CNT|DPTR_HMS|ARVL_HMS|FRGHT_CNVNC_QTY,True,2025-07-15,ARVL_HMS-DPTR_HMS-FRGHT_CNVNC_QTY-SHIP_CNT-SHIP_OWNER_NM,올시데이터,해운물류,"CSV, JSON, XML","['""올시데이터', 'allseadata', 'ton-mile""', '선대별', '선주별', '운송량', '운송화물', '톤마일']",소비/유통,상품,물류,"['""올시데이터', 'allseadata', 'ton-mile""', '선대별', '선주별', '운송량', '운송화물', '톤마일']",95346,1613,95346.0
bigdata-sea,page_001074.html,-,벌커선 화물 톤마일 순위,벌커선 화물 톤마일 순위,0,RANK|SHIP_KIND|SHIP_CNT|DPTR_HMS|ARVL_HMS|FRGHT_CNVNC_QTY,True,2025-07-15,ARVL_HMS-DPTR_HMS-FRGHT_CNVNC_QTY-RANK-SHIP_CNT-SHIP_KIND,올시데이터,해운물류,"CSV, JSON, XML","['""올시데이터', 'allseadata', 'ton-mile""', '국가별', '수입', '순위', '운송량', '톤마일']",소비/유통,상품,물류,"['""올시데이터', 'allseadata', 'ton-mile""', '국가별', '수입', '순위', '운송량', '톤마일']",3462,51,3462.0
bigdata-sea,page_001075.html,-,벌커선 수출국가별 톤마일 순위,벌커선 수출국가별 톤마일 순위,0,RANK|DPTR_CN_NM|SHIP_CNT|DPTR_HMS|ARVL_HMS|FRGHT_CNVNC_QTY,True,2025-07-15,ARVL_HMS-DPTR_CN_NM-DPTR_HMS-FRGHT_CNVNC_QTY-RANK-SHIP_CNT,올시데이터,해운물류,"CSV, JSON, XML","['""올시데이터', 'allseadata', '국가별', '수출', '순위', '운송량""']",소비/유통,상품,물류,"['""올시데이터', 'allseadata', '국가별', '수출', '순위', '운송량""']",22322,350,22322.0
bigdata-sea,page_001076.html,-,벌커선 수입국가별 톤마일 순위,벌커선 수입국가별 톤마일 순위,0,RANK|ARVL_CN_NM|SHIP_CNT|DPTR_HMS|ARVL_HMS|FRGHT_CNVNC_QTY,True,2025-07-15,ARVL_CN_NM-ARVL_HMS-DPTR_HMS-FRGHT_CNVNC_QTY-RANK-SHIP_CNT,올시데이터,해운물류,"CSV, JSON, XML","['""올시데이터', 'allseadata', '국가별', '수입', '순위', '운송량""']",소비/유통,상품,물류,"['""올시데이터', 'allseadata', '국가별', '수입', '순위', '운송량""']",22478,350,22478.0
bigdata-sea,page_001077.html,-,벌커선 수입국가별 톤마일 순위,벌커선 수입국가별 톤마일 순위,0,RANK|DPTR_CN_NM|SHIP_KIND|SHIP_CNT|DPTR_HMS|ARVL_HMS|FRGHT_CNVNC_QTY,True,2025-07-15,ARVL_HMS-DPTR_CN_NM-DPTR_HMS-FRGHT_CNVNC_QTY-RANK-SHIP_CNT-SHIP_KIND,올시데이터,해운물류,"CSV, JSON, XML","['""올시데이터', 'allseadata', 'ton-mile""', '국가별', '수출', '순위', '운송량', '톤마일']",소비/유통,상품,물류,"['""올시데이터', 'allseadata', 'ton-mile""', '국가별', '수출', '순위', '운송량', '톤마일']",17949,254,17949.0
bigdata-sea,page_001078.html,-,벌커선 수입국가별 톤마일 순위,벌커선 수입국가별 톤마일 순위,0,RANK|ARVL_CN_NM|SHIP_KIND|SHIP_CNT|DPTR_HMS|ARVL_HMS|FRGHT_CNVNC_QTY,True,2025-07-15,ARVL_CN_NM-ARVL_HMS-DPTR_HMS-FRGHT_CNVNC_QTY-RANK-SHIP_CNT-SHIP_KIND,올시데이터,해운물류,"CSV, JSON, XML","['""올시데이터', 'allseadata', 'ton-mile""', '국가별', '수입', '순위', '운송량', '톤마일']",소비/유통,상품,물류,"['""올시데이터', 'allseadata', 'ton-mile""', '국가별', '수입', '순위', '운송량', '톤마일']",18289,258,18289.0
bigdata-sea,page_001079.html,-,벌커선 항로별 톤마일 순위,벌커선 항로별 톤마일 순위,0,RANK|DPTR_CN_NM|ARVL_CN_NM|DPRT_PRT_CD|ARRV_PRT_CD|DPTR_PRT_NM|ARVL_PRT_NM|SHIP_CNT|DPTR_HMS|ARVL_HMS|FRGHT_CNVNC_QTY,True,2025-07-15,ARRV_PRT_CD-ARVL_CN_NM-ARVL_HMS-ARVL_PRT_NM-DPRT_PRT_CD-DPTR_CN_NM-DPTR_HMS-DPTR_PRT_NM-FRGHT_CNVNC_QTY-RANK-SHIP_CNT,올시데이터,해운물류,"CSV, JSON, XML","['""올시데이터', 'allseadata', 'ton-mile""', '수출', '순위', '운송량', '톤마일', '항로별']",소비/유통,상품,물류,"['""올시데이터', 'allseadata', 'ton-mile""', '수출', '순위', '운송량', '톤마일', '항로별']",7497276,103016,7497276.0
bigdata-sea,page_001080.html,-,벌커선 선주사 선대별 화물 엔진부하도,벌커선 선주사 선대별 화물 엔진부하도,0,SHIP_OWNER_NM|SHIP_CNT|DPTR_HMS|ARVL_HMS|LD_RT,True,2025-07-15,ARVL_HMS-DPTR_HMS-LD_RT-SHIP_CNT-SHIP_OWNER_NM,올시데이터,해운물류,"CSV, JSON, XML","['""올시데이터', 'allseadata', 'loadfactor""', '선대별', '선주별', '엔진부하도']",소비/유통,상품,물류,"['""올시데이터', 'allseadata', 'loadfactor""', '선대별', '선주별', '엔진부하도']",94500,1620,94500.0
bigdata-sea,page_001081.html,-,벌커선 선주사 선대별 화물 엔진부하도 순위,벌커선 선주사 선대별 화물 엔진부하도 순위,0,RANK|SHIP_OWNER_NM|SHIP_CNT|DPTR_HMS|ARVL_HMS|LD_RT,True,2025-07-15,ARVL_HMS-DPTR_HMS-LD_RT-RANK-SHIP_CNT-SHIP_OWNER_NM,올시데이터,해운물류,"CSV, JSON, XML","['""올시데이터', 'allseadata', 'loadfactor', '선대별', '선주별', '순위""', '엔진부하도']",산업/기술,해양/수산,선박,"['""올시데이터', 'allseadata', 'loadfactor', '선대별', '선주별', '순위""', '엔진부하도']",102600,1620,102600.0
bigdata-sea,page_001082.html,-,벌커선 선박별 co2발생량,벌커선 선박별 co2발생량,0,MMSI|IMO_IDNTF_NO|SHIP_NM|SHIP_KIND|SHIP_WDTH|SHIP_LNTH|SHIP_HGHT|SHIP_OWNER_NM|DRAFT|SHPYRD_NM|BULD_YR|DDWGHT|DPTR_HMS|ARVL_HMS|DPTRP_LA|DPTRP_LO|DTNT_LA|DTNT_LO|ADDTI_RSTC|TOT_RSTC|RL_POWER|FUEL_CNSMP_QTY|CDBX,True,2025-07-15,ADDTI_RSTC-ARVL_HMS-BULD_YR-CDBX-DDWGHT-DPTRP_LA-DPTRP_LO-DPTR_HMS-DRAFT-DTNT_LA-DTNT_LO-FUEL_CNSMP_QTY-IMO_IDNTF_NO-MMSI-RL_POWER-SHIP_HGHT-SHIP_KIND-SHIP_LNTH-SHIP_NM-SHIP_OWNER_NM-SHIP_WDTH-SHPYRD_NM-TOT_RSTC,올시데이터,해운물류,"CSV, JSON, XML","['""올시데이터', 'allseadata', 'co2', '선박별', '이산화탄소""']",산업/기술,해양/수산,선박,"['""올시데이터', 'allseadata', 'co2', '선박별', '이산화탄소""']",807399,15428,807399.0
bigdata-sea,page_001083.html,-,벌커선 선종별 co2발생량,벌커선 선종별 co2발생량,0,SHIP_KIND|SHIP_CNT|DPTR_HMS|ARVL_HMS|CDBX,True,2025-07-15,ARVL_HMS-CDBX-DPTR_HMS-SHIP_CNT-SHIP_KIND,올시데이터,해운물류,"CSV, JSON, XML","['""올시데이터', 'allseadata', 'co2', '선종별', '이산화탄소""']",산업/기술,해양/수산,선박,"['""올시데이터', 'allseadata', 'co2', '선종별', '이산화탄소""']",3642,54,3642.0
bigdata-sea,page_001084.html,-,벌커선 선주사 선대별 co2발생량,벌커선 선주사 선대별 co2발생량,0,SHIP_OWNER_NM|SHIP_CNT|DPTR_HMS|ARVL_HMS|CDBX,True,2025-07-15,ARVL_HMS-CDBX-DPTR_HMS-SHIP_CNT-SHIP_OWNER_NM,올시데이터,해운물류,"CSV, JSON, XML","['""올시데이터', 'allseadata', 'co2', '선대별', '선주', '이산화탄소""']",산업/기술,해양/수산,선박,"['""올시데이터', 'allseadata', 'co2', '선대별', '선주', '이산화탄소""']",82801,1326,82801.0
bigdata-sea,page_001085.html,-,벌커선 선박별 nox발생량,벌커선 선박별 nox발생량,0,MMSI|IMO_IDNTF_NO|SHIP_NM|SHIP_KIND|SHIP_WDTH|SHIP_LNTH|SHIP_HGHT|SHIP_OWNER_NM|DRAFT|SHPYRD_NM|BULD_YR|DDWGHT|DPTR_HMS|ARVL_HMS|DPTRP_LA|DPTRP_LO|DTNT_LA|DTNT_LO|ADDTI_RSTC|TOT_RSTC|RL_POWER|FUEL_CNSMP_QTY|NOX,True,2025-07-15,ADDTI_RSTC-ARVL_HMS-BULD_YR-DDWGHT-DPTRP_LA-DPTRP_LO-DPTR_HMS-DRAFT-DTNT_LA-DTNT_LO-FUEL_CNSMP_QTY-IMO_IDNTF_NO-MMSI-NOX-RL_POWER-SHIP_HGHT-SHIP_KIND-SHIP_LNTH-SHIP_NM-SHIP_OWNER_NM-SHIP_WDTH-SHPYRD_NM-TOT_RSTC,올시데이터,해운물류,"CSV, JSON, XML","['""올시데이터', 'allseadata', 'nox', '선박별', '질소산화물""']",산업/기술,해양/수산,선박,"['""올시데이터', 'allseadata', 'nox', '선박별', '질소산화물""']",810827,15428,810827.0
bigdata-sea,page_001086.html,-,벌커선 선종별 nox발생량,벌커선 선종별 nox발생량,0,SHIP_KIND|SHIP_CNT|DPTR_HMS|ARVL_HMS|NOX,True,2025-07-15,ARVL_HMS-DPTR_HMS-NOX-SHIP_CNT-SHIP_KIND,올시데이터,해운물류,"CSV, JSON, XML","['""올시데이터', 'allseadata', 'nox', '선종별', '질소산화물""']",산업/기술,해양/수산,선박,"['""올시데이터', 'allseadata', 'nox', '선종별', '질소산화물""']",3516,54,3516.0
bigdata-sea,page_001087.html,-,벌커선 선주사 선대별 nox발생량,벌커선 선주사 선대별 nox발생량,0,SHIP_OWNER_NM|SHIP_CNT|DPTR_HMS|ARVL_HMS|NOX,True,2025-07-15,ARVL_HMS-DPTR_HMS-NOX-SHIP_CNT-SHIP_OWNER_NM,올시데이터,해운물류,"CSV, JSON, XML","['""올시데이터', 'allseadata', 'nox', '선대별', '선주', '질소산화물""']",산업/기술,해양/수산,선박,"['""올시데이터', 'allseadata', 'nox', '선대별', '선주', '질소산화물""']",80002,1326,80002.0
bigdata-sea,page_001088.html,-,벌커선 선주사 선대별 화물/발라스트 탱크 사용률,벌커선 선주사 선대별 화물/발라스트 탱크 사용률,0,SHIP_OWNER_NM|SHIP_CNT|DPTR_HMS|ARVL_HMS|NVGTN_TM|PRT_NCHRG_TM|BLLAT_HOUR|FRGHT_CNVNC_TM|NNVGTN_TM,True,2025-07-15,ARVL_HMS-BLLAT_HOUR-DPTR_HMS-FRGHT_CNVNC_TM-NNVGTN_TM-NVGTN_TM-PRT_NCHRG_TM-SHIP_CNT-SHIP_OWNER_NM,올시데이터,해운물류,"CSV, JSON, XML","['""올시데이터', 'allseadata', '발라스트탱크', '사용율""', '선대별', '선주', '화물탱크']",소비/유통,상품,물류,"['""올시데이터', 'allseadata', '발라스트탱크', '사용율""', '선대별', '선주', '화물탱크']",116674,1613,116674.0
bigdata-sea,page_001089.html,-,벌커선 선박별 화물/발라스트 탱크 사용률,벌커선 선박별 화물/발라스트 탱크 사용률,0,MMSI|IMO_IDNTF_NO|SHIP_NM|SHIP_KIND|SHIP_WDTH|SHIP_LNTH|SHIP_HGHT|SHIP_OWNER_NM|DRAFT|SHPYRD_NM|BULD_YR|DDWGHT|DPTR_HMS|ARVL_HMS|DPTRP_LA|DPTRP_LO|DTNT_LA|DTNT_LO|NVGTN_TM|PRT_NCHRG_TM|BLLAT_HOUR|FRGHT_CNVNC_TM|NNVGTN_TM,True,2025-07-15,ARVL_HMS-BLLAT_HOUR-BULD_YR-DDWGHT-DPTRP_LA-DPTRP_LO-DPTR_HMS-DRAFT-DTNT_LA-DTNT_LO-FRGHT_CNVNC_TM-IMO_IDNTF_NO-MMSI-NNVGTN_TM-NVGTN_TM-PRT_NCHRG_TM-SHIP_HGHT-SHIP_KIND-SHIP_LNTH-SHIP_NM-SHIP_OWNER_NM-SHIP_WDTH-SHPYRD_NM,올시데이터,해운물류,"CSV, JSON, XML","['""올시데이터', 'allseadata', '발라스트탱크', '사용율""', '선박별', '화물탱크']",산업/기술,해양/수산,선박,"['""올시데이터', 'allseadata', '발라스트탱크', '사용율""', '선박별', '화물탱크']",977846,17815,977846.0
bigdata-sea,page_001090.html,-,벌커선 선종별 화물/발라스트 탱크 사용률,벌커선 선종별 화물/발라스트 탱크 사용률,0,SHIP_KIND|SHIP_CNT|DPTR_HMS|ARVL_HMS|NVGTN_TM|PRT_NCHRG_TM|BLLAT_HOUR|FRGHT_CNVNC_TM|NNVGTN_TM,True,2025-07-15,ARVL_HMS-BLLAT_HOUR-DPTR_HMS-FRGHT_CNVNC_TM-NNVGTN_TM-NVGTN_TM-PRT_NCHRG_TM-SHIP_CNT-SHIP_KIND,올시데이터,해운물류,"CSV, JSON, XML","['""올시데이터', 'allseadata', '발라스트탱크', '사용율""', '선종', '화물탱크']",산업/기술,해양/수산,선박,"['""올시데이터', 'allseadata', '발라스트탱크', '사용율""', '선종', '화물탱크']",3717,51,3717.0
bigdata-sea,page_001091.html,-,벌커선 항로별 선박활용율,벌커선 항로별 선박활용율,0,DPTR_CN_NM|ARVL_CN_NM|DPRT_PRT_CD|ARRV_PRT_CD|DPTR_PRT_NM|ARVL_PRT_NM|SHIP_CNT|DPTR_HMS|ARVL_HMS|PRCUSE_RT|NVGTN_TM|PRT_NCHRG_TM|BLLAT_HOUR|FRGHT_CNVNC_TM|NNVGTN_TM,True,2025-07-15,ARRV_PRT_CD-ARVL_CN_NM-ARVL_HMS-ARVL_PRT_NM-BLLAT_HOUR-DPRT_PRT_CD-DPTR_CN_NM-DPTR_HMS-DPTR_PRT_NM-FRGHT_CNVNC_TM-NNVGTN_TM-NVGTN_TM-PRCUSE_RT-PRT_NCHRG_TM-SHIP_CNT,올시데이터,해운물류,"CSV, JSON, XML","['""올시데이터', 'allseadata', '발라스트탱크', '사용율""', '항로별', '화물탱크']",소비/유통,상품,물류,"['""올시데이터', 'allseadata', '발라스트탱크', '사용율""', '항로별', '화물탱크']",6913518,103016,6913518.0
bigdata-sea,page_001092.html,-,벌커선 선박별 활용률,벌커선 선박별 활용률,0,MMSI|IMO_IDNTF_NO|SHIP_NM|SHIP_KIND|SHIP_WDTH|SHIP_LNTH|SHIP_HGHT|SHIP_OWNER_NM|DRAFT|SHPYRD_NM|BULD_YR|DDWGHT|DPTR_HMS|ARVL_HMS|DPTRP_LA|DPTRP_LO|DTNT_LA|DTNT_LO|PRCUSE_RT|NVGTN_TM|PRT_NCHRG_TM|BLLAT_HOUR|FRGHT_CNVNC_TM|NNVGTN_TM,True,2025-07-15,ARVL_HMS-BLLAT_HOUR-BULD_YR-DDWGHT-DPTRP_LA-DPTRP_LO-DPTR_HMS-DRAFT-DTNT_LA-DTNT_LO-FRGHT_CNVNC_TM-IMO_IDNTF_NO-MMSI-NNVGTN_TM-NVGTN_TM-PRCUSE_RT-PRT_NCHRG_TM-SHIP_HGHT-SHIP_KIND-SHIP_LNTH-SHIP_NM-SHIP_OWNER_NM-SHIP_WDTH-SHPYRD_NM,올시데이터,해운물류,"CSV, JSON, XML","['""올시데이터', 'allseadata', '선박별', '활용율""']",산업/기술,해양/수산,선박,"['""올시데이터', 'allseadata', '선박별', '활용율""']",865017,17815,865017.0
bigdata-sea,page_001093.html,-,벌커선 선종별 활용률,벌커선 선종별 활용률,0,SHIP_KIND|SHIP_CNT|DPTR_HMS|ARVL_HMS|PRCUSE_RT|NVGTN_TM|PRT_NCHRG_TM|BLLAT_HOUR|FRGHT_CNVNC_TM|NNVGTN_TM,True,2025-07-15,ARVL_HMS-BLLAT_HOUR-DPTR_HMS-FRGHT_CNVNC_TM-NNVGTN_TM-NVGTN_TM-PRCUSE_RT-PRT_NCHRG_TM-SHIP_CNT-SHIP_KIND,올시데이터,해운물류,"CSV, JSON, XML","['""올시데이터', 'allseadata', '선종', '활용율""']",산업/기술,해양/수산,선박,"['""올시데이터', 'allseadata', '선종', '활용율""']",3768,51,3768.0
bigdata-sea,page_001094.html,-,벌커선 선주사 선대별 활용률,벌커선 선주사 선대별 활용률,0,SHIP_OWNER_NM|SHIP_CNT|DPTR_HMS|ARVL_HMS|PRCUSE_RT|NVGTN_TM|PRT_NCHRG_TM|BLLAT_HOUR|FRGHT_CNVNC_TM|NNVGTN_TM,True,2025-07-15,ARVL_HMS-BLLAT_HOUR-DPTR_HMS-FRGHT_CNVNC_TM-NNVGTN_TM-NVGTN_TM-PRCUSE_RT-PRT_NCHRG_TM-SHIP_CNT-SHIP_OWNER_NM,올시데이터,해운물류,"CSV, JSON, XML","['""올시데이터', 'allseadata', '선대별', '선주', '활용률""']",산업/기술,해양/수산,선박,"['""올시데이터', 'allseadata', '선대별', '선주', '활용률""']",113089,1613,113089.0
bigdata-sea,page_001095.html,-,벌커선 조선소별 인도선박 성능,벌커선 조선소별 인도선박 성능,0,SHPYRD_NM|SHIP_CNT|DPTR_HMS|ARVL_HMS|PRFMC|FUEL_CNSMP_QTY|NVGTN_DIST,True,2025-07-15,ARVL_HMS-DPTR_HMS-FUEL_CNSMP_QTY-NVGTN_DIST-PRFMC-SHIP_CNT-SHPYRD_NM,올시데이터,해운물류,"CSV, JSON, XML","['""올시데이터', 'allseadata', '성능""', '인도선박', '조선소별']",산업/기술,해양/수산,선박,"['""올시데이터', 'allseadata', '성능""', '인도선박', '조선소별']",22386,281,22386.0
bigdata-sea,page_001096.html,-,벌커선 선박별 성능,벌커선 선박별 성능,0,MMSI|IMO_IDNTF_NO|SHIP_NM|SHIP_KIND|SHIP_WDTH|SHIP_LNTH|SHIP_HGHT|SHIP_OWNER_NM|DRAFT|SHPYRD_NM|BULD_YR|DDWGHT|DPTR_HMS|ARVL_HMS|DPTRP_LA|DPTRP_LO|DTNT_LA|DTNT_LO|PRFMC|FUEL_CNSMP_QTY|NVGTN_DIST,True,2025-07-15,ARVL_HMS-BULD_YR-DDWGHT-DPTRP_LA-DPTRP_LO-DPTR_HMS-DRAFT-DTNT_LA-DTNT_LO-FUEL_CNSMP_QTY-IMO_IDNTF_NO-MMSI-NVGTN_DIST-PRFMC-SHIP_HGHT-SHIP_KIND-SHIP_LNTH-SHIP_NM-SHIP_OWNER_NM-SHIP_WDTH-SHPYRD_NM,올시데이터,해운물류,"CSV, JSON, XML","['""올시데이터', 'allseadata', '선박별', '성능""']",산업/기술,해양/수산,선박,"['""올시데이터', 'allseadata', '선박별', '성능""']",853683,15428,853683.0
bigdata-sea,page_001097.html,-,벌커선 선주사 선대별 선박 성능,벌커선 선주사 선대별 선박 성능,0,SHIP_OWNER_NM|SHIP_CNT|DPTR_HMS|ARVL_HMS|PRFMC|FUEL_CNSMP_QTY|NVGTN_DIST,True,2025-07-15,ARVL_HMS-DPTR_HMS-FUEL_CNSMP_QTY-NVGTN_DIST-PRFMC-SHIP_CNT-SHIP_OWNER_NM,올시데이터,해운물류,"CSV, JSON, XML","['""올시데이터', 'allseadata', '선대별', '선박', '선주', '성능""']",산업/기술,해양/수산,선박,"['""올시데이터', 'allseadata', '선대별', '선박', '선주', '성능""']",105343,1326,105343.0
bigdata-sea,page_001098.html,-,벌커선 항로별  co2발생량,벌커선 항로별  co2발생량,0,DPTR_CN_NM|ARVL_CN_NM|DPRT_PRT_CD|ARRV_PRT_CD|DPTR_PRT_NM|ARVL_PRT_NM|SHIP_CNT|DPTR_HMS|ARVL_HMS|CDBX,True,2025-07-15,ARRV_PRT_CD-ARVL_CN_NM-ARVL_HMS-ARVL_PRT_NM-CDBX-DPRT_PRT_CD-DPTR_CN_NM-DPTR_HMS-DPTR_PRT_NM-SHIP_CNT,올시데이터,해운물류,"CSV, JSON, XML","['""올시데이터', 'allseadata', 'co2', '이산화탄소""', '항로별']",소비/유통,상품,물류,"['""올시데이터', 'allseadata', 'co2', '이산화탄소""', '항로별']",1632628,30934,1632628.0
bigdata-sea,page_001099.html,-,벌커선 선주사 선대별 co2발생량 순위,벌커선 선주사 선대별 co2발생량 순위,0,RANK|SHIP_OWNER_NM|SHIP_CNT|DPTR_HMS|ARVL_HMS|CDBX,True,2025-07-15,ARVL_HMS-CDBX-DPTR_HMS-RANK-SHIP_CNT-SHIP_OWNER_NM,올시데이터,해운물류,"CSV, JSON, XML","['""올시데이터', 'allseadata', 'co2', '선대별', '선주', '순위""', '이산화탄소']",소비/유통,상품,물류,"['""올시데이터', 'allseadata', 'co2', '선대별', '선주', '순위""', '이산화탄소']",86927,1326,86927.0
bigdata-sea,page_001100.html,-,벌커선 항로별  nox발생량,벌커선 항로별  nox발생량,0,DPTR_CN_NM|ARVL_CN_NM|DPRT_PRT_CD|ARRV_PRT_CD|DPTR_PRT_NM|ARVL_PRT_NM|SHIP_CNT|DPTR_HMS|ARVL_HMS|NOX,True,2025-07-15,ARRV_PRT_CD-ARVL_CN_NM-ARVL_HMS-ARVL_PRT_NM-DPRT_PRT_CD-DPTR_CN_NM-DPTR_HMS-DPTR_PRT_NM-NOX-SHIP_CNT,올시데이터,해운물류,"CSV, JSON, XML","['""올시데이터', 'allseadata', 'nox', '질소산화물""', '항로별']",산업/기술,해양/수산,해양,"['""올시데이터', 'allseadata', 'nox', '질소산화물""', '항로별']",1422964,30934,1422964.0
bigdata-sea,page_001101.html,-,벌커선 선주사 선대별 nox발생량 순위,벌커선 선주사 선대별 nox발생량 순위,0,RANK|SHIP_OWNER_NM|SHIP_CNT|DPTR_HMS|ARVL_HMS|NOX,True,2025-07-15,ARVL_HMS-DPTR_HMS-NOX-RANK-SHIP_CNT-SHIP_OWNER_NM,올시데이터,해운물류,"CSV, JSON, XML","['""올시데이터', 'allseadata', 'cnox', '선대별', '선주', '순위""', '질소산화물']",산업/기술,해양/수산,선박,"['""올시데이터', 'allseadata', 'cnox', '선대별', '선주', '순위""', '질소산화물']",86779,1326,86779.0
bigdata-sea,page_001102.html,-,벌커선 선주사 선대별 활용률 순위,벌커선 선주사 선대별 활용률 순위,0,RANK|SHIP_OWNER_NM|SHIP_CNT|DPTR_HMS|ARVL_HMS|PRCUSE_RT|NVGTN_TM|PRT_NCHRG_TM|BLLAT_HOUR|FRGHT_CNVNC_TM|NNVGTN_TM,True,2025-07-15,ARVL_HMS-BLLAT_HOUR-DPTR_HMS-FRGHT_CNVNC_TM-NNVGTN_TM-NVGTN_TM-PRCUSE_RT-PRT_NCHRG_TM-RANK-SHIP_CNT-SHIP_OWNER_NM,올시데이터,해운물류,"CSV, JSON, XML","['""올시데이터', 'allseadata', '선대별', '선주', '순위""', '활용률']",소비/유통,상품,물류,"['""올시데이터', 'allseadata', '선대별', '선주', '순위""', '활용률']",112372,1613,112372.0
bigdata-sea,page_001103.html,-,벌커선 조선소별 인도선박 성능 순위,벌커선 조선소별 인도선박 성능 순위,0,RANK|SHPYRD_NM|SHIP_CNT|DPTR_HMS|ARVL_HMS|PRFMC|FUEL_CNSMP_QTY|NVGTN_DIST,True,2025-07-15,ARVL_HMS-DPTR_HMS-FUEL_CNSMP_QTY-NVGTN_DIST-PRFMC-RANK-SHIP_CNT-SHPYRD_NM,올시데이터,해운물류,"CSV, JSON, XML","['""올시데이터', 'allseadata', '성능', '순위""', '인도선박', '조선소별']",산업/기술,해양/수산,선박,"['""올시데이터', 'allseadata', '성능', '순위""', '인도선박', '조선소별']",20732,281,20732.0
bigdata-sea,page_001104.html,-,벌커선 항로별 Co2 Nox 발생량 데이터 셋,항로별 Co2 Nox 발생량 데이터 셋,0,YMD|MMSI|IMO_IDNTF_NO|LA|LO|VE|SH_DRCN|DRAFT|NVGTN_DIST|WAVE_HGHT|WAVE_CYCL|WNDRC_U|WNDRC_V|ADDTI_RSTC|TOT_RSTC|RL_POWER|FUEL_CNSMP_QTY|CDBX|NOX|SOX|MTHN|SHIP_NRG_EFFCN_NVGTN_IDX,True,2025-07-15,ADDTI_RSTC-CDBX-DRAFT-FUEL_CNSMP_QTY-IMO_IDNTF_NO-LA-LO-MMSI-MTHN-NOX-NVGTN_DIST-RL_POWER-SHIP_NRG_EFFCN_NVGTN_IDX-SH_DRCN-SOX-TOT_RSTC-VE-WAVE_CYCL-WAVE_HGHT-WNDRC_U-WNDRC_V-YMD,올시데이터,해양환경,"CSV, JSON, XML","['allseadata', 'ch4', 'co2', 'nox', 'sox', '메탄', '메테인', '선박오염', '올시데이터', '이산화탄소', '질소산화물', '항로정보', '황산화물']",산업/기술,해양/수산,선박,"['allseadata', 'ch4', 'co2', 'nox', 'sox', '메탄', '메테인', '선박오염', '올시데이터', '이산화탄소', '질소산화물', '항로정보', '황산화물']",1062854991,16185609,1062854991.0
bigdata-sea,page_001150.html,-,벌커선 파도높이에 따른 평균/최대 속도 데이터,벌커선 파도높이에 따른 평균/최대 속도 데이터,0,SHIP_CNT|DPTR_HMS|ARVL_HMS|WAVE_AVE_VE_1M|WAVE_AVE_VE_2M|WAVE_AVE_VE_3M|WAVE_AVE_VE_4M|WAVE_AVE_VE_5M|WAVE_AVE_VE_6M|WAVE_AVE_VE_7M|WAVE_AVE_VE_8M|WAVE_AVE_VE_9M|WAVE_AVE_VE_10M_ABOVE|WAVE_MAX_VE_1M|WAVE_MAX_VE_2M|WAVE_MAX_VE_3M|WAVE_MAX_VE_4M|WAVE_MAX_VE_5M|WAVE_MAX_VE_6M|WAVE_MAX_VE_7M|WAVE_MAX_VE_8M|WAVE_MAX_VE_9M|WAVE_MAX_VE_10M_ABOVE,True,2025-07-15,ARVL_HMS-DPTR_HMS-SHIP_CNT-WAVE_AVE_VE_10M_ABOVE-WAVE_AVE_VE_1M-WAVE_AVE_VE_2M-WAVE_AVE_VE_3M-WAVE_AVE_VE_4M-WAVE_AVE_VE_5M-WAVE_AVE_VE_6M-WAVE_AVE_VE_7M-WAVE_AVE_VE_8M-WAVE_AVE_VE_9M-WAVE_MAX_VE_10M_ABOVE-WAVE_MAX_VE_1M-WAVE_MAX_VE_2M-WAVE_MAX_VE_3M-WAVE_MAX_VE_4M-WAVE_MAX_VE_5M-WAVE_MAX_VE_6M-WAVE_MAX_VE_7M-WAVE_MAX_VE_8M-WAVE_MAX_VE_9M,올시데이터,해운물류,"CSV, JSON, XML","['allseadata', '올시데이터', '최대속도', '파도높이', '평균속도']",산업/기술,해양/수산,선박,"['allseadata', '올시데이터', '최대속도', '파도높이', '평균속도']",140,2,140.0
bigdata-sea,page_001151.html,-,"조피볼락 양식 환경, 활동 데이터","조피볼락 양식 환경, 활동 데이터",100000,SN|YMD|TM|SOF|SCNM|FRM_AREA|ARCD|CSTRN_NO|WT|TM_PARTY_INP_WT_QTY|TM_PARTY_FILT_WT_QTY|WTPR|DO_QTY|SLN|HDRG_ION_CTRN|NH3_CTRN|NTDX_CTRN|COD_QTY|FEED_KIND|FDNG_QTY|FDNG_CNT|TOT_NOANM_CNT|DENS|PPLTN_DSTNT_AVE_WT|PPLTN_DSTNT_AVE_MGNT|PRDL_YMD|BRD_DCNT|NOW_WL|NOW_WT|ACST_DENS|ACST_VIDO_INFO_FILE_NM|ACST_VIDO_FILE_MGNT|ACST_VIDO_RSOLTN|ACST_IMG_INFO_FILE_NM|ACST_IMG_FILE_MGNT|ACST_IMG_RSOLTN,True,2025-07-15,ACST_DENS-ACST_IMG_FILE_MGNT-ACST_IMG_INFO_FILE_NM-ACST_IMG_RSOLTN-ACST_VIDO_FILE_MGNT-ACST_VIDO_INFO_FILE_NM-ACST_VIDO_RSOLTN-ARCD-BRD_DCNT-COD_QTY-CSTRN_NO-DENS-DO_QTY-FDNG_CNT-FDNG_QTY-FEED_KIND-FRM_AREA-HDRG_ION_CTRN-NH3_CTRN-NOW_WL-NOW_WT-NTDX_CTRN-PPLTN_DSTNT_AVE_MGNT-PPLTN_DSTNT_AVE_WT-PRDL_YMD-SCNM-SLN-SN-SOF-TM-TM_PARTY_FILT_WT_QTY-TM_PARTY_INP_WT_QTY-TOT_NOANM_CNT-WT-WTPR-YMD,목포대학교산학협력단,해양환경,"CSV, JSON, XML","['양식', '양식환경', '조피볼락', '환경', '활동']",산업/기술,해양/수산,양식,"['양식', '양식환경', '조피볼락', '환경', '활동']",432495,6865,432495.0
bigdata-sea,page_001152.html,-,수산물 산지위판장 데이터,"전국 수산물 산지위판장 지역, 조합, 위판장, 주소, 주요 어종 데이터",0,SN|AREA_NM|MXTR_NM|WRKNG_AREA|DETL_ADDR|MAIN_SOF_1|MAIN_SOF_2|MAIN_SOF_3,True,2025-07-15,AREA_NM-DETL_ADDR-MAIN_SOF_1-MAIN_SOF_2-MAIN_SOF_3-MXTR_NM-SN-WRKNG_AREA,에이치더블유,해양수산,"CSV, JSON, XML","['수산물', '위치', '위판장', '유통', '주소', '지도', '지역']",산업/기술,해양/수산,어업,"['수산물', '위치', '위판장', '유통', '주소', '지도', '지역']",9357,210,9357.0
bigdata-sea,page_001153.html,-,선박 선체부 기자재의 제품 이미지,"선체부의 금속제품, 화학제품, 용접제품, 주단강품에 속하는 제품 이미지",0,EQPMN_NM|IMG_MOD|IMG_SIZE|IMG_SIZE_FMT|IMG_STR_COURS|IMGSRCH_URL|SRC|IMG_COLCT_YMD|LCLS|MCLS|SCLS,True,2025-07-15,EQPMN_NM-IMGSRCH_URL-IMG_COLCT_YMD-IMG_MOD-IMG_SIZE-IMG_SIZE_FMT-IMG_STR_COURS-LCLS-MCLS-SCLS-SRC,한국해양대학교 산학협력단,해운물류,"CSV, JSON, XML","['Marine', 'Maritime', 'Ship', 'Vessel', '금속제품', '선박', '선체부', '용접제품', '제품명', '제품이미지', '조선', '주단강품', '해사', '해양', '화학제품']",산업/기술,해양/수산,선박,"['Marine', 'Maritime', 'Ship', 'Vessel', '금속제품', '선박', '선체부', '용접제품', '제품명', '제품이미지', '조선', '주단강품', '해사', '해양', '화학제품']",440055,1905,440055.0
bigdata-sea,page_001154.html,-,선박 기관부 기자재의 제품 이미지,"기관부의 추진기계, 보조기계에 속하는 제품 이미지",0,EQPMN_NM|IMG_MOD|IMG_SIZE|IMG_SIZE_FMT|IMG_STR_COURS|IMGSRCH_URL|SRC|IMG_COLCT_YMD|LCLS|MCLS|SCLS,True,2025-07-15,EQPMN_NM-IMGSRCH_URL-IMG_COLCT_YMD-IMG_MOD-IMG_SIZE-IMG_SIZE_FMT-IMG_STR_COURS-LCLS-MCLS-SCLS-SRC,한국해양대학교 산학협력단,해운물류,"CSV, JSON, XML","['Marine', 'Maritime', 'Ship', 'Vessel', '기관부', '보조기계', '선박', '제품명', '제품이미지', '조선', '추진기계', '해사', '해양']",산업/기술,해양/수산,해양,"['Marine', 'Maritime', 'Ship', 'Vessel', '기관부', '보조기계', '선박', '제품명', '제품이미지', '조선', '추진기계', '해사', '해양']",349735,1695,349735.0
bigdata-sea,page_001155.html,-,선박 의장부 기자재의 제품 이미지,"의장부의 조타장치, 항해기기, 계선장치, 하역장치, 어로장치, 안전설비, 조거설비, 배관설비에 속하는 제품 이미지",0,EQPMN_NM|IMG_MOD|IMG_SIZE|IMG_SIZE_FMT|IMG_STR_COURS|IMGSRCH_URL|SRC|IMG_COLCT_YMD|LCLS|MCLS|SCLS,True,2025-07-15,EQPMN_NM-IMGSRCH_URL-IMG_COLCT_YMD-IMG_MOD-IMG_SIZE-IMG_SIZE_FMT-IMG_STR_COURS-LCLS-MCLS-SCLS-SRC,한국해양대학교 산학협력단,해운물류,"CSV, JSON, XML","['Marine', 'Maritime', 'Ship', 'Vessel', '계선장치', '배관설비', '선박', '안전설비', '어로장치', '의장부', '제품명', '제품이미지', '조거설비', '조선', '조타장치', '하역장치', '항해기기', '해사', '해양']",산업/기술,해양/수산,해양,"['Marine', 'Maritime', 'Ship', 'Vessel', '계선장치', '배관설비', '선박', '안전설비', '어로장치', '의장부', '제품명', '제품이미지', '조거설비', '조선', '조타장치', '하역장치', '항해기기', '해사', '해양']",240931,1198,240931.0
bigdata-sea,page_001156.html,-,선박 전기 전자부 기자재의 제품 이미지,"전기전자부의 동력장치, 배선장치, 조명장치, 통신장치, 제어장치, 계기류에 속하는 제품 이미지",0,EQPMN_NM|IMG_MOD|IMG_SIZE|IMG_SIZE_FMT|IMG_STR_COURS|IMGSRCH_URL|SRC|IMG_COLCT_YMD|LCLS|MCLS|SCLS,True,2025-07-15,EQPMN_NM-IMGSRCH_URL-IMG_COLCT_YMD-IMG_MOD-IMG_SIZE-IMG_SIZE_FMT-IMG_STR_COURS-LCLS-MCLS-SCLS-SRC,한국해양대학교 산학협력단,해운물류,"CSV, JSON, XML","['Marine', 'Maritime', 'Ship', 'Vessel', '계기류', '동력장치', '배선장치', '선박', '전기전자부', '제어장치', '제품명', '제품이미지', '조명장치', '조선', '통신장치', '해사', '해양']",산업/기술,해양/수산,해양,"['Marine', 'Maritime', 'Ship', 'Vessel', '계기류', '동력장치', '배선장치', '선박', '전기전자부', '제어장치', '제품명', '제품이미지', '조명장치', '조선', '통신장치', '해사', '해양']",408649,2001,408649.0
bigdata-sea,page_001157.html,-,선체부 기자재 제품의 사양 및 가격정보 현황,"선체부의 금속제품, 화학제품, 용접제품, 주단강품에 속하는 제품의 사양 및 가격정보 현황",0,EQPMN_NM|PRDCT_AMT|PRDCT_PURC_URL|SRC|IMG_COLCT_YMD|PRDCT_CONT|LCLS|MCLS|SCLS,True,2025-07-15,EQPMN_NM-IMG_COLCT_YMD-LCLS-MCLS-PRDCT_AMT-PRDCT_CONT-PRDCT_PURC_URL-SCLS-SRC,한국해양대학교 산학협력단,해운물류,"CSV, JSON, XML","['Marine', 'Maritime', 'Ship', 'Vessel', '가격정보', '금속제품', '선박', '선체부', '용접제품', '제품사양', '조선', '주단강품', '해사', '해양', '화학제품']",산업/기술,해양/수산,선박,"['Marine', 'Maritime', 'Ship', 'Vessel', '가격정보', '금속제품', '선박', '선체부', '용접제품', '제품사양', '조선', '주단강품', '해사', '해양', '화학제품']",1261106,1881,1261106.0
bigdata-sea,page_001158.html,-,기관부 기자재 제품의 사양 및 가격정보 현황,"기관부의 추진기계, 보조기계에 속하는 제품의 사양 및 가격정보 현황",0,EQPMN_NM|PRDCT_AMT|PRDCT_PURC_URL|SRC|IMG_COLCT_YMD|PRDCT_CONT|LCLS|MCLS|SCLS,True,2025-07-15,EQPMN_NM-IMG_COLCT_YMD-LCLS-MCLS-PRDCT_AMT-PRDCT_CONT-PRDCT_PURC_URL-SCLS-SRC,한국해양대학교 산학협력단,해운물류,"CSV, JSON, XML","['Marine', 'Maritime', 'Ship', 'Vessel', '가격정보', '기관부', '보조기계', '선박', '제품사양', '조선', '추진기계', '해사', '해양']",산업/기술,해양/수산,해양,"['Marine', 'Maritime', 'Ship', 'Vessel', '가격정보', '기관부', '보조기계', '선박', '제품사양', '조선', '추진기계', '해사', '해양']",990434,1781,990434.0
bigdata-sea,page_001159.html,-,의장부 기자재 제품의 사양 및 가격정보 현황,"의장부의 조타장치, 항해기기, 계선장치, 하역장치, 어로장치, 안전설비, 조거설비, 배관설비에 속하는 제품의 사양 및 가격정보 현황",0,EQPMN_NM|PRDCT_AMT|PRDCT_PURC_URL|SRC|IMG_COLCT_YMD|PRDCT_CONT|LCLS|MCLS|SCLS,True,2025-07-15,EQPMN_NM-IMG_COLCT_YMD-LCLS-MCLS-PRDCT_AMT-PRDCT_CONT-PRDCT_PURC_URL-SCLS-SRC,한국해양대학교 산학협력단,해운물류,"CSV, JSON, XML","['Marine', 'Maritime', 'Ship', 'Vessel', '가격정보', '계선장치', '배관설비', '선박', '안전설비', '어로장치', '의장부', '제품사양', '조거설비', '조선', '조타장치', '하역장치', '항해기기', '해사', '해양']",산업/기술,해양/수산,어업,"['Marine', 'Maritime', 'Ship', 'Vessel', '가격정보', '계선장치', '배관설비', '선박', '안전설비', '어로장치', '의장부', '제품사양', '조거설비', '조선', '조타장치', '하역장치', '항해기기', '해사', '해양']",1199304,2573,1199304.0
bigdata-sea,page_001160.html,-,전기전자부 기자재 제품의 사양 및 가격정보 현황,"전기전자부의 동력장치, 배선장치, 조명장치, 통신장치, 제어장치, 계기류에 속하는 제품의 사양 및 가격정보 현황",0,EQPMN_NM|PRDCT_AMT|PRDCT_PURC_URL|SRC|IMG_COLCT_YMD|PRDCT_CONT|LCLS|MCLS|SCLS,True,2025-07-15,EQPMN_NM-IMG_COLCT_YMD-LCLS-MCLS-PRDCT_AMT-PRDCT_CONT-PRDCT_PURC_URL-SCLS-SRC,한국해양대학교 산학협력단,해운물류,"CSV, JSON, XML","['Marine', 'Maritime전기전자부', 'Ship', 'Vessel', '가격정보', '계기류', '동력장치', '배선장치', '선박', '제어장치', '제품사양', '조명장치', '조선', '통신장치', '해사', '해양']",산업/기술,해양/수산,해양,"['Marine', 'Maritime전기전자부', 'Ship', 'Vessel', '가격정보', '계기류', '동력장치', '배선장치', '선박', '제어장치', '제품사양', '조명장치', '조선', '통신장치', '해사', '해양']",1483719,2403,1483719.0
bigdata-sea,page_001161.html,-,울산권 양식장 위성 정보,울산권 해상구역의 양식장 위성영상,0,LO|LA|RSOLTN_X|RSOLTN_Y|IMG_COLCT_YMD|STLIMG_BND|TIF_FILE_NM|TFW_FILE_NM|FILE_STR_COURS,True,2025-07-15,FILE_STR_COURS-IMG_COLCT_YMD-LA-LO-RSOLTN_X-RSOLTN_Y-STLIMG_BND-TFW_FILE_NM-TIF_FILE_NM,한국해양대학교 산학협력단,해사안전,"CSV, JSON, XML","['Marine', 'Maritime', 'Ship', 'Vessel', '경제운항', '선박', '안전운항', '양식장', '양식장경계', '위성영상', '조선', '해사', '해양']",산업/기술,해양/수산,양식,"['Marine', 'Maritime', 'Ship', 'Vessel', '경제운항', '선박', '안전운항', '양식장', '양식장경계', '위성영상', '조선', '해사', '해양']",378,6,378.0
bigdata-sea,page_001162.html,-,울산권 양식장 경계추출 데이터,울산권 해상구역의 양식장 경계 정보,0,LO|LA|IMG_COLCT_YMD|FRWDR_ENTRPRS_ADRES|FRM_AR|LCT_INDCT_FORM|JPG_FILE_NM|PRJ_FILE_NM|SHP_FILE_NM|SHX_FILE_NM|FILE_STR_COURS,True,2025-07-15,FILE_STR_COURS-FRM_AR-FRWDR_ENTRPRS_ADRES-IMG_COLCT_YMD-JPG_FILE_NM-LA-LCT_INDCT_FORM-LO-PRJ_FILE_NM-SHP_FILE_NM-SHX_FILE_NM,한국해양대학교 산학협력단,해사안전,"CSV, JSON, XML","['Marine', 'Maritime', 'Ship', 'Vessel', '경제운항', '선박', '안전운항', '양식장', '양식장경계', '양식장메타데이터', '조선', '해사', '해양']",산업/기술,해양/수산,어업,"['Marine', 'Maritime', 'Ship', 'Vessel', '경제운항', '선박', '안전운항', '양식장', '양식장경계', '양식장메타데이터', '조선', '해사', '해양']",55181,725,55181.0
bigdata-sea,page_001163.html,-,울산권 양식장 메타 정보,울산권 해상구역의 양식장의 메타 데이터,0,LO|LA|IMG_COLCT_YMD|FRWDR_ENTRPRS_ADRES|FRM_AR|LCT_INDCT_FORM|IMG_FILE_NM|IMG_STR_COURS,True,2025-07-15,FRM_AR-FRWDR_ENTRPRS_ADRES-IMG_COLCT_YMD-IMG_FILE_NM-IMG_STR_COURS-LA-LCT_INDCT_FORM-LO,한국해양대학교 산학협력단,해사안전,"CSV, JSON, XML","['Marine', 'Maritime', 'Ship', 'Vessel', '경제운항', '선박', '안전운항', '양식장', '양식장경계', '양식장메타데이터', '조선', '해사', '해양']",산업/기술,해양/수산,어업,"['Marine', 'Maritime', 'Ship', 'Vessel', '경제운항', '선박', '안전운항', '양식장', '양식장경계', '양식장메타데이터', '조선', '해사', '해양']",54375,725,54375.0
bigdata-sea,page_001164.html,-,부산권 양식장 위성 정보,부산권 해상구역의 양식장 위성영상,0,LO|LA|RSOLTN_X|RSOLTN_Y|IMG_COLCT_YMD|STLIMG_BND|TIF_FILE_NM|TFW_FILE_NM|FILE_STR_COURS,True,2025-07-15,FILE_STR_COURS-IMG_COLCT_YMD-LA-LO-RSOLTN_X-RSOLTN_Y-STLIMG_BND-TFW_FILE_NM-TIF_FILE_NM,한국해양대학교 산학협력단,해사안전,"CSV, JSON, XML","['Marine', 'Maritime', 'Ship', 'Vessel', '경제운항', '선박', '안전운항', '양식장', '양식장경계', '위성영상', '조선', '해사', '해양']",산업/기술,해양/수산,양식,"['Marine', 'Maritime', 'Ship', 'Vessel', '경제운항', '선박', '안전운항', '양식장', '양식장경계', '위성영상', '조선', '해사', '해양']",372,6,372.0
bigdata-sea,page_001165.html,-,부산권 양식장 경계추출 데이터,부산권 해상구역의 양식장 경계 정보,0,LO|LA|IMG_COLCT_YMD|FRWDR_ENTRPRS_ADRES|FRM_AR|LCT_INDCT_FORM|JPG_FILE_NM|PRJ_FILE_NM|SHP_FILE_NM|SHX_FILE_NM|FILE_STR_COURS,True,2025-07-15,FILE_STR_COURS-FRM_AR-FRWDR_ENTRPRS_ADRES-IMG_COLCT_YMD-JPG_FILE_NM-LA-LCT_INDCT_FORM-LO-PRJ_FILE_NM-SHP_FILE_NM-SHX_FILE_NM,한국해양대학교 산학협력단,해사안전,"CSV, JSON, XML","['Marine', 'Maritime', 'Ship', 'Vessel', '경제운항', '선박', '안전운항', '양식장', '양식장경계', '양식장메타데이터', '조선', '해사', '해양']",산업/기술,해양/수산,양식,"['Marine', 'Maritime', 'Ship', 'Vessel', '경제운항', '선박', '안전운항', '양식장', '양식장경계', '양식장메타데이터', '조선', '해사', '해양']",259088,3604,259088.0
bigdata-sea,page_001166.html,-,부산권 양식장 메타 정보,부산권 해상구역의 양식장의 메타 데이터,0,LO|LA|IMG_COLCT_YMD|FRWDR_ENTRPRS_ADRES|FRM_AR|LCT_INDCT_FORM|IMG_FILE_NM|IMG_STR_COURS,True,2025-07-15,FRM_AR-FRWDR_ENTRPRS_ADRES-IMG_COLCT_YMD-IMG_FILE_NM-IMG_STR_COURS-LA-LCT_INDCT_FORM-LO,한국해양대학교 산학협력단,해사안전,"CSV, JSON, XML","['Marine', 'Maritime', 'Ship', 'Vessel', '경제운항', '선박', '안전운항', '양식장', '양식장경계', '양식장메타데이터', '조선', '해사', '해양']",산업/기술,해양/수산,어업,"['Marine', 'Maritime', 'Ship', 'Vessel', '경제운항', '선박', '안전운항', '양식장', '양식장경계', '양식장메타데이터', '조선', '해사', '해양']",258287,3604,258287.0
bigdata-sea,page_001167.html,-,거제·창원권 양식장 위성 정보,거제창원권 해상구역의 양식장 위성 영상,0,LO|LA|RSOLTN_X|RSOLTN_Y|IMG_COLCT_YMD|STLIMG_BND|TIF_FILE_NM|TFW_FILE_NM|FILE_STR_COURS,True,2025-07-15,FILE_STR_COURS-IMG_COLCT_YMD-LA-LO-RSOLTN_X-RSOLTN_Y-STLIMG_BND-TFW_FILE_NM-TIF_FILE_NM,한국해양대학교 산학협력단,해사안전,"CSV, JSON, XML","['Marine', 'Maritime', 'Ship', 'Vessel', '경제운항', '선박', '안전운항', '양식장', '양식장경계', '위성영상', '조선', '해사', '해양']",산업/기술,해양/수산,어업,"['Marine', 'Maritime', 'Ship', 'Vessel', '경제운항', '선박', '안전운항', '양식장', '양식장경계', '위성영상', '조선', '해사', '해양']",378,6,378.0
bigdata-sea,page_001168.html,-,거제·창원권 양식장 경계 추출 데이터,거제창원권 해상구역의 양식장 경계 정보,0,LO|LA|IMG_COLCT_YMD|FRWDR_ENTRPRS_ADRES|FRM_AR|LCT_INDCT_FORM|JPG_FILE_NM|PRJ_FILE_NM|SHP_FILE_NM|SHX_FILE_NM|FILE_STR_COURS,True,2025-07-15,FILE_STR_COURS-FRM_AR-FRWDR_ENTRPRS_ADRES-IMG_COLCT_YMD-JPG_FILE_NM-LA-LCT_INDCT_FORM-LO-PRJ_FILE_NM-SHP_FILE_NM-SHX_FILE_NM,한국해양대학교 산학협력단,해사안전,"CSV, JSON, XML","['Marine', 'Maritime', 'Ship', 'Vessel', '경제운항', '선박', '안전운항', '양식장', '양식장경계', '양식장메타데이터', '조선', '해사', '해양']",산업/기술,해양/수산,양식,"['Marine', 'Maritime', 'Ship', 'Vessel', '경제운항', '선박', '안전운항', '양식장', '양식장경계', '양식장메타데이터', '조선', '해사', '해양']",417384,5833,417384.0
bigdata-sea,page_001169.html,-,거제·창원권 양식장 메타 정보,거제창원권 해상구역의 양식장의 메타 데이터,0,LO|LA|IMG_COLCT_YMD|FRWDR_ENTRPRS_ADRES|FRM_AR|LCT_INDCT_FORM|IMG_FILE_NM|IMG_STR_COURS,True,2025-07-15,FRM_AR-FRWDR_ENTRPRS_ADRES-IMG_COLCT_YMD-IMG_FILE_NM-IMG_STR_COURS-LA-LCT_INDCT_FORM-LO,한국해양대학교 산학협력단,해사안전,"CSV, JSON, XML","['Marine', 'Maritime', 'Ship', 'Vessel', '경제운항', '선박', '안전운항', '양식장', '양식장경계', '양식장메타데이터', '조선', '해사', '해양']",산업/기술,해양/수산,양식,"['Marine', 'Maritime', 'Ship', 'Vessel', '경제운항', '선박', '안전운항', '양식장', '양식장경계', '양식장메타데이터', '조선', '해사', '해양']",419328,5833,419328.0
bigdata-sea,page_001170.html,-,고성·통영권 양식장 위성 정보,고성통영권 해상구역의 양식장 위성영상,0,LO|LA|RSOLTN_X|RSOLTN_Y|IMG_COLCT_YMD|STLIMG_BND|TIF_FILE_NM|TFW_FILE_NM|FILE_STR_COURS,True,2025-07-15,FILE_STR_COURS-IMG_COLCT_YMD-LA-LO-RSOLTN_X-RSOLTN_Y-STLIMG_BND-TFW_FILE_NM-TIF_FILE_NM,한국해양대학교 산학협력단,해사안전,"CSV, JSON, XML","['Marine', 'Maritime', 'Ship', 'Vessel', '경제운항', '선박', '안전운항', '양식장', '양식장경계', '위성영상', '조선', '해사', '해양']",산업/기술,해양/수산,양식,"['Marine', 'Maritime', 'Ship', 'Vessel', '경제운항', '선박', '안전운항', '양식장', '양식장경계', '위성영상', '조선', '해사', '해양']",372,6,372.0
bigdata-sea,page_001171.html,-,고성·통영권 양식장 경계 추출 데이터,고성통영권 해상구역의 양식장 경계 정보,0,LO|LA|IMG_COLCT_YMD|FRWDR_ENTRPRS_ADRES|FRM_AR|LCT_INDCT_FORM|JPG_FILE_NM|PRJ_FILE_NM|SHP_FILE_NM|SHX_FILE_NM|FILE_STR_COURS,True,2025-07-15,FILE_STR_COURS-FRM_AR-FRWDR_ENTRPRS_ADRES-IMG_COLCT_YMD-JPG_FILE_NM-LA-LCT_INDCT_FORM-LO-PRJ_FILE_NM-SHP_FILE_NM-SHX_FILE_NM,한국해양대학교 산학협력단,해사안전,"CSV, JSON, XML","['Marine', 'Maritime', 'Ship', 'Vessel', '경제운항', '선박', '안전운항', '양식장', '양식장경계', '양식장메타데이터', '조선', '해사', '해양']",산업/기술,해양/수산,양식,"['Marine', 'Maritime', 'Ship', 'Vessel', '경제운항', '선박', '안전운항', '양식장', '양식장경계', '양식장메타데이터', '조선', '해사', '해양']",582148,8123,582148.0
bigdata-sea,page_001172.html,-,고성·통영권 양식장 메타 정보,고성통영권 해상구역의 양식장의 메타데이터,0,LO|LA|IMG_COLCT_YMD|FRWDR_ENTRPRS_ADRES|FRM_AR|LCT_INDCT_FORM|IMG_FILE_NM|IMG_STR_COURS,True,2025-07-15,FRM_AR-FRWDR_ENTRPRS_ADRES-IMG_COLCT_YMD-IMG_FILE_NM-IMG_STR_COURS-LA-LCT_INDCT_FORM-LO,한국해양대학교 산학협력단,해사안전,"CSV, JSON, XML","['Marine', 'Maritime', 'Ship', 'Vessel', '경제운항', '선박', '안전운항', '양식장', '양식장경계', '양식장메타데이터', '조선', '해사', '해양']",산업/기술,해양/수산,양식,"['Marine', 'Maritime', 'Ship', 'Vessel', '경제운항', '선박', '안전운항', '양식장', '양식장경계', '양식장메타데이터', '조선', '해사', '해양']",577636,8123,577636.0
bigdata-sea,page_001173.html,-,남해·사천권 양식장 위성 정보,남해사천권 해상구역의 양식장 위성영상,0,LO|LA|RSOLTN_X|RSOLTN_Y|IMG_COLCT_YMD|STLIMG_BND|TIF_FILE_NM|TFW_FILE_NM|FILE_STR_COURS,True,2025-07-15,FILE_STR_COURS-IMG_COLCT_YMD-LA-LO-RSOLTN_X-RSOLTN_Y-STLIMG_BND-TFW_FILE_NM-TIF_FILE_NM,한국해양대학교 산학협력단,해사안전,"CSV, JSON, XML","['Marine', 'Maritime', 'Ship', 'Vessel', '경제운항', '선박', '안전운항', '양식장', '양식장경계', '위성영상', '조선', '해사', '해양']",산업/기술,해양/수산,양식,"['Marine', 'Maritime', 'Ship', 'Vessel', '경제운항', '선박', '안전운항', '양식장', '양식장경계', '위성영상', '조선', '해사', '해양']",378,6,378.0
bigdata-sea,page_001174.html,-,남해·사천권 양식장 경계 추출 데이터,남해사천권 해상구역의 양식장 경계 정보,0,LO|LA|IMG_COLCT_YMD|FRWDR_ENTRPRS_ADRES|FRM_AR|LCT_INDCT_FORM|JPG_FILE_NM|PRJ_FILE_NM|SHP_FILE_NM|SHX_FILE_NM|FILE_STR_COURS,True,2025-07-15,FILE_STR_COURS-FRM_AR-FRWDR_ENTRPRS_ADRES-IMG_COLCT_YMD-JPG_FILE_NM-LA-LCT_INDCT_FORM-LO-PRJ_FILE_NM-SHP_FILE_NM-SHX_FILE_NM,한국해양대학교 산학협력단,해사안전,"CSV, JSON, XML","['Marine', 'Maritime', 'Ship', 'Vessel', '경제운항', '선박', '안전운항', '양식장', '양식장경계', '양식장메타데이터', '조선', '해사', '해양']",산업/기술,해양/수산,양식,"['Marine', 'Maritime', 'Ship', 'Vessel', '경제운항', '선박', '안전운항', '양식장', '양식장경계', '양식장메타데이터', '조선', '해사', '해양']",67184,936,67184.0
bigdata-sea,page_001175.html,-,남해·사천권 양식장 메타 정보,남해사천권 해상구역의 양식장의 메타 데이터,0,LO|LA|IMG_COLCT_YMD|FRWDR_ENTRPRS_ADRES|FRM_AR|LCT_INDCT_FORM|IMG_FILE_NM|IMG_STR_COURS,True,2025-07-15,FRM_AR-FRWDR_ENTRPRS_ADRES-IMG_COLCT_YMD-IMG_FILE_NM-IMG_STR_COURS-LA-LCT_INDCT_FORM-LO,한국해양대학교 산학협력단,해사안전,"CSV, JSON, XML","['Marine', 'Maritime', 'Ship', 'Vessel', '경제운항', '선박', '안전운항', '양식장', '양식장경계', '양식장메타데이터', '조선', '해사', '해양']",산업/기술,해양/수산,양식,"['Marine', 'Maritime', 'Ship', 'Vessel', '경제운항', '선박', '안전운항', '양식장', '양식장경계', '양식장메타데이터', '조선', '해사', '해양']",66976,936,66976.0
bigdata-sea,page_001176.html,-,글로벌 강수량 정보,세계 강수 정보,500000,DATA_INP_TM|LA|LO|VL,True,2025-07-15,DATA_INP_TM-LA-LO-VL,랩오투원,해양환경,"CSV, JSON, XML","['선박', '운항', '위치', '항해', '해상기상']",산업/기술,해양/수산,해양,"['선박', '운항', '위치', '항해', '해상기상']",7955950488,197799874,7955950488.0
bigdata-sea,page_001177.html,-,글로벌 이슬점 정보,세계 이슬점 정보,500000,DATA_INP_TM|LA|LO|VL,True,2025-07-15,DATA_INP_TM-LA-LO-VL,랩오투원,해양환경,"CSV, JSON, XML","['선박', '운항', '위치', '항해', '해상기상']",산업/기술,해양/수산,해양,"['선박', '운항', '위치', '항해', '해상기상']",0,0,0.0
bigdata-sea,page_001178.html,-,글로벌 온도 정보,세계 온도 정보,500000,DATA_INP_TM|LA|LO|VL,True,2025-07-15,DATA_INP_TM-LA-LO-VL,랩오투원,해양환경,"CSV, JSON, XML","['선박', '운항', '위치', '항해', '해상기상']",산업/기술,해양/수산,해양,"['선박', '운항', '위치', '항해', '해상기상']",0,0,0.0
bigdata-sea,page_001179.html,-,전구 기압 정보,세계 기압 정보,500000,,True,2025-07-15,,랩오투원,해양환경,"CSV, JSON, XML","['선박', '운항', '위치', '항해', '해상기상']",산업/기술,해양/수산,해양,"['선박', '운항', '위치', '항해', '해상기상']",0,0,0.0
bigdata-sea,page_001180.html,-,한반도 주변 해무분포에 따른 해양기상학적 요소별 데이터셋,해무와 비해무 해역에 대한 해양기상학적 정보,300000,LO|LA|SF_OCRN_FQ|SRFCLYR_WTPR|CAPE_INTBTY_NDX|KI_INTBTY_NDX|LI_INTBTY_NDX|SSI_INTBTY_NDX|TT_INTBTY_NDX|WNDRC|WDSP|GRUND_HMDT|HPA_850_HMDT|HPA_500_HMDT|GRUND_TPRT|HPA_850_TPRT|HPA_500_TPRT|THCS_WTVP_QTY,True,2025-07-15,CAPE_INTBTY_NDX-GRUND_HMDT-GRUND_TPRT-HPA_500_HMDT-HPA_500_TPRT-HPA_850_HMDT-HPA_850_TPRT-KI_INTBTY_NDX-LA-LI_INTBTY_NDX-LO-SF_OCRN_FQ-SRFCLYR_WTPR-SSI_INTBTY_NDX-THCS_WTVP_QTY-TT_INTBTY_NDX-WDSP-WNDRC,전략해양,해사안전,"CSV, JSON, XML","['불안정도', '표층수온', '풍속', '풍향', '해무']",산업/기술,해양/수산,해양,"['불안정도', '표층수온', '풍속', '풍향', '해무']",100700337,4138370,100700337.0
bigdata-sea,page_001181.html,-,한반도 주변 해양의 월간 해무 발생 빈도 데이터셋,해무 발생 빈도를 월간마다 격자별로 집계한 정보,200000,LO|LA|SF,True,2025-07-15,LA-LO-SF,전략해양,해사안전,"CSV, JSON, XML","['해무', '해무발생건수', '해무빈도', '해사안전']",산업/기술,해양/수산,해양,"['해무', '해무발생건수', '해무빈도', '해사안전']",1579413,83616,1579413.0
bigdata-sea,page_001182.html,-,한반도 주변 해양의 월평균 해류정보 데이터셋,한반도 주변의 표층해류 정보를 월평균 합성한 정보,200000,LO|LA|SOC_ESTRG_INGR|SOC_NTHRG_INGR,True,2025-07-15,LA-LO-SOC_ESTRG_INGR-SOC_NTHRG_INGR,전략해양,해양환경,"CSV, JSON, XML","['월평균해류', '표층해류', '해류', '해사안전']",산업/기술,해양/수산,해양,"['월평균해류', '표층해류', '해류', '해사안전']",2750037,83616,2750037.0
bigdata-sea,page_001183.html,-,"항로별 평균 유속, 파고, 풍속 데이터셋",여객선과 요트 항로의 항행안전을 위한 정보,500000,SR_NM|LO|LA|PFBS_WVHT|FLWRT|CRRNT_SPD_U|CRRNT_SPD_V|WDSP|WNDRC_U|WNDRC_V,True,2025-07-15,CRRNT_SPD_U-CRRNT_SPD_V-FLWRT-LA-LO-PFBS_WVHT-SR_NM-WDSP-WNDRC_U-WNDRC_V,전략해양,해사안전,"CSV, JSON, XML","['평균유속', '평균파고', '평균풍속', '항로안전', '항행안전']",산업/기술,해양/수산,해양,"['평균유속', '평균파고', '평균풍속', '항로안전', '항행안전']",142789037,4213447,142789037.0
bigdata-sea,page_001228.html,-,차량턴어라운드타임 분석정보,차량턴어라운드타임 분석정보,15000000,SN|TRMNL_ID|SHIP_NM|SC_CD|EXPECT_BRTH_TM|EXPECT_DPTR_TM|IMP_TOT_QNTT|UNLD_TOT_QNTT|INTRN_TOT_TN|VHCLE_NO|VHCLE_ENT_TM|VHCLE_ADVNCMNT_TM|PRCPT_QTY|WDSP|VHCLE_CMG_TOT_LDTM|RESTDY_SCTN|TIZN|TRMNL_ACCMLT_TRVL_QTY|RGSTN_MAN|RGST_DT,True,2025-07-15,EXPECT_BRTH_TM-EXPECT_DPTR_TM-IMP_TOT_QNTT-INTRN_TOT_TN-PRCPT_QTY-RESTDY_SCTN-RGSTN_MAN-RGST_DT-SC_CD-SHIP_NM-SN-TIZN-TRMNL_ACCMLT_TRVL_QTY-TRMNL_ID-UNLD_TOT_QNTT-VHCLE_ADVNCMNT_TM-VHCLE_CMG_TOT_LDTM-VHCLE_ENT_TM-VHCLE_NO-WDSP,해운항만물류정보협회,해운물류,"CSV, JSON, XML","['누적', '물동량', '물류', '분석', '소요시간', '정보', '차량', '출입', '터미널', '항만', '해운', '협회']",소비/유통,상품,물류,"['누적', '물동량', '물류', '분석', '소요시간', '정보', '차량', '출입', '터미널', '항만', '해운', '협회']",234889,2000,234889.0
bigdata-sea,page_001229.html,-,외부트럭 이동에 따른 터미널 혼잡도 분석정보,외부트럭 이동에 따른 터미널 혼잡도 분석정보,3000000,SN|TRMNL_ID|CURNT_TM|DGRCGST|RGSTN_MAN|RGST_DT,True,2025-07-15,CURNT_TM-DGRCGST-RGSTN_MAN-RGST_DT-SN-TRMNL_ID,해운항만물류정보협회,해운물류,"CSV, JSON, XML","['물류', '분석', '정보', '터미널', '항만', '해운', '협회', '혼잡도']",소비/유통,상품,물류,"['물류', '분석', '정보', '터미널', '항만', '해운', '협회', '혼잡도']",1337380,12158,1337380.0
bigdata-sea,page_001230.html,-,관광지 고도분석 정보,관광지의 고도분석 정보,0,ALTD_ANALS_DATA_ID|ALTD_ANALS_DATA_NM|ALTD_ANALS_DATA_FLPTH,True,2025-07-15,ALTD_ANALS_DATA_FLPTH-ALTD_ANALS_DATA_ID-ALTD_ANALS_DATA_NM,지오씨엔아이,해양환경,"CSV, JSON, XML","['DEM', '고도분석', '관광지', '위성영상', '해양환경']",공간/위치,관광,관광지,"['DEM', '고도분석', '관광지', '위성영상', '해양환경']",990,15,990.0
bigdata-sea,page_001231.html,-,위성기반해양 기상 정보 데이터,위성기반해양 기상 정보,0,WTNF_DATA_ID|WTNF_DATA_NM|WTNF_DATA_FLPTH,True,2025-07-15,WTNF_DATA_FLPTH-WTNF_DATA_ID-WTNF_DATA_NM,지오씨엔아이,해양환경,"CSV, JSON, XML","['관광지', '기상', '안전', '위성영상', '해양환경']",산업/기술,해양/수산,해양,"['관광지', '기상', '안전', '위성영상', '해양환경']",975,15,975.0
bigdata-sea,page_001232.html,-,유실어구 생태계 오염도,자망/통발 어구의 유실로 발생한 유령어업으로 인한 해구별 폐사율 예측,0,PRCTN_MRN_NO|BUOY_KND_NM|PRCTN_MTLTY_RT,True,2025-07-15,BUOY_KND_NM-PRCTN_MRN_NO-PRCTN_MTLTY_RT,광주과학기술원,해양환경,"CSV, JSON, XML","['어구', '어업', '유실', '폐사율예측', '해구별']",산업/기술,해양/수산,어업,"['어구', '어업', '유실', '폐사율예측', '해구별']",21,3,21.0
bigdata-sea,page_001233.html,-,선상집하장시설 상세정보,"폐어망,어구 보관하는 바다에 띄어진 바지형 선상집하장 시설정보",0,CLSF|MSRM_LCT_NM|YR,True,2025-07-15,CLSF-MSRM_LCT_NM-YR,광주과학기술원,해양환경,"CSV, JSON, XML","['바지형', '선상집하장', '어구', '폐어망']",산업/기술,해양/수산,어업,"['바지형', '선상집하장', '어구', '폐어망']",1222,40,1222.0
bigdata-sea,page_001234.html,-,선상집하장 운영정보,"바지형 선상집하장 운영상태정보(운영,점검,수겅중)",0,MRIN_GBP_CLSF|OPRTN_STTUS|MAX_LDG|YMD|CERTF_RCRD_YN,True,2025-07-15,CERTF_RCRD_YN-MAX_LDG-MRIN_GBP_CLSF-OPRTN_STTUS-YMD,광주과학기술원,해양환경,"CSV, JSON, XML","['광주과학기술원', '바지형', '선상집하장', '운영상태']",소비/유통,상품,물류,"['광주과학기술원', '바지형', '선상집하장', '운영상태']",507,39,507.0
bigdata-sea,page_001235.html,-,선상집하장 수거가능일,해상기상정보에 따른 선상집하장 수거가능일,0,MRIN_GBP_CLSF|WAVE_HGHT|WNDRC|WDSP|TKOTL_POSBL_MNTH|TKOTL_POSBL_DY,True,2025-07-15,MRIN_GBP_CLSF-TKOTL_POSBL_DY-TKOTL_POSBL_MNTH-WAVE_HGHT-WDSP-WNDRC,광주과학기술원,해양환경,"CSV, JSON, XML","['광주과학기술원', '선상집하장', '수거가능일', '해상기상']",소비/유통,상품,물류,"['광주과학기술원', '선상집하장', '수거가능일', '해상기상']",103455,5609,103455.0
bigdata-sea,page_001236.html,-,"폐어망,어구 집하장정보","선상집하장이외 중간,간이집하장 설치정보",0,CLSF|MSRM_LCT_NM|STRU|SCALE|RM,True,2025-07-15,CLSF-MSRM_LCT_NM-RM-SCALE-STRU,광주과학기술원,해양환경,"CSV, JSON, XML","['간이집하장', '어구', '집하장', '폐어망']",산업/기술,해양/수산,어업,"['간이집하장', '어구', '집하장', '폐어망']",543,15,543.0
bigdata-sea,page_001237.html,-,해양쓰레기 수거정보,"중앙, 지방자치단체, 어촌계, 어업단체 수행수거일 및 관련사업 정보",0,CLSF|BSNS_CLSF|DETL_BSNS_CLSF|FRM_AR|PRSMP_QTY,True,2025-07-15,BSNS_CLSF-CLSF-DETL_BSNS_CLSF-FRM_AR-PRSMP_QTY,광주과학기술원,해양환경,"CSV, JSON, XML","['수행수거일', '어업단체', '어촌계', '중앙자치단체', '지방자치단체', '해양쓰레기']",공공/행정,정책,공공데이터,"['수행수거일', '어업단체', '어촌계', '중앙자치단체', '지방자치단체', '해양쓰레기']",2209,59,2209.0
bigdata-sea,page_001238.html,-,정치망어업별 어장환경정보,어장정보의 정치망(국립해양조사원)어업과 \n실시간해양환경어장정보시스템(수산과학원)연계,0,OBSRR_NM|OBSV_DT|WTPR|SOF_NM|FSH_KIND,True,2025-07-15,FSH_KIND-OBSRR_NM-OBSV_DT-SOF_NM-WTPR,광주과학기술원,해양환경,"CSV, JSON, XML","['실시간', '어업', '정치망', '해양환경어장정보시스템']",산업/기술,해양/수산,어업,"['실시간', '어업', '정치망', '해양환경어장정보시스템']",33201,837,33201.0
bigdata-sea,page_001239.html,-,정치망어업별 집하장정보,정치망어업 위치정보와 선상 및 상집하장정보\n정치망어업 위치정보 : 국립해양조사원\n개방해>어업>어장정보>정치망어업,0,ADDR|FSH_KIND|FS_NO|FSH_MTHD|FSHRY_LCT|LO|LA,True,2025-07-15,ADDR-FSHRY_LCT-FSH_KIND-FSH_MTHD-FS_NO-LA-LO,광주과학기술원,해양환경,"CSV, JSON, XML","['국립해양조사원', '선상집하장', '위치정보', '정치망어업']",산업/기술,해양/수산,어업,"['국립해양조사원', '선상집하장', '위치정보', '정치망어업']",2172,56,2172.0
bigdata-sea,page_001240.html,-,양식어업별 육상집하장정보,양식어업 위지정보와 폐어구수집관리 집하장정보\n양식어업 위치정보 : 국립해양조사원\n개방해>어업>어장정보>양식장,0,ADDR|FSH_KIND|FS_NO|FSH_MTHD|FSHRY_LCT|LO|LA,True,2025-07-15,ADDR-FSHRY_LCT-FSH_KIND-FSH_MTHD-FS_NO-LA-LO,광주과학기술원,해양환경,"CSV, JSON, XML","['양식어업', '위치정보', '집하장정보', '폐어구수집관리']",산업/기술,해양/수산,어업,"['양식어업', '위치정보', '집하장정보', '폐어구수집관리']",4489,100,4489.0
bigdata-sea,page_001241.html,-,어장정보별 유실어구밀집 해구정보,"양식어업,마을어업,정치망어업 해역과 유실어구 밀집도 해구정보",0,FSH_KIND|FW_LCT|FS_NO|OFG_WSHT_AREA|OFG_WSHT_QTY,True,2025-07-15,FSH_KIND-FS_NO-FW_LCT-OFG_WSHT_AREA-OFG_WSHT_QTY,광주과학기술원,해양환경,"CSV, JSON, XML","['마을어업', '양식어업', '유실어구', '정치망어업']",산업/기술,해양/수산,어업,"['마을어업', '양식어업', '유실어구', '정치망어업']",8338,379,8338.0
bigdata-sea,page_001246.html,-,해상수출 물류가격 구간별 견적 통계 데이터,해상수출 물류가격 구간별 견적 통계 데이터,200000,ARVL_CN_NM|CTRT_YMD|COUNT|MEASUREMENT_SUM|CONTAINER20_SUM|CONTAINER40_SUM|FREIGHT_SUM|TOTAL_SUM|TOTAL_KRW_SUM|MEASUREMENT_AVG|CONTAINER20_AVG|CONTAINER40_AVG|RATE_AVG|FREIGHT_AVG|THC_AVG|WF_AVG|DFEE_AVG|TOTAL_AVG|TOTAL_KRW_AVG,True,2025-07-15,ARVL_CN_NM-CONTAINER20_AVG-CONTAINER20_SUM-CONTAINER40_AVG-CONTAINER40_SUM-COUNT-CTRT_YMD-DFEE_AVG-FREIGHT_AVG-FREIGHT_SUM-MEASUREMENT_AVG-MEASUREMENT_SUM-RATE_AVG-THC_AVG-TOTAL_AVG-TOTAL_KRW_AVG-TOTAL_KRW_SUM-TOTAL_SUM-WF_AVG,울산과학기술원,해운물류,"CSV, JSON, XML","['예상수출물류비용', '예상컨테이너비용', '울산과학기술원', '통계', '해상수출', '해상운임', '해상운임견적']",소비/유통,상품,물류,"['예상수출물류비용', '예상컨테이너비용', '울산과학기술원', '통계', '해상수출', '해상운임', '해상운임견적']",133943,3556,133943.0
bigdata-sea,page_001247.html,-,해상수출 물류가격 구간별 인보이스 통계 데이터,해상수출 물류가격 구간별 인보이스 통계 데이터,200000,ARVL_CN_NM|INVC_YMD|COUNT|MEASUREMENT_SUM|CONTAINER20_SUM|CONTAINER40_SUM|FREIGHT_SUM|TOTAL_SUM|TOTAL_KRW_SUM|MEASUREMENT_AVG|CONTAINER20_AVG|CONTAINER40_AVG|RATE_AVG|FREIGHT_AVG|THC_AVG|WF_AVG|DFEE_AVG|TOTAL_AVG|TOTAL_KRW_AVG,True,2025-07-15,ARVL_CN_NM-CONTAINER20_AVG-CONTAINER20_SUM-CONTAINER40_AVG-CONTAINER40_SUM-COUNT-DFEE_AVG-FREIGHT_AVG-FREIGHT_SUM-INVC_YMD-MEASUREMENT_AVG-MEASUREMENT_SUM-RATE_AVG-THC_AVG-TOTAL_AVG-TOTAL_KRW_AVG-TOTAL_KRW_SUM-TOTAL_SUM-WF_AVG,울산과학기술원,해운물류,"CSV, JSON, XML","['실제수출물류비용', '실제컨테이너비용', '통계', '해상수출', '해상운임', '해상운임청구']",소비/유통,상품,물류,"['실제수출물류비용', '실제컨테이너비용', '통계', '해상수출', '해상운임', '해상운임청구']",131083,4125,131083.0
bigdata-sea,page_001248.html,-,해상수출 물류가격 구간별 계약서 통계 데이터,해상수출 물류가격 구간별 계약서 통계,200000,ARVL_CN_NM|CTRT_YMD|COUNT|MEASUREMENT_SUM|CONTAINER20_SUM|CONTAINER40_SUM|FREIGHT_SUM|TOTAL_SUM|TOTAL_KRW_SUM|MEASUREMENT_AVG|CONTAINER20_AVG|CONTAINER40_AVG|RATE_AVG|FREIGHT_AVG|THC_AVG|WF_AVG|DFEE_AVG|TOTAL_AVG|TOTAL_KRW_AVG,True,2025-07-15,ARVL_CN_NM-CONTAINER20_AVG-CONTAINER20_SUM-CONTAINER40_AVG-CONTAINER40_SUM-COUNT-CTRT_YMD-DFEE_AVG-FREIGHT_AVG-FREIGHT_SUM-MEASUREMENT_AVG-MEASUREMENT_SUM-RATE_AVG-THC_AVG-TOTAL_AVG-TOTAL_KRW_AVG-TOTAL_KRW_SUM-TOTAL_SUM-WF_AVG,울산과학기술원,해운물류,"CSV, JSON, XML","['수출물류계약서', '컨테이너비용', '통계', '해상수출', '해상운임', '해상운임계약']",소비/유통,상품,물류,"['수출물류계약서', '컨테이너비용', '통계', '해상수출', '해상운임', '해상운임계약']",126831,3556,126831.0
bigdata-sea,page_001249.html,-,원유화물 품목별 물동량 통계 데이터,원유화물 품목별 물동량 통계 데이터,0,QLWTR_GRCD|YMD|COUNT|METRICTON_SUM|BBL_SUM|METRICTON_AVG|BBL_AVG|GRAVITY_AVG|API_AVG|SULPHUR_AVG,True,2025-07-15,API_AVG-BBL_AVG-BBL_SUM-COUNT-GRAVITY_AVG-METRICTON_AVG-METRICTON_SUM-QLWTR_GRCD-SULPHUR_AVG-YMD,울산과학기술원,해운물류,"CSV, JSON, XML","['API도', '변동성', '비중', '원유종류', '유화성분', '통계']",소비/유통,상품,물류,"['API도', '변동성', '비중', '원유종류', '유화성분', '통계']",36064,672,36064.0
bigdata-sea,page_001250.html,-,케미컬화물 품목별 물동량 통계 데이터,케미컬화물 품목별 물동량 통계 데이터,0,CTGRY_NM|YMD|COUNT|METRICTON_SUM|BBL_SUM|METRICTON_AVG|BBL_AVG|GRAVITY_AVG|SULPHUR_AVG,True,2025-07-15,BBL_AVG-BBL_SUM-COUNT-CTGRY_NM-GRAVITY_AVG-METRICTON_AVG-METRICTON_SUM-SULPHUR_AVG-YMD,울산과학기술원,해운물류,"CSV, JSON, XML","['API도', '변동성', '비중', '원유종류', '유화성분', '통계']",소비/유통,상품,물류,"['API도', '변동성', '비중', '원유종류', '유화성분', '통계']",55439,1214,55439.0
bigdata-sea,page_001251.html,-,컨테이너 선박의 운항 및 항만 출도착 통계 데이터,컨테이너 선박의 운항 및 항만 출도착 통계 데이터,1000000,TRMNL_ABBRV|BRTHNG_YMD|BERTHPLAN_COUNT|LODCNT_AVG|DISCNT_AVG|SHFTCNT_AVG|DURATION_AVG|LODCNT_SUM|DISCNT_SUM|SHFTCNT_SUM|DURATION_SUM,True,2025-07-15,BERTHPLAN_COUNT-BRTHNG_YMD-DISCNT_AVG-DISCNT_SUM-DURATION_AVG-DURATION_SUM-LODCNT_AVG-LODCNT_SUM-SHFTCNT_AVG-SHFTCNT_SUM-TRMNL_ABBRV,울산과학기술원,해운물류,"CSV, JSON, XML","['입출항스케줄', '컨테이너수입', '컨테이너작업현황', '컨테이너터미널', '통계', '해상물류']",소비/유통,상품,물류,"['입출항스케줄', '컨테이너수입', '컨테이너작업현황', '컨테이너터미널', '통계', '해상물류']",135423,2513,135423.0
bigdata-sea,page_001252.html,-,전세계 컨테이너 항만 입출항 통계 데이터,전세계 컨테이너 항만 입출항 통계 데이터,1000000,LOCATION_CD|LOCATION_NAME|RL_ARVL_YMD|LOG_COUNT|DURATION_AVG,True,2025-07-15,DURATION_AVG-LOCATION_CD-LOCATION_NAME-LOG_COUNT-RL_ARVL_YMD,울산과학기술원,해운물류,"CSV, JSON, XML","['실제도착시간', '입출항기간평균', '입출항기혹횟수', '통계', '항만위치코드']",소비/유통,상품,물류,"['실제도착시간', '입출항기간평균', '입출항기혹횟수', '통계', '항만위치코드']",1659310,62747,1659310.0
bigdata-sea,page_001254.html,-,선박 항해 기기 데이터,선박 항해 기기 데이터 입니다.,500000,DATA_COLCT_TM|PLT_VE|WTR_VE|PRTNR_WNDRC|PRTNR_WDSP|SHIP_CRS|SH_DRCN|DOW,True,2025-07-15,DATA_COLCT_TM-DOW-PLT_VE-PRTNR_WDSP-PRTNR_WNDRC-SHIP_CRS-SH_DRCN-WTR_VE,랩오투원,해운물류,"CSV, JSON, XML","['선박', '센서데이터', '운항데이터', '항해', '항해장비']",산업/기술,해양/수산,선박,"['선박', '센서데이터', '운항데이터', '항해', '항해장비']",1190918044,26015200,1190918044.0
bigdata-sea,page_001264.html,-,선박 주기관 데이터,선박의 주기관 데이터 입니다.,2000000,DATA_COLCT_TM|ME_FO_IN_PRSU|ME_FO_IN_TPRT|ME_JACKET_CLNT_TPRT|ME_JACKET_CLNT_PRSU|ME_CYL1_CLNT_OT|ME_CYL2_CLNT_OT|ME_CYL3_CLNT_OT|ME_CYL4_CLNT_OT|ME_CYL5_CLNT_OT|ME_CYL6_CLNT_OT|ME_SCV_PRSU|ME_SCV_TPRT|ME_CYL1_PCO_OT|ME_CYL2_PCO_OT|ME_CYL3_PCO_OT|ME_CYL4_PCO_OT|ME_CYL5_PCO_OT|ME_CYL6_PCO_OT|ME_LBRCN_IN_TPRT|ME_TC_LBRCN_IN_PRSU|ME_TC_LBRCN_OUT_TPRT|ME_TP_TPRT|ME_CYL2_EG_OT|ME_CYL3_EG_OT|ME_CYL4_EG_OT|ME_CYL5_EG_OT|ME_CYL6_EG_OT|GNRTR1_RPM,True,2025-07-15,DATA_COLCT_TM-GNRTR1_RPM-ME_CYL1_CLNT_OT-ME_CYL1_PCO_OT-ME_CYL2_CLNT_OT-ME_CYL2_EG_OT-ME_CYL2_PCO_OT-ME_CYL3_CLNT_OT-ME_CYL3_EG_OT-ME_CYL3_PCO_OT-ME_CYL4_CLNT_OT-ME_CYL4_EG_OT-ME_CYL4_PCO_OT-ME_CYL5_CLNT_OT-ME_CYL5_EG_OT-ME_CYL5_PCO_OT-ME_CYL6_CLNT_OT-ME_CYL6_EG_OT-ME_CYL6_PCO_OT-ME_FO_IN_PRSU-ME_FO_IN_TPRT-ME_JACKET_CLNT_PRSU-ME_JACKET_CLNT_TPRT-ME_LBRCN_IN_TPRT-ME_SCV_PRSU-ME_SCV_TPRT-ME_TC_LBRCN_IN_PRSU-ME_TC_LBRCN_OUT_TPRT-ME_TP_TPRT,랩오투원,해운물류,"CSV, JSON, XML","['기관장비', '선박', '센서데이터', '운항데이터', '항해']",산업/기술,해양/수산,선박,"['기관장비', '선박', '센서데이터', '운항데이터', '항해']",507773256,21157219,507773256.0
bigdata-sea,page_001279.html,-,"컨테이너선 항로의 일자별 평균 및 최대 속도, 운항거리 데이터 셋","항로의 일자별 평균 및 최대 속도, 운항거리 데이터 셋",0,YMD|MMSI|IMO_IDNTF_NO|LA|LO|MAX_VE|AVE_VE|SH_DRCN|NVGTN_DIST,True,2025-07-15,AVE_VE-IMO_IDNTF_NO-LA-LO-MAX_VE-MMSI-NVGTN_DIST-SH_DRCN-YMD,올시데이터,해운물류,"CSV, JSON, XML","['allseadata', 'container', '올시데이터', '운항거리', '최대속도', '컨테이너', '평균속도', '항로정보']",소비/유통,상품,물류,"['allseadata', 'container', '올시데이터', '운항거리', '최대속도', '컨테이너', '평균속도', '항로정보']",92010368,1417968,92010368.0
bigdata-sea,page_001280.html,-,"컨테이너선 선박의 평균 및 최대 속도, 운항거리 데이터 셋","선박의 평균 및 최대 속도, 운항거리 데이터 셋",0,MMSI|IMO_IDNTF_NO|SHIP_NM|SHIP_KIND|SHIP_WDTH|SHIP_LNTH|SHIP_HGHT|SHIP_OWNER_NM|DRAFT|SHPYRD_NM|BULD_YR|DDWGHT|DPTR_HMS|ARVL_HMS|DPTRP_LA|DPTRP_LO|DTNT_LA|DTNT_LO|MAX_VE|AVE_VE|NVGTN_DIST,True,2025-07-15,ARVL_HMS-AVE_VE-BULD_YR-DDWGHT-DPTRP_LA-DPTRP_LO-DPTR_HMS-DRAFT-DTNT_LA-DTNT_LO-IMO_IDNTF_NO-MAX_VE-MMSI-NVGTN_DIST-SHIP_HGHT-SHIP_KIND-SHIP_LNTH-SHIP_NM-SHIP_OWNER_NM-SHIP_WDTH-SHPYRD_NM,올시데이터,해운물류,"CSV, JSON, XML","['allseadata', '선박속도', '올시데이터', '운항거리', '최대속도', '평균속도', '항로정보']",산업/기술,해양/수산,선박,"['allseadata', '선박속도', '올시데이터', '운항거리', '최대속도', '평균속도', '항로정보']",244265,4985,244265.0
bigdata-sea,page_001281.html,-,컨테이너선 항로별 운항시간 데이터 셋,항로별 운항시간 데이터 셋,0,MMSI|IMO_IDNTF_NO|DPTR_HMS|ARVL_HMS|DPTRP_LA|DPTRP_LO|DTNT_LA|DTNT_LO|DPTR_CN_NM|ARVL_CN_NM|DPRT_PRT_CD|DPTR_PRT_NM|ARRV_PRT_CD|ARVL_PRT_NM|NVGTN_TM|PRT_NCHRG_TM|BLLAT_HOUR|FRGHT_CNVNC_TM|NNVGTN_TM,True,2025-07-15,ARRV_PRT_CD-ARVL_CN_NM-ARVL_HMS-ARVL_PRT_NM-BLLAT_HOUR-DPRT_PRT_CD-DPTRP_LA-DPTRP_LO-DPTR_CN_NM-DPTR_HMS-DPTR_PRT_NM-DTNT_LA-DTNT_LO-FRGHT_CNVNC_TM-IMO_IDNTF_NO-MMSI-NNVGTN_TM-NVGTN_TM-PRT_NCHRG_TM,올시데이터,해운물류,"CSV, JSON, XML","['allseadata', 'ballasthour', 'loadedhour', '발라스트시간', '선박시간', '올시데이터', '운항시간', '항로정보']",산업/기술,해양/수산,선박,"['allseadata', 'ballasthour', 'loadedhour', '발라스트시간', '선박시간', '올시데이터', '운항시간', '항로정보']",73286358,928982,73286358.0
bigdata-sea,page_001282.html,-,컨테이너선 선박의 운항시간 데이터 셋,선박의 운항시간 데이터 셋,0,MMSI|IMO_IDNTF_NO|SHIP_NM|SHIP_KIND|SHIP_WDTH|SHIP_LNTH|SHIP_HGHT|SHIP_OWNER_NM|DRAFT|SHPYRD_NM|BULD_YR|DDWGHT|DPTR_HMS|ARVL_HMS|DPTRP_LA|DPTRP_LO|DTNT_LA|DTNT_LO|NVGTN_TM|PRT_NCHRG_TM|BLLAT_HOUR|FRGHT_CNVNC_TM|NNVGTN_TM,True,2025-07-15,ARVL_HMS-BLLAT_HOUR-BULD_YR-DDWGHT-DPTRP_LA-DPTRP_LO-DPTR_HMS-DRAFT-DTNT_LA-DTNT_LO-FRGHT_CNVNC_TM-IMO_IDNTF_NO-MMSI-NNVGTN_TM-NVGTN_TM-PRT_NCHRG_TM-SHIP_HGHT-SHIP_KIND-SHIP_LNTH-SHIP_NM-SHIP_OWNER_NM-SHIP_WDTH-SHPYRD_NM,올시데이터,해운물류,"CSV, JSON, XML","['allseadata', 'ballasthour', 'loadedhour', '발라스트시간', '선박시간', '올시데이터', '운항시간', '항로정보']",산업/기술,해양/수산,선박,"['allseadata', 'ballasthour', 'loadedhour', '발라스트시간', '선박시간', '올시데이터', '운항시간', '항로정보']",248650,4973,248650.0
bigdata-sea,page_001283.html,-,컨테이너선 항로별 선박엔진 부하도 데이터 셋,항로별 선박엔진 부하도 데이터 셋,0,YMD|MMSI|LA|LO|VE|SH_DRCN|IMO_IDNTF_NO|DRAFT|NVGTN_DIST|WAVE_HGHT|WAVE_CYCL|WNDRC_U|WNDRC_V|LD_RT,True,2025-07-15,DRAFT-IMO_IDNTF_NO-LA-LD_RT-LO-MMSI-NVGTN_DIST-SH_DRCN-VE-WAVE_CYCL-WAVE_HGHT-WNDRC_U-WNDRC_V-YMD,올시데이터,해운물류,"CSV, JSON, XML","['allseadata', '선박부하도', '엔진부하도', '올시데이터', '항로부하도', '항로정보']",산업/기술,해양/수산,선박,"['allseadata', '선박부하도', '엔진부하도', '올시데이터', '항로부하도', '항로정보']",426756625,6870858,426756625.0
bigdata-sea,page_001284.html,-,컨테이너선 선박의 선박엔진 부하도 데이터 셋,선박의 선박엔진 부하도 데이터 셋,0,MMSI|IMO_IDNTF_NO|SHIP_NM|SHIP_KIND|SHIP_WDTH|SHIP_LNTH|SHIP_HGHT|SHIP_OWNER_NM|DRAFT|SHPYRD_NM|BULD_YR|DDWGHT|DPTR_HMS|ARVL_HMS|DPTRP_LA|DPTRP_LO|DTNT_LA|DTNT_LO|AVE_VE|MAX_VE|NVGTN_DIST|WAVE_MAX_CYCL|WAVE_AVE_CYCL|WAVE_MAX_HGHT|WAVE_AVE_HGHT|MAX_WDSP|AVE_WDSP|LD_RT,True,2025-07-15,ARVL_HMS-AVE_VE-AVE_WDSP-BULD_YR-DDWGHT-DPTRP_LA-DPTRP_LO-DPTR_HMS-DRAFT-DTNT_LA-DTNT_LO-IMO_IDNTF_NO-LD_RT-MAX_VE-MAX_WDSP-MMSI-NVGTN_DIST-SHIP_HGHT-SHIP_KIND-SHIP_LNTH-SHIP_NM-SHIP_OWNER_NM-SHIP_WDTH-SHPYRD_NM-WAVE_AVE_CYCL-WAVE_AVE_HGHT-WAVE_MAX_CYCL-WAVE_MAX_HGHT,올시데이터,해운물류,"CSV, JSON, XML","['allseadata', '선박부하도', '엔진부하도', '올시데이터', '항로부하도', '항로정보']",산업/기술,해양/수산,선박,"['allseadata', '선박부하도', '엔진부하도', '올시데이터', '항로부하도', '항로정보']",269265,5007,269265.0
bigdata-sea,page_001285.html,-,컨테이너선 항로별 화물운송 데이터 셋,항로별 화물운송 데이터 셋,0,MMSI|IMO_IDNTF_NO|SHIP_OWNER_NM|DPTR_HMS|ARVL_HMS|DPTRP_LA|DPTRP_LO|DTNT_LA|DTNT_LO|DPTR_CN_NM|ARVL_CN_NM|DPRT_PRT_CD|DPTR_PRT_NM|ARRV_PRT_CD|ARVL_PRT_NM|FRGHT_CNVNC_QTY|FRGHT_CNVNC_QTY_TONM,True,2025-07-15,ARRV_PRT_CD-ARVL_CN_NM-ARVL_HMS-ARVL_PRT_NM-DPRT_PRT_CD-DPTRP_LA-DPTRP_LO-DPTR_CN_NM-DPTR_HMS-DPTR_PRT_NM-DTNT_LA-DTNT_LO-FRGHT_CNVNC_QTY-FRGHT_CNVNC_QTY_TONM-IMO_IDNTF_NO-MMSI-SHIP_OWNER_NM,올시데이터,해운물류,"CSV, JSON, XML","['allseadata', 'cargocarried', 'ton-mile', '선박화물', '올시데이터', '톤마일', '항로정보', '화물수송']",소비/유통,상품,물류,"['allseadata', 'cargocarried', 'ton-mile', '선박화물', '올시데이터', '톤마일', '항로정보', '화물수송']",66680264,928982,66680264.0
bigdata-sea,page_001286.html,-,컨테이너선 선박의 화물운송 데이터 셋,선박의 화물운송 데이터 셋,0,,True,2025-07-15,,올시데이터,해운물류,"CSV, JSON, XML","['allseadata', 'cargocarried', 'ton-mile', '선박화물', '올시데이터', '톤마일', '항로정보', '화물수송']",소비/유통,상품,물류,"['allseadata', 'cargocarried', 'ton-mile', '선박화물', '올시데이터', '톤마일', '항로정보', '화물수송']",-,-1,
bigdata-sea,page_001287.html,-,컨테이너선 항로별 Co2 Nox 발생량 데이터 셋,항로별 Co2 Nox 발생량 데이터 셋,0,YMD|MMSI|IMO_IDNTF_NO|LA|LO|VE|SH_DRCN|DRAFT|NVGTN_DIST|WAVE_HGHT|WAVE_CYCL|WNDRC_U|WNDRC_V|ADDTI_RSTC|TOT_RSTC|RL_POWER|FUEL_CNSMP_QTY|CDBX|NOX|SOX|MTHN|SHIP_NRG_EFFCN_NVGTN_IDX,True,2025-07-15,ADDTI_RSTC-CDBX-DRAFT-FUEL_CNSMP_QTY-IMO_IDNTF_NO-LA-LO-MMSI-MTHN-NOX-NVGTN_DIST-RL_POWER-SHIP_NRG_EFFCN_NVGTN_IDX-SH_DRCN-SOX-TOT_RSTC-VE-WAVE_CYCL-WAVE_HGHT-WNDRC_U-WNDRC_V-YMD,올시데이터,해양환경,"CSV, JSON, XML","['allseadata', 'ch4', 'co2', 'nox', 'sox', '메탄', '메테인', '선박오염', '올시데이터', '이산화탄소', '질소산화물', '항로정보', '황산화물']",산업/기술,해양/수산,해양,"['allseadata', 'ch4', 'co2', 'nox', 'sox', '메탄', '메테인', '선박오염', '올시데이터', '이산화탄소', '질소산화물', '항로정보', '황산화물']",457184447,7106494,457184447.0
bigdata-sea,page_001288.html,-,컨테이너선 선박별 Co2 Nox 발생량 데이터 셋,선박별 Co2 Nox 발생량 데이터 셋,0,MMSI|IMO_IDNTF_NO|SHIP_NM|SHIP_KIND|SHIP_WDTH|SHIP_LNTH|SHIP_HGHT|SHIP_OWNER_NM|DRAFT|SHPYRD_NM|BULD_YR|DDWGHT|DPTR_HMS|ARVL_HMS|DPTRP_LA|DPTRP_LO|DTNT_LA|DTNT_LO|AVE_VE|MAX_VE|NVGTN_DIST|WAVE_MAX_CYCL|WAVE_AVE_CYCL|WAVE_MAX_HGHT|WAVE_AVE_HGHT|MAX_WDSP|AVE_WDSP|ADDTI_RSTC|TOT_RSTC|RL_POWER|FUEL_CNSMP_QTY|CDBX|NOX|SOX|MTHN|SHIP_NRG_EFFCN_NVGTN_IDX,True,2025-07-15,ADDTI_RSTC-ARVL_HMS-AVE_VE-AVE_WDSP-BULD_YR-CDBX-DDWGHT-DPTRP_LA-DPTRP_LO-DPTR_HMS-DRAFT-DTNT_LA-DTNT_LO-FUEL_CNSMP_QTY-IMO_IDNTF_NO-MAX_VE-MAX_WDSP-MMSI-MTHN-NOX-NVGTN_DIST-RL_POWER-SHIP_HGHT-SHIP_KIND-SHIP_LNTH-SHIP_NM-SHIP_NRG_EFFCN_NVGTN_IDX-SHIP_OWNER_NM-SHIP_WDTH-SHPYRD_NM-SOX-TOT_RSTC-WAVE_AVE_CYCL-WAVE_AVE_HGHT-WAVE_MAX_CYCL-WAVE_MAX_HGHT,올시데이터,해양환경,"CSV, JSON, XML","['allseadata', 'ch4', 'co2', 'nox', 'sox', '메탄', '메테인', '선박오염', '올시데이터', '이산화탄소', '질소산화물', '항로정보', '황산화물']",산업/기술,해양/수산,선박,"['allseadata', 'ch4', 'co2', 'nox', 'sox', '메탄', '메테인', '선박오염', '올시데이터', '이산화탄소', '질소산화물', '항로정보', '황산화물']",289609,5255,289609.0
bigdata-sea,page_001289.html,-,컨테이너선 선박별 파도높이에 따른 평균/최대 속도 데이터,선박별 파도높이에 따른 평균/최대 속도 데이터,0,MMSI|IMO_IDNTF_NO|SHIP_NM|SHIP_KIND|SHIP_WDTH|SHIP_LNTH|SHIP_HGHT|SHIP_OWNER_NM|DRAFT|SHPYRD_NM|BULD_YR|DDWGHT|DPTR_HMS|ARVL_HMS|WAVE_AVE_VE_1M|WAVE_AVE_VE_2M|WAVE_AVE_VE_3M|WAVE_AVE_VE_4M|WAVE_AVE_VE_5M|WAVE_AVE_VE_6M|WAVE_AVE_VE_7M|WAVE_AVE_VE_8M|WAVE_AVE_VE_9M|WAVE_AVE_VE_10M_ABOVE|WAVE_MAX_VE_1M|WAVE_MAX_VE_2M|WAVE_MAX_VE_3M|WAVE_MAX_VE_4M|WAVE_MAX_VE_5M|WAVE_MAX_VE_6M|WAVE_MAX_VE_7M|WAVE_MAX_VE_8M|WAVE_MAX_VE_9M|WAVE_MAX_VE_10M_ABOVE,True,2025-07-15,ARVL_HMS-BULD_YR-DDWGHT-DPTR_HMS-DRAFT-IMO_IDNTF_NO-MMSI-SHIP_HGHT-SHIP_KIND-SHIP_LNTH-SHIP_NM-SHIP_OWNER_NM-SHIP_WDTH-SHPYRD_NM-WAVE_AVE_VE_10M_ABOVE-WAVE_AVE_VE_1M-WAVE_AVE_VE_2M-WAVE_AVE_VE_3M-WAVE_AVE_VE_4M-WAVE_AVE_VE_5M-WAVE_AVE_VE_6M-WAVE_AVE_VE_7M-WAVE_AVE_VE_8M-WAVE_AVE_VE_9M-WAVE_MAX_VE_10M_ABOVE-WAVE_MAX_VE_1M-WAVE_MAX_VE_2M-WAVE_MAX_VE_3M-WAVE_MAX_VE_4M-WAVE_MAX_VE_5M-WAVE_MAX_VE_6M-WAVE_MAX_VE_7M-WAVE_MAX_VE_8M-WAVE_MAX_VE_9M,올시데이터,해운물류,"CSV, JSON, XML","['allseadata', '선박별', '올시데이터', '최대속도', '파도높이', '평균속도']",산업/기술,해양/수산,해양,"['allseadata', '선박별', '올시데이터', '최대속도', '파도높이', '평균속도']",274178,4965,274178.0
bigdata-sea,page_001290.html,-,컨테이너선 선종별 파도높이에 따른 평균/최대 속도 데이터,선종별 파도높이에 따른 평균/최대 속도 데이터,0,SHIP_KIND|SHIP_CNT|DPTR_HMS|ARVL_HMS|WAVE_AVE_VE_1M|WAVE_AVE_VE_2M|WAVE_AVE_VE_3M|WAVE_AVE_VE_4M|WAVE_AVE_VE_5M|WAVE_AVE_VE_6M|WAVE_AVE_VE_7M|WAVE_AVE_VE_8M|WAVE_AVE_VE_9M|WAVE_AVE_VE_10M_ABOVE|WAVE_MAX_VE_1M|WAVE_MAX_VE_2M|WAVE_MAX_VE_3M|WAVE_MAX_VE_4M|WAVE_MAX_VE_5M|WAVE_MAX_VE_6M|WAVE_MAX_VE_7M|WAVE_MAX_VE_8M|WAVE_MAX_VE_9M|WAVE_MAX_VE_10M_ABOVE,True,2025-07-15,ARVL_HMS-DPTR_HMS-SHIP_CNT-SHIP_KIND-WAVE_AVE_VE_10M_ABOVE-WAVE_AVE_VE_1M-WAVE_AVE_VE_2M-WAVE_AVE_VE_3M-WAVE_AVE_VE_4M-WAVE_AVE_VE_5M-WAVE_AVE_VE_6M-WAVE_AVE_VE_7M-WAVE_AVE_VE_8M-WAVE_AVE_VE_9M-WAVE_MAX_VE_10M_ABOVE-WAVE_MAX_VE_1M-WAVE_MAX_VE_2M-WAVE_MAX_VE_3M-WAVE_MAX_VE_4M-WAVE_MAX_VE_5M-WAVE_MAX_VE_6M-WAVE_MAX_VE_7M-WAVE_MAX_VE_8M-WAVE_MAX_VE_9M,올시데이터,해운물류,"CSV, JSON, XML","['allseadata', '선종별', '올시데이터', '최대속도', '파도높이', '평균속도']",산업/기술,해양/수산,선박,"['allseadata', '선종별', '올시데이터', '최대속도', '파도높이', '평균속도']",76,1,76.0
bigdata-sea,page_001291.html,-,컨테이너선 선주사 선대별 파도높이에 따른 평균/최대 속도 데이터,선주사 선대별 파도높이에 따른 평균/최대 속도 데이터,0,SHIP_OWNER_NM|SHIP_CNT|DPTR_HMS|ARVL_HMS|WAVE_AVE_VE_1M|WAVE_AVE_VE_2M|WAVE_AVE_VE_3M|WAVE_AVE_VE_4M|WAVE_AVE_VE_5M|WAVE_AVE_VE_6M|WAVE_AVE_VE_7M|WAVE_AVE_VE_8M|WAVE_AVE_VE_9M|WAVE_AVE_VE_10M_ABOVE|WAVE_MAX_VE_1M|WAVE_MAX_VE_2M|WAVE_MAX_VE_3M|WAVE_MAX_VE_4M|WAVE_MAX_VE_5M|WAVE_MAX_VE_6M|WAVE_MAX_VE_7M|WAVE_MAX_VE_8M|WAVE_MAX_VE_9M|WAVE_MAX_VE_10M_ABOVE,True,2025-07-15,ARVL_HMS-DPTR_HMS-SHIP_CNT-SHIP_OWNER_NM-WAVE_AVE_VE_10M_ABOVE-WAVE_AVE_VE_1M-WAVE_AVE_VE_2M-WAVE_AVE_VE_3M-WAVE_AVE_VE_4M-WAVE_AVE_VE_5M-WAVE_AVE_VE_6M-WAVE_AVE_VE_7M-WAVE_AVE_VE_8M-WAVE_AVE_VE_9M-WAVE_MAX_VE_10M_ABOVE-WAVE_MAX_VE_1M-WAVE_MAX_VE_2M-WAVE_MAX_VE_3M-WAVE_MAX_VE_4M-WAVE_MAX_VE_5M-WAVE_MAX_VE_6M-WAVE_MAX_VE_7M-WAVE_MAX_VE_8M-WAVE_MAX_VE_9M,올시데이터,해운물류,"CSV, JSON, XML","['allseadata', '선대', '선주별', '올시데이터', '최대속도', '파도높이', '평균속도']",산업/기술,해양/수산,해양,"['allseadata', '선대', '선주별', '올시데이터', '최대속도', '파도높이', '평균속도']",29969,399,29969.0
bigdata-sea,page_001292.html,-,컨테이너선 파도높이에 따른 평균/최대 속도 데이터,파도높이에 따른 평균/최대 속도 데이터,0,SHIP_CNT|DPTR_HMS|ARVL_HMS|WAVE_AVE_VE_1M|WAVE_AVE_VE_2M|WAVE_AVE_VE_3M|WAVE_AVE_VE_4M|WAVE_AVE_VE_5M|WAVE_AVE_VE_6M|WAVE_AVE_VE_7M|WAVE_AVE_VE_8M|WAVE_AVE_VE_9M|WAVE_AVE_VE_10M_ABOVE|WAVE_MAX_VE_1M|WAVE_MAX_VE_2M|WAVE_MAX_VE_3M|WAVE_MAX_VE_4M|WAVE_MAX_VE_5M|WAVE_MAX_VE_6M|WAVE_MAX_VE_7M|WAVE_MAX_VE_8M|WAVE_MAX_VE_9M|WAVE_MAX_VE_10M_ABOVE,True,2025-07-15,ARVL_HMS-DPTR_HMS-SHIP_CNT-WAVE_AVE_VE_10M_ABOVE-WAVE_AVE_VE_1M-WAVE_AVE_VE_2M-WAVE_AVE_VE_3M-WAVE_AVE_VE_4M-WAVE_AVE_VE_5M-WAVE_AVE_VE_6M-WAVE_AVE_VE_7M-WAVE_AVE_VE_8M-WAVE_AVE_VE_9M-WAVE_MAX_VE_10M_ABOVE-WAVE_MAX_VE_1M-WAVE_MAX_VE_2M-WAVE_MAX_VE_3M-WAVE_MAX_VE_4M-WAVE_MAX_VE_5M-WAVE_MAX_VE_6M-WAVE_MAX_VE_7M-WAVE_MAX_VE_8M-WAVE_MAX_VE_9M,올시데이터,해운물류,"CSV, JSON, XML","['allseadata', '올시데이터', '최대속도', '파도높이', '평균속도']",산업/기술,해양/수산,해양,"['allseadata', '올시데이터', '최대속도', '파도높이', '평균속도']",70,1,70.0
bigdata-sea,page_001293.html,-,컨테이너선 선박별 운항 거리,선박별 운항 거리,0,MMSI|IMO_IDNTF_NO|SHIP_NM|SHIP_KIND|SHIP_WDTH|SHIP_LNTH|SHIP_HGHT|SHIP_OWNER_NM|DRAFT|SHPYRD_NM|BULD_YR|DDWGHT|DPTR_HMS|ARVL_HMS|DPTRP_LA|DPTRP_LO|DTNT_LA|DTNT_LO|NVGTN_DIST,True,2025-07-15,ARVL_HMS-BULD_YR-DDWGHT-DPTRP_LA-DPTRP_LO-DPTR_HMS-DRAFT-DTNT_LA-DTNT_LO-IMO_IDNTF_NO-MMSI-NVGTN_DIST-SHIP_HGHT-SHIP_KIND-SHIP_LNTH-SHIP_NM-SHIP_OWNER_NM-SHIP_WDTH-SHPYRD_NM,올시데이터,해운물류,"CSV, JSON, XML","[""'올시데이터"", 'allseadata', '선박별', '운항거리']",소비/유통,상품,물류,"[""'올시데이터"", 'allseadata', '선박별', '운항거리']",267040,5007,267040.0
bigdata-sea,page_001294.html,-,컨테이너선 선종별 운항 거리,선종별 운항 거리,0,SHIP_KIND|SHIP_CNT|DPTR_HMS|ARVL_HMS|NVGTN_DIST,True,2025-07-15,ARVL_HMS-DPTR_HMS-NVGTN_DIST-SHIP_CNT-SHIP_KIND,올시데이터,해운물류,"CSV, JSON, XML","['allseadata', '선종별', '올시데이터', '운항거리']",소비/유통,상품,물류,"['allseadata', '선종별', '올시데이터', '운항거리']",67,1,67.0
bigdata-sea,page_001295.html,-,컨테이너선 선주사 선대별 운항 거리,선주사 선대별 운항 거리,0,SHIP_OWNER_NM|SHIP_CNT|DPTR_HMS|ARVL_HMS|NVGTN_DIST,True,2025-07-15,ARVL_HMS-DPTR_HMS-NVGTN_DIST-SHIP_CNT-SHIP_OWNER_NM,올시데이터,해운물류,"CSV, JSON, XML","['allseadata', '선대별', '선사별', '선주별', '올시데이터', '운항거리']",소비/유통,상품,물류,"['allseadata', '선대별', '선사별', '선주별', '올시데이터', '운항거리']",25352,401,25352.0
bigdata-sea,page_001296.html,-,컨테이너선 운항 거리별 순위,운항 거리별 순위,0,RANK|SHIP_OWNER_NM|SHIP_CNT|DPTR_HMS|ARVL_HMS|NVGTN_DIST,True,2025-07-15,ARVL_HMS-DPTR_HMS-NVGTN_DIST-RANK-SHIP_CNT-SHIP_OWNER_NM,올시데이터,해운물류,"CSV, JSON, XML","['allseadata', '선대별', '선주별', '순위', '올시데이터', '운항거리']",소비/유통,상품,물류,"['allseadata', '선대별', '선주별', '순위', '올시데이터', '운항거리']",26110,401,26110.0
bigdata-sea,page_001297.html,-,컨테이너선 선박별 화물 운송량 및 운송화물,선박별 화물 운송량 및 운송화물,0,MMSI|IMO_IDNTF_NO|SHIP_NM|SHIP_KIND|SHIP_WDTH|SHIP_LNTH|SHIP_HGHT|SHIP_OWNER_NM|DRAFT|SHPYRD_NM|BULD_YR|DDWGHT|DPTR_HMS|ARVL_HMS|DPTRP_LA|DPTRP_LO|DTNT_LA|DTNT_LO|FRGHT_CNVNC_QTY_TONM,True,2025-07-15,ARVL_HMS-BULD_YR-DDWGHT-DPTRP_LA-DPTRP_LO-DPTR_HMS-DRAFT-DTNT_LA-DTNT_LO-FRGHT_CNVNC_QTY_TONM-IMO_IDNTF_NO-MMSI-SHIP_HGHT-SHIP_KIND-SHIP_LNTH-SHIP_NM-SHIP_OWNER_NM-SHIP_WDTH-SHPYRD_NM,올시데이터,해운물류,"CSV, JSON, XML","['allseadata', '선박별', '올시데이터', '운송량', '운송화물']",소비/유통,상품,물류,"['allseadata', '선박별', '올시데이터', '운송량', '운송화물']",269647,4973,269647.0
bigdata-sea,page_001298.html,-,컨테이너선 선종별 화물 운송량 및 운송화물,선종별 화물 운송량 및 운송화물,0,SHIP_KIND|SHIP_CNT|DPTR_HMS|ARVL_HMS|FRGHT_CNVNC_QTY_TONM,True,2025-07-15,ARVL_HMS-DPTR_HMS-FRGHT_CNVNC_QTY_TONM-SHIP_CNT-SHIP_KIND,올시데이터,해운물류,"CSV, JSON, XML","['allseadata', '선종별', '올시데이터', '운송량', '운송화물']",소비/유통,상품,물류,"['allseadata', '선종별', '올시데이터', '운송량', '운송화물']",65,1,65.0
bigdata-sea,page_001299.html,-,컨테이너선 선주사 선대별 화물 운송량 및 운송화물,선주사 선대별 화물 운송량 및 운송화물,0,SHIP_OWNER_NM|SHIP_CNT|DPTR_HMS|ARVL_HMS|FRGHT_CNVNC_QTY|FRGHT_CNVNC_QTY_TONM,True,2025-07-15,ARVL_HMS-DPTR_HMS-FRGHT_CNVNC_QTY-FRGHT_CNVNC_QTY_TONM-SHIP_CNT-SHIP_OWNER_NM,올시데이터,해운물류,"CSV, JSON, XML","['allseadata', '선대별', '선주별', '올시데이터', '운송량', '운송화물']",소비/유통,상품,물류,"['allseadata', '선대별', '선주별', '올시데이터', '운송량', '운송화물']",27467,400,27467.0
bigdata-sea,page_001300.html,-,컨테이너선 수출국가별 운송량 순위,수출국가별 운송량 순위,0,RANK|DPTR_CN_NM|SHIP_CNT|DPTR_HMS|ARVL_HMS|FRGHT_CNVNC_QTY_TONM,True,2025-07-15,ARVL_HMS-DPTR_CN_NM-DPTR_HMS-FRGHT_CNVNC_QTY_TONM-RANK-SHIP_CNT,올시데이터,해운물류,"CSV, JSON, XML","['allseadata', '국가별', '수출', '순위', '올시데이터', '운송량']",소비/유통,상품,물류,"['allseadata', '국가별', '수출', '순위', '올시데이터', '운송량']",11098,179,11098.0
bigdata-sea,page_001301.html,-,컨테이너선 수입국가별 운송량 순위,수입국가별 운송량 순위,0,RANK|ARVL_CN_NM|SHIP_CNT|DPTR_HMS|ARVL_HMS|FRGHT_CNVNC_QTY_TONM,True,2025-07-15,ARVL_CN_NM-ARVL_HMS-DPTR_HMS-FRGHT_CNVNC_QTY_TONM-RANK-SHIP_CNT,올시데이터,해운물류,"CSV, JSON, XML","['allseadata', '국가별', '수입', '순위', '올시데이터', '운송량']",소비/유통,상품,물류,"['allseadata', '국가별', '수입', '순위', '올시데이터', '운송량']",10820,179,10820.0
bigdata-sea,page_001302.html,-,컨테이너선 수출국가별 운송화물 순위,수출국가별 운송화물 순위,0,RANK|DPTR_CN_NM|SHIP_KIND|SHIP_CNT|DPTR_HMS|ARVL_HMS|FRGHT_CNVNC_QTY_TONM,True,2025-07-15,ARVL_HMS-DPTR_CN_NM-DPTR_HMS-FRGHT_CNVNC_QTY_TONM-RANK-SHIP_CNT-SHIP_KIND,올시데이터,해운물류,"CSV, JSON, XML","['allseadata', '국가별', '수출', '순위', '올시데이터', '운송량']",소비/유통,상품,물류,"['allseadata', '국가별', '수출', '순위', '올시데이터', '운송량']",6066,103,6066.0
bigdata-sea,page_001303.html,-,컨테이너선 수입국가별 운송화물 순위,수입국가별 운송화물 순위,0,RANK|ARVL_CN_NM|SHIP_KIND|SHIP_CNT|DPTR_HMS|ARVL_HMS|FRGHT_CNVNC_QTY_TONM,True,2025-07-15,ARVL_CN_NM-ARVL_HMS-DPTR_HMS-FRGHT_CNVNC_QTY_TONM-RANK-SHIP_CNT-SHIP_KIND,올시데이터,해운물류,"CSV, JSON, XML","['allseadata', '국가별', '수입', '순위', '올시데이터', '운송량']",소비/유통,상품,물류,"['allseadata', '국가별', '수입', '순위', '올시데이터', '운송량']",6242,106,6242.0
bigdata-sea,page_001304.html,-,컨테이너선 항로별 화물운송 톤마일,항로별 화물운송 톤마일,0,DPTR_CN_NM|ARVL_CN_NM|DPRT_PRT_CD|ARRV_PRT_CD|DPTR_PRT_NM|ARVL_PRT_NM|SHIP_CNT|DPTR_HMS|ARVL_HMS|FRGHT_CNVNC_QTY,True,2025-07-15,ARRV_PRT_CD-ARVL_CN_NM-ARVL_HMS-ARVL_PRT_NM-DPRT_PRT_CD-DPTR_CN_NM-DPTR_HMS-DPTR_PRT_NM-FRGHT_CNVNC_QTY-SHIP_CNT,올시데이터,해운물류,"CSV, JSON, XML","['allseadata', '올시데이터', '운송', '톤마일', '항로별', '화물']",소비/유통,상품,물류,"['allseadata', '올시데이터', '운송', '톤마일', '항로별', '화물']",2680619,39943,2680619.0
bigdata-sea,page_001305.html,-,컨테이너선 선박별 화물 운송 톤마일,선박별 화물 운송 톤마일,0,MMSI|IMO_IDNTF_NO|SHIP_NM|SHIP_KIND|SHIP_WDTH|SHIP_LNTH|SHIP_HGHT|SHIP_OWNER_NM|DRAFT|SHPYRD_NM|BULD_YR|DDWGHT|DPTR_HMS|ARVL_HMS|DPTRP_LA|DPTRP_LO|DTNT_LA|DTNT_LO|FRGHT_CNVNC_QTY,True,2025-07-15,ARVL_HMS-BULD_YR-DDWGHT-DPTRP_LA-DPTRP_LO-DPTR_HMS-DRAFT-DTNT_LA-DTNT_LO-FRGHT_CNVNC_QTY-IMO_IDNTF_NO-MMSI-SHIP_HGHT-SHIP_KIND-SHIP_LNTH-SHIP_NM-SHIP_OWNER_NM-SHIP_WDTH-SHPYRD_NM,올시데이터,해운물류,"CSV, JSON, XML","['allseadata', '선박별', '올시데이터', '운송량', '운송화물', '톤마일']",소비/유통,상품,물류,"['allseadata', '선박별', '올시데이터', '운송량', '운송화물', '톤마일']",266884,4973,266884.0
bigdata-sea,page_001306.html,-,컨테이너선 선종별 화물 운송 톤마일,선종별 화물 운송 톤마일,0,SHIP_KIND|SHIP_CNT|DPTR_HMS|ARVL_HMS|FRGHT_CNVNC_QTY,True,2025-07-15,ARVL_HMS-DPTR_HMS-FRGHT_CNVNC_QTY-SHIP_CNT-SHIP_KIND,올시데이터,해운물류,"CSV, JSON, XML","['allseadata', '선종별', '올시데이터', '운송량', '운송화물', '톤마일']",소비/유통,상품,물류,"['allseadata', '선종별', '올시데이터', '운송량', '운송화물', '톤마일']",68,1,68.0
bigdata-sea,page_001307.html,-,컨테이너선 선주사 선대별 화물 톤마일,선주사 선대별 화물 톤마일,0,SHIP_OWNER_NM|SHIP_CNT|DPTR_HMS|ARVL_HMS|FRGHT_CNVNC_QTY,True,2025-07-15,ARVL_HMS-DPTR_HMS-FRGHT_CNVNC_QTY-SHIP_CNT-SHIP_OWNER_NM,올시데이터,해운물류,"CSV, JSON, XML","['allseadata', 'ton-mile', '선대별', '선주별', '올시데이터', '운송량', '운송화물', '톤마일']",소비/유통,상품,물류,"['allseadata', 'ton-mile', '선대별', '선주별', '올시데이터', '운송량', '운송화물', '톤마일']",25511,400,25511.0
bigdata-sea,page_001308.html,-,컨테이너선 화물 톤마일 순위,화물 톤마일 순위,0,RANK|SHIP_KIND|SHIP_CNT|DPTR_HMS|ARVL_HMS|FRGHT_CNVNC_QTY,True,2025-07-15,ARVL_HMS-DPTR_HMS-FRGHT_CNVNC_QTY-RANK-SHIP_CNT-SHIP_KIND,올시데이터,해운물류,"CSV, JSON, XML","['allseadata', 'ton-mile', '국가별', '수입', '순위', '올시데이터', '운송량', '톤마일']",소비/유통,상품,물류,"['allseadata', 'ton-mile', '국가별', '수입', '순위', '올시데이터', '운송량', '톤마일']",69,1,69.0
bigdata-sea,page_001309.html,-,컨테이너선 수출국가별 톤마일 순위,수출국가별 톤마일 순위,0,RANK|DPTR_CN_NM|SHIP_CNT|DPTR_HMS|ARVL_HMS|FRGHT_CNVNC_QTY,True,2025-07-15,ARVL_HMS-DPTR_CN_NM-DPTR_HMS-FRGHT_CNVNC_QTY-RANK-SHIP_CNT,올시데이터,해운물류,"CSV, JSON, XML","['allseadata', '국가별', '수출', '순위', '올시데이터', '운송량']",소비/유통,상품,물류,"['allseadata', '국가별', '수출', '순위', '올시데이터', '운송량']",10971,176,10971.0
bigdata-sea,page_001310.html,-,컨테이너선 수입국가별 톤마일 순위,수입국가별 톤마일 순위,0,RANK|ARVL_CN_NM|SHIP_CNT|DPTR_HMS|ARVL_HMS|FRGHT_CNVNC_QTY,True,2025-07-15,ARVL_CN_NM-ARVL_HMS-DPTR_HMS-FRGHT_CNVNC_QTY-RANK-SHIP_CNT,올시데이터,해운물류,"CSV, JSON, XML","['allseadata', '국가별', '수입', '순위', '올시데이터', '운송량']",소비/유통,상품,물류,"['allseadata', '국가별', '수입', '순위', '올시데이터', '운송량']",11088,176,11088.0
bigdata-sea,page_001311.html,-,컨테이너선 수입국가별 톤마일 순위,수입국가별 톤마일 순위,0,RANK|DPTR_CN_NM|SHIP_KIND|SHIP_CNT|DPTR_HMS|ARVL_HMS|FRGHT_CNVNC_QTY,True,2025-07-15,ARVL_HMS-DPTR_CN_NM-DPTR_HMS-FRGHT_CNVNC_QTY-RANK-SHIP_CNT-SHIP_KIND,올시데이터,해운물류,"CSV, JSON, XML","['allseadata', 'ton-mile', '국가별', '수출', '순위', '올시데이터', '운송량', '톤마일']",소비/유통,상품,물류,"['allseadata', 'ton-mile', '국가별', '수출', '순위', '올시데이터', '운송량', '톤마일']",6340,103,6340.0
bigdata-sea,page_001312.html,-,컨테이너선 수입국가별 톤마일 순위,수입국가별 톤마일 순위,0,RANK|ARVL_CN_NM|SHIP_KIND|SHIP_CNT|DPTR_HMS|ARVL_HMS|FRGHT_CNVNC_QTY,True,2025-07-15,ARVL_CN_NM-ARVL_HMS-DPTR_HMS-FRGHT_CNVNC_QTY-RANK-SHIP_CNT-SHIP_KIND,올시데이터,해운물류,"CSV, JSON, XML","['allseadata', 'ton-mile', '국가별', '수입', '순위', '올시데이터', '운송량', '톤마일']",소비/유통,상품,물류,"['allseadata', 'ton-mile', '국가별', '수입', '순위', '올시데이터', '운송량', '톤마일']",6596,106,6596.0
bigdata-sea,page_001313.html,-,컨테이너선 항로별 톤마일 순위,항로별 톤마일 순위,0,RANK|DPTR_CN_NM|ARVL_CN_NM|DPRT_PRT_CD|ARRV_PRT_CD|DPTR_PRT_NM|ARVL_PRT_NM|SHIP_CNT|DPTR_HMS|ARVL_HMS|FRGHT_CNVNC_QTY,True,2025-07-15,ARRV_PRT_CD-ARVL_CN_NM-ARVL_HMS-ARVL_PRT_NM-DPRT_PRT_CD-DPTR_CN_NM-DPTR_HMS-DPTR_PRT_NM-FRGHT_CNVNC_QTY-RANK-SHIP_CNT,올시데이터,해운물류,"CSV, JSON, XML","['allseadata', 'ton-mile', '수출', '순위', '올시데이터', '운송량', '톤마일', '항로별']",소비/유통,상품,물류,"['allseadata', 'ton-mile', '수출', '순위', '올시데이터', '운송량', '톤마일', '항로별']",2778258,39943,2778258.0
bigdata-sea,page_001314.html,-,컨테이너선 선주사 선대별 화물 엔진부하도,선주사 선대별 화물 엔진부하도,0,SHIP_OWNER_NM|SHIP_CNT|DPTR_HMS|ARVL_HMS|LD_RT,True,2025-07-15,ARVL_HMS-DPTR_HMS-LD_RT-SHIP_CNT-SHIP_OWNER_NM,올시데이터,해운물류,"CSV, JSON, XML","['allseadata', 'loadfactor', '선대별', '선주별', '엔진부하도', '올시데이터']",소비/유통,상품,물류,"['allseadata', 'loadfactor', '선대별', '선주별', '엔진부하도', '올시데이터']",24862,401,24862.0
bigdata-sea,page_001315.html,-,컨테이너선 선주사 선대별 화물 엔진부하도 순위,선주사 선대별 화물 엔진부하도 순위,0,RANK|SHIP_OWNER_NM|SHIP_CNT|DPTR_HMS|ARVL_HMS|LD_RT,True,2025-07-15,ARVL_HMS-DPTR_HMS-LD_RT-RANK-SHIP_CNT-SHIP_OWNER_NM,올시데이터,해운물류,"CSV, JSON, XML","['allseadata', 'loadfactor', '선대별', '선주별', '순위', '엔진부하도', '올시데이터']",소비/유통,상품,물류,"['allseadata', 'loadfactor', '선대별', '선주별', '순위', '엔진부하도', '올시데이터']",27580,401,27580.0
bigdata-sea,page_001316.html,-,컨테이너선 선박별 co2발생량,선박별 co2발생량,0,MMSI|IMO_IDNTF_NO|SHIP_NM|SHIP_KIND|SHIP_WDTH|SHIP_LNTH|SHIP_HGHT|SHIP_OWNER_NM|DRAFT|SHPYRD_NM|BULD_YR|DDWGHT|DPTR_HMS|ARVL_HMS|DPTRP_LA|DPTRP_LO|DTNT_LA|DTNT_LO|ADDTI_RSTC|TOT_RSTC|RL_POWER|FUEL_CNSMP_QTY|CDBX,True,2025-07-15,ADDTI_RSTC-ARVL_HMS-BULD_YR-CDBX-DDWGHT-DPTRP_LA-DPTRP_LO-DPTR_HMS-DRAFT-DTNT_LA-DTNT_LO-FUEL_CNSMP_QTY-IMO_IDNTF_NO-MMSI-RL_POWER-SHIP_HGHT-SHIP_KIND-SHIP_LNTH-SHIP_NM-SHIP_OWNER_NM-SHIP_WDTH-SHPYRD_NM-TOT_RSTC,올시데이터,해운물류,"CSV, JSON, XML","['allseadata', 'co2', '선박별', '올시데이터', '이산화탄소']",산업/기술,해양/수산,선박,"['allseadata', 'co2', '선박별', '올시데이터', '이산화탄소']",270924,5255,270924.0
bigdata-sea,page_001317.html,-,컨테이너선 선종별 co2발생량,선종별 co2발생량,0,SHIP_KIND|SHIP_CNT|DPTR_HMS|ARVL_HMS|CDBX,True,2025-07-15,ARVL_HMS-CDBX-DPTR_HMS-SHIP_CNT-SHIP_KIND,올시데이터,해운물류,"CSV, JSON, XML","['allseadata', 'co2', '선종별', '올시데이터', '이산화탄소']",소비/유통,상품,물류,"['allseadata', 'co2', '선종별', '올시데이터', '이산화탄소']",70,1,70.0
bigdata-sea,page_001318.html,-,컨테이너선 선주사 선대별 co2발생량,선주사 선대별 co2발생량,0,SHIP_OWNER_NM|SHIP_CNT|DPTR_HMS|ARVL_HMS|CDBX,True,2025-07-15,ARVL_HMS-CDBX-DPTR_HMS-SHIP_CNT-SHIP_OWNER_NM,올시데이터,해운물류,"CSV, JSON, XML","['allseadata', 'co2', '선대별', '선주', '올시데이터', '이산화탄소']",소비/유통,상품,물류,"['allseadata', 'co2', '선대별', '선주', '올시데이터', '이산화탄소']",26112,399,26112.0
bigdata-sea,page_001319.html,-,컨테이너선 선박별 nox발생량,선박별 nox발생량,0,MMSI|IMO_IDNTF_NO|SHIP_NM|SHIP_KIND|SHIP_WDTH|SHIP_LNTH|SHIP_HGHT|SHIP_OWNER_NM|DRAFT|SHPYRD_NM|BULD_YR|DDWGHT|DPTR_HMS|ARVL_HMS|DPTRP_LA|DPTRP_LO|DTNT_LA|DTNT_LO|ADDTI_RSTC|TOT_RSTC|RL_POWER|FUEL_CNSMP_QTY|NOX,True,2025-07-15,ADDTI_RSTC-ARVL_HMS-BULD_YR-DDWGHT-DPTRP_LA-DPTRP_LO-DPTR_HMS-DRAFT-DTNT_LA-DTNT_LO-FUEL_CNSMP_QTY-IMO_IDNTF_NO-MMSI-NOX-RL_POWER-SHIP_HGHT-SHIP_KIND-SHIP_LNTH-SHIP_NM-SHIP_OWNER_NM-SHIP_WDTH-SHPYRD_NM-TOT_RSTC,올시데이터,해운물류,"CSV, JSON, XML","['allseadata', 'nox', '선박별', '올시데이터', '질소산화물']",산업/기술,해양/수산,선박,"['allseadata', 'nox', '선박별', '올시데이터', '질소산화물']",273844,5255,273844.0
bigdata-sea,page_001320.html,-,컨테이너선 선종별 nox발생량,선종별 nox발생량,0,SHIP_KIND|SHIP_CNT|DPTR_HMS|ARVL_HMS|NOX,True,2025-07-15,ARVL_HMS-DPTR_HMS-NOX-SHIP_CNT-SHIP_KIND,올시데이터,해운물류,"CSV, JSON, XML","['allseadata', 'nox', '선종별', '올시데이터', '질소산화물']",산업/기술,해양/수산,선박,"['allseadata', 'nox', '선종별', '올시데이터', '질소산화물']",67,1,67.0
bigdata-sea,page_001321.html,-,컨테이너선 선주사 선대별 nox발생량,선주사 선대별 nox발생량,0,SHIP_OWNER_NM|SHIP_CNT|DPTR_HMS|ARVL_HMS|NOX,True,2025-07-15,ARVL_HMS-DPTR_HMS-NOX-SHIP_CNT-SHIP_OWNER_NM,올시데이터,해운물류,"CSV, JSON, XML","['allseadata', 'nox', '선대별', '선주', '올시데이터', '질소산화물']",산업/기술,해양/수산,선박,"['allseadata', 'nox', '선대별', '선주', '올시데이터', '질소산화물']",25226,399,25226.0
bigdata-sea,page_001322.html,-,컨테이너선 선주사 선대별 화물/발라스트 탱크 사용률,선주사 선대별 화물/발라스트 탱크 사용률,0,SHIP_OWNER_NM|SHIP_CNT|DPTR_HMS|ARVL_HMS|NVGTN_TM|PRT_NCHRG_TM|BLLAT_HOUR|FRGHT_CNVNC_TM|NNVGTN_TM,True,2025-07-15,ARVL_HMS-BLLAT_HOUR-DPTR_HMS-FRGHT_CNVNC_TM-NNVGTN_TM-NVGTN_TM-PRT_NCHRG_TM-SHIP_CNT-SHIP_OWNER_NM,올시데이터,해운물류,"CSV, JSON, XML","['allseadata', '발라스트탱크', '사용율', '선대별', '선주', '올시데이터', '화물탱크']",소비/유통,상품,물류,"['allseadata', '발라스트탱크', '사용율', '선대별', '선주', '올시데이터', '화물탱크']",30400,400,30400.0
bigdata-sea,page_001323.html,-,컨테이너선 선박별 화물/발라스트 탱크 사용률,선박별 화물/발라스트 탱크 사용률,0,MMSI|IMO_IDNTF_NO|SHIP_NM|SHIP_KIND|SHIP_WDTH|SHIP_LNTH|SHIP_HGHT|SHIP_OWNER_NM|DRAFT|SHPYRD_NM|BULD_YR|DDWGHT|DPTR_HMS|ARVL_HMS|DPTRP_LA|DPTRP_LO|DTNT_LA|DTNT_LO|NVGTN_TM|PRT_NCHRG_TM|BLLAT_HOUR|FRGHT_CNVNC_TM|NNVGTN_TM,True,2025-07-15,ARVL_HMS-BLLAT_HOUR-BULD_YR-DDWGHT-DPTRP_LA-DPTRP_LO-DPTR_HMS-DRAFT-DTNT_LA-DTNT_LO-FRGHT_CNVNC_TM-IMO_IDNTF_NO-MMSI-NNVGTN_TM-NVGTN_TM-PRT_NCHRG_TM-SHIP_HGHT-SHIP_KIND-SHIP_LNTH-SHIP_NM-SHIP_OWNER_NM-SHIP_WDTH-SHPYRD_NM,올시데이터,해운물류,"CSV, JSON, XML","['allseadata', '발라스트탱크', '사용율', '선박별', '올시데이터', '화물탱크']",산업/기술,해양/수산,선박,"['allseadata', '발라스트탱크', '사용율', '선박별', '올시데이터', '화물탱크']",248650,4973,248650.0
bigdata-sea,page_001324.html,-,컨테이너선 선종별 화물/발라스트 탱크 사용률,선종별 화물/발라스트 탱크 사용률,0,SHIP_KIND|SHIP_CNT|DPTR_HMS|ARVL_HMS|NVGTN_TM|PRT_NCHRG_TM|BLLAT_HOUR|FRGHT_CNVNC_TM|NNVGTN_TM,True,2025-07-15,ARVL_HMS-BLLAT_HOUR-DPTR_HMS-FRGHT_CNVNC_TM-NNVGTN_TM-NVGTN_TM-PRT_NCHRG_TM-SHIP_CNT-SHIP_KIND,올시데이터,해운물류,"CSV, JSON, XML","['allseadata', '발라스트탱크', '사용율', '선종', '올시데이터', '화물탱크']",산업/기술,해양/수산,선박,"['allseadata', '발라스트탱크', '사용율', '선종', '올시데이터', '화물탱크']",78,1,78.0
bigdata-sea,page_001325.html,-,컨테이너선 항로별 선박활용율,항로별 선박활용율,0,DPTR_CN_NM|ARVL_CN_NM|DPRT_PRT_CD|ARRV_PRT_CD|DPTR_PRT_NM|ARVL_PRT_NM|SHIP_CNT|DPTR_HMS|ARVL_HMS|PRCUSE_RT|NVGTN_TM|PRT_NCHRG_TM|BLLAT_HOUR|FRGHT_CNVNC_TM|NNVGTN_TM,True,2025-07-15,ARRV_PRT_CD-ARVL_CN_NM-ARVL_HMS-ARVL_PRT_NM-BLLAT_HOUR-DPRT_PRT_CD-DPTR_CN_NM-DPTR_HMS-DPTR_PRT_NM-FRGHT_CNVNC_TM-NNVGTN_TM-NVGTN_TM-PRCUSE_RT-PRT_NCHRG_TM-SHIP_CNT,올시데이터,해운물류,"CSV, JSON, XML","['allseadata', '발라스트탱크', '사용율', '올시데이터', '항로별', '화물탱크']",소비/유통,상품,물류,"['allseadata', '발라스트탱크', '사용율', '올시데이터', '항로별', '화물탱크']",2844829,39943,2844829.0
bigdata-sea,page_001326.html,-,컨테이너선 선박별 활용률,선박별 활용률,0,MMSI|IMO_IDNTF_NO|SHIP_NM|SHIP_KIND|SHIP_WDTH|SHIP_LNTH|SHIP_HGHT|SHIP_OWNER_NM|DRAFT|SHPYRD_NM|BULD_YR|DDWGHT|DPTR_HMS|ARVL_HMS|DPTRP_LA|DPTRP_LO|DTNT_LA|DTNT_LO|PRCUSE_RT|NVGTN_TM|PRT_NCHRG_TM|BLLAT_HOUR|FRGHT_CNVNC_TM|NNVGTN_TM,True,2025-07-15,ARVL_HMS-BLLAT_HOUR-BULD_YR-DDWGHT-DPTRP_LA-DPTRP_LO-DPTR_HMS-DRAFT-DTNT_LA-DTNT_LO-FRGHT_CNVNC_TM-IMO_IDNTF_NO-MMSI-NNVGTN_TM-NVGTN_TM-PRCUSE_RT-PRT_NCHRG_TM-SHIP_HGHT-SHIP_KIND-SHIP_LNTH-SHIP_NM-SHIP_OWNER_NM-SHIP_WDTH-SHPYRD_NM,올시데이터,해운물류,"CSV, JSON, XML","['allseadata', '선박별', '올시데이터', '활용율']",산업/기술,해양/수산,선박,"['allseadata', '선박별', '올시데이터', '활용율']",250308,4973,250308.0
bigdata-sea,page_001327.html,-,컨테이너선 선종별 활용률,선종별 활용률,0,SHIP_KIND|SHIP_CNT|DPTR_HMS|ARVL_HMS|PRCUSE_RT|NVGTN_TM|PRT_NCHRG_TM|BLLAT_HOUR|FRGHT_CNVNC_TM|NNVGTN_TM,True,2025-07-15,ARVL_HMS-BLLAT_HOUR-DPTR_HMS-FRGHT_CNVNC_TM-NNVGTN_TM-NVGTN_TM-PRCUSE_RT-PRT_NCHRG_TM-SHIP_CNT-SHIP_KIND,올시데이터,해운물류,"CSV, JSON, XML","['allseadata', '선종', '올시데이터', '활용율']",소비/유통,상품,물류,"['allseadata', '선종', '올시데이터', '활용율']",79,1,79.0
bigdata-sea,page_001328.html,-,컨테이너선 선주사 선대별 활용률,선주사 선대별 활용률,0,SHIP_OWNER_NM|SHIP_CNT|DPTR_HMS|ARVL_HMS|PRCUSE_RT|NVGTN_TM|PRT_NCHRG_TM|BLLAT_HOUR|FRGHT_CNVNC_TM|NNVGTN_TM,True,2025-07-15,ARVL_HMS-BLLAT_HOUR-DPTR_HMS-FRGHT_CNVNC_TM-NNVGTN_TM-NVGTN_TM-PRCUSE_RT-PRT_NCHRG_TM-SHIP_CNT-SHIP_OWNER_NM,올시데이터,해운물류,"CSV, JSON, XML","['allseadata', '선대별', '선주', '올시데이터', '활용률']",소비/유통,상품,물류,"['allseadata', '선대별', '선주', '올시데이터', '활용률']",27778,400,27778.0
bigdata-sea,page_001329.html,-,컨테이너선 조선소별 인도선박 성능,조선소별 인도선박 성능,0,SHPYRD_NM|SHIP_CNT|DPTR_HMS|ARVL_HMS|PRFMC|FUEL_CNSMP_QTY|NVGTN_DIST,True,2025-07-15,ARVL_HMS-DPTR_HMS-FUEL_CNSMP_QTY-NVGTN_DIST-PRFMC-SHIP_CNT-SHPYRD_NM,올시데이터,해운물류,"CSV, JSON, XML","['allseadata', '성능', '올시데이터', '인도선박', '조선소별']",산업/기술,해양/수산,선박,"['allseadata', '성능', '올시데이터', '인도선박', '조선소별']",18030,226,18030.0
bigdata-sea,page_001330.html,-,컨테이너선 선박별 성능,선박별 성능,0,MMSI|IMO_IDNTF_NO|SHIP_NM|SHIP_KIND|SHIP_WDTH|SHIP_LNTH|SHIP_HGHT|SHIP_OWNER_NM|DRAFT|SHPYRD_NM|BULD_YR|DDWGHT|DPTR_HMS|ARVL_HMS|DPTRP_LA|DPTRP_LO|DTNT_LA|DTNT_LO|PRFMC|FUEL_CNSMP_QTY|NVGTN_DIST,True,2025-07-15,ARVL_HMS-BULD_YR-DDWGHT-DPTRP_LA-DPTRP_LO-DPTR_HMS-DRAFT-DTNT_LA-DTNT_LO-FUEL_CNSMP_QTY-IMO_IDNTF_NO-MMSI-NVGTN_DIST-PRFMC-SHIP_HGHT-SHIP_KIND-SHIP_LNTH-SHIP_NM-SHIP_OWNER_NM-SHIP_WDTH-SHPYRD_NM,올시데이터,해운물류,"CSV, JSON, XML","['allseadata', '선박별', '성능', '올시데이터']",산업/기술,해양/수산,선박,"['allseadata', '선박별', '성능', '올시데이터']",266837,5255,266837.0
bigdata-sea,page_001331.html,-,컨테이너선 선주사 선대별 선박 성능,선주사 선대별 선박 성능,0,SHIP_OWNER_NM|SHIP_CNT|DPTR_HMS|ARVL_HMS|PRFMC|FUEL_CNSMP_QTY|NVGTN_DIST,True,2025-07-15,ARVL_HMS-DPTR_HMS-FUEL_CNSMP_QTY-NVGTN_DIST-PRFMC-SHIP_CNT-SHIP_OWNER_NM,올시데이터,해운물류,"CSV, JSON, XML","['allseadata', '선대별', '선박', '선주', '성능', '올시데이터']",산업/기술,해양/수산,선박,"['allseadata', '선대별', '선박', '선주', '성능', '올시데이터']",31388,399,31388.0
bigdata-sea,page_001332.html,-,컨테이너선 항로별  co2발생량,항로별  co2발생량,0,DPTR_CN_NM|ARVL_CN_NM|DPRT_PRT_CD|ARRV_PRT_CD|DPTR_PRT_NM|ARVL_PRT_NM|SHIP_CNT|DPTR_HMS|ARVL_HMS|CDBX,True,2025-07-15,ARRV_PRT_CD-ARVL_CN_NM-ARVL_HMS-ARVL_PRT_NM-CDBX-DPRT_PRT_CD-DPTR_CN_NM-DPTR_HMS-DPTR_PRT_NM-SHIP_CNT,올시데이터,해운물류,"CSV, JSON, XML","['allseadata', 'co2', '올시데이터', '이산화탄소', '항로별']",소비/유통,상품,물류,"['allseadata', 'co2', '올시데이터', '이산화탄소', '항로별']",986729,17078,986729.0
bigdata-sea,page_001333.html,-,컨테이너선 선주사 선대별 co2발생량 순위,선주사 선대별 co2발생량 순위,0,RANK|SHIP_OWNER_NM|SHIP_CNT|DPTR_HMS|ARVL_HMS|CDBX,True,2025-07-15,ARVL_HMS-CDBX-DPTR_HMS-RANK-SHIP_CNT-SHIP_OWNER_NM,올시데이터,해운물류,"CSV, JSON, XML","['allseadata', 'co2', '선대별', '선주', '순위', '올시데이터', '이산화탄소']",산업/기술,해양/수산,선박,"['allseadata', 'co2', '선대별', '선주', '순위', '올시데이터', '이산화탄소']",26600,399,26600.0
bigdata-sea,page_001334.html,-,컨테이너선 항로별  nox발생량,항로별  nox발생량,0,DPTR_CN_NM|ARVL_CN_NM|DPRT_PRT_CD|ARRV_PRT_CD|DPTR_PRT_NM|ARVL_PRT_NM|SHIP_CNT|DPTR_HMS|ARVL_HMS|NOX,True,2025-07-15,ARRV_PRT_CD-ARVL_CN_NM-ARVL_HMS-ARVL_PRT_NM-DPRT_PRT_CD-DPTR_CN_NM-DPTR_HMS-DPTR_PRT_NM-NOX-SHIP_CNT,올시데이터,해운물류,"CSV, JSON, XML","['allseadata', 'nox', '올시데이터', '질소산화물', '항로별']",소비/유통,상품,물류,"['allseadata', 'nox', '올시데이터', '질소산화물', '항로별']",986729,17078,986729.0
bigdata-sea,page_001335.html,-,컨테이너선 선주사 선대별 nox발생량 순위,선주사 선대별 nox발생량 순위,0,RANK|SHIP_OWNER_NM|SHIP_CNT|DPTR_HMS|ARVL_HMS|NOX,True,2025-07-15,ARVL_HMS-DPTR_HMS-NOX-RANK-SHIP_CNT-SHIP_OWNER_NM,올시데이터,해운물류,"CSV, JSON, XML","['allseadata', 'cnox', '선대별', '선주', '순위', '올시데이터', '질소산화물']",산업/기술,해양/수산,선박,"['allseadata', 'cnox', '선대별', '선주', '순위', '올시데이터', '질소산화물']",25492,399,25492.0
bigdata-sea,page_001336.html,-,컨테이너선 선주사 선대별 활용률 순위,선주사 선대별 활용률 순위,0,RANK|SHIP_OWNER_NM|SHIP_CNT|DPTR_HMS|ARVL_HMS|PRCUSE_RT|NVGTN_TM|PRT_NCHRG_TM|BLLAT_HOUR|FRGHT_CNVNC_TM|NNVGTN_TM,True,2025-07-15,ARVL_HMS-BLLAT_HOUR-DPTR_HMS-FRGHT_CNVNC_TM-NNVGTN_TM-NVGTN_TM-PRCUSE_RT-PRT_NCHRG_TM-RANK-SHIP_CNT-SHIP_OWNER_NM,올시데이터,해운물류,"CSV, JSON, XML","['allseadata', '선대별', '선주', '순위', '올시데이터', '활용률']",소비/유통,상품,물류,"['allseadata', '선대별', '선주', '순위', '올시데이터', '활용률']",28133,400,28133.0
bigdata-sea,page_001337.html,-,컨테이너선 조선소별 인도선박 성능 순위,조선소별 인도선박 성능 순위,0,RANK|SHPYRD_NM|SHIP_CNT|DPTR_HMS|ARVL_HMS|PRFMC|FUEL_CNSMP_QTY|NVGTN_DIST,True,2025-07-15,ARVL_HMS-DPTR_HMS-FUEL_CNSMP_QTY-NVGTN_DIST-PRFMC-RANK-SHIP_CNT-SHPYRD_NM,올시데이터,해운물류,"CSV, JSON, XML","['allseadata', '성능', '순위', '올시데이터', '인도선박', '조선소별']",산업/기술,해양/수산,선박,"['allseadata', '성능', '순위', '올시데이터', '인도선박', '조선소별']",16674,226,16674.0
bigdata-sea,page_001338.html,-,울산권 양식장 위성 정보(2023),울산권 해상구역의 양식장 위성영상,0,LO|LA|RSOLTN_X|RSOLTN_Y|IMG_COLCT_YMD|STLIMG_BND|TIF_FILE_NM|TFW_FILE_NM|FILE_STR_COURS,True,2025-07-15,FILE_STR_COURS-IMG_COLCT_YMD-LA-LO-RSOLTN_X-RSOLTN_Y-STLIMG_BND-TFW_FILE_NM-TIF_FILE_NM,한국해양대학교 산학협력단,해사안전,"CSV, JSON, XML","['Marine', 'Maritime', 'Ship', 'Vessl', '경제운항', '선박', '안전운항', '양식장', '양식장경계', '위성영상', '조선', '해사', '해양']",산업/기술,해양/수산,양식,"['Marine', 'Maritime', 'Ship', 'Vessl', '경제운항', '선박', '안전운항', '양식장', '양식장경계', '위성영상', '조선', '해사', '해양']",378,6,378.0
bigdata-sea,page_001339.html,-,울산권 양식장 경계 추출 데이터(2023),울산권 양식장 경계추출 이미지 데이터,0,,True,2025-07-15,,한국해양대학교 산학협력단,해사안전,"CSV, JSON, XML","['Marine', 'Maritime', 'Ship', 'Vessel', '경제운항', '선박', '안전운항', '양식장', '양식장경계', '양식장메타데이터', '조선', '해사', '해양']",산업/기술,해양/수산,양식,"['Marine', 'Maritime', 'Ship', 'Vessel', '경제운항', '선박', '안전운항', '양식장', '양식장경계', '양식장메타데이터', '조선', '해사', '해양']",-,-1,
bigdata-sea,page_001340.html,-,부산권 양식장 위성 정보(2023),부산권 해상구역의 양식장 위성영상,0,,True,2025-07-15,,한국해양대학교 산학협력단,해사안전,"CSV, JSON, XML","['Marine', 'Maritime', 'Ship', 'Vessel', '경제운항', '선박', '안전운항', '양식장', '양식장경계', '위성영상', '조선', '해사', '해양']",산업/기술,해양/수산,어업,"['Marine', 'Maritime', 'Ship', 'Vessel', '경제운항', '선박', '안전운항', '양식장', '양식장경계', '위성영상', '조선', '해사', '해양']",-,-1,
bigdata-sea,page_001341.html,-,부산권 양식장 경계 추출 데이터(2023),부산권 해상구역의 양식장 경계 정보,0,,True,2025-07-15,,한국해양대학교 산학협력단,해사안전,"CSV, JSON, XML","['Marine', 'Maritime', 'Ship', 'Vessel', '경제운항', '선박', '안전운항', '양식장', '양식장경계', '양식장메타데이터', '조선', '해사', '해양']",산업/기술,해양/수산,양식,"['Marine', 'Maritime', 'Ship', 'Vessel', '경제운항', '선박', '안전운항', '양식장', '양식장경계', '양식장메타데이터', '조선', '해사', '해양']",-,-1,
bigdata-sea,page_001342.html,-,거제·창원권 양식장 위성 정보(2023),거제창원권 해상구역의 양식장 위성 영상,0,,True,2025-07-15,,한국해양대학교 산학협력단,해사안전,"CSV, JSON, XML","['Marine', 'Maritime', 'Ship', 'Vessel', '경제운항', '선박', '안전운항', '양식장', '양식장경계\\', '위성영상', '조선', '해사', '해양']",산업/기술,해양/수산,양식,"['Marine', 'Maritime', 'Ship', 'Vessel', '경제운항', '선박', '안전운항', '양식장', '양식장경계\\', '위성영상', '조선', '해사', '해양']",-,-1,
bigdata-sea,page_001343.html,-,거제·창원권 양식장 경계 추출 데이터(2023),거제창원권 해상구역의 양식장 경계 정보,0,,True,2025-07-15,,한국해양대학교 산학협력단,해사안전,"CSV, JSON, XML","['Marine', 'Maritime', 'Ship', 'Vessel', '경제운항', '선박', '안전운항', '양식장', '양식장경계', '양식장메타데이터', '조선', '해사', '해양']",산업/기술,해양/수산,양식,"['Marine', 'Maritime', 'Ship', 'Vessel', '경제운항', '선박', '안전운항', '양식장', '양식장경계', '양식장메타데이터', '조선', '해사', '해양']",-,-1,
bigdata-sea,page_001344.html,-,고성·통영권 양식장 위성 정보(2023),고성통영권 해상구역의 양식장 위성영상,0,,True,2025-07-15,,한국해양대학교 산학협력단,해사안전,"CSV, JSON, XML","['Marine', 'Maritime', 'Ship', 'Vessel', '경제운항', '선박', '안전운항', '양식장', '양식장경계', '위성영상', '조선', '해사', '해양']",산업/기술,해양/수산,양식,"['Marine', 'Maritime', 'Ship', 'Vessel', '경제운항', '선박', '안전운항', '양식장', '양식장경계', '위성영상', '조선', '해사', '해양']",-,-1,
bigdata-sea,page_001345.html,-,고성·통영권 양식장 경계 추출 데이터(2023),고성통영권 해상구역의 양식장 경계 정보,0,,True,2025-07-15,,한국해양대학교 산학협력단,해사안전,"CSV, JSON, XML","['Marine', 'Maritime', 'Ship', 'Vessel', '경제운항', '선박', '안전운항', '양식장', '양식장경계', '양식장메타데이터', '조선', '해사', '해양']",산업/기술,해양/수산,어업,"['Marine', 'Maritime', 'Ship', 'Vessel', '경제운항', '선박', '안전운항', '양식장', '양식장경계', '양식장메타데이터', '조선', '해사', '해양']",-,-1,
bigdata-sea,page_001346.html,-,남해·사천권 양식장 위성 정보(2023),남해사천권 해상구역의 양식장 위성영상,0,,True,2025-07-15,,한국해양대학교 산학협력단,해사안전,"CSV, JSON, XML","['Marine', 'Maritime', 'Ship', 'Vessel', '경제운항', '선박', '안전운항', '양식장', '양식장경계', '위성영상', '조선', '해사', '해양']",산업/기술,해양/수산,어업,"['Marine', 'Maritime', 'Ship', 'Vessel', '경제운항', '선박', '안전운항', '양식장', '양식장경계', '위성영상', '조선', '해사', '해양']",-,-1,
bigdata-sea,page_001347.html,-,남해·사천권 양식장 경계 추출 데이터(2023),남해사천권 해상구역의 양식장 경계 정보,0,,True,2025-07-15,,한국해양대학교 산학협력단,해사안전,"CSV, JSON, XML","['Marine', 'Maritime', 'Ship', 'Vessel', '경제운항', '선박', '안전운항', '양식장', '양식장경계', '양식장메타데이터', '조선', '해사', '해양']",산업/기술,해양/수산,양식,"['Marine', 'Maritime', 'Ship', 'Vessel', '경제운항', '선박', '안전운항', '양식장', '양식장경계', '양식장메타데이터', '조선', '해사', '해양']",-,-1,
bigdata-sea,page_001348.html,-,해양생태 비정형 데이터,"해양생물영상, 해양교육생태동영상, 해양생태교육을 위한 OVR 비정형 데이터",0,,True,2025-07-15,,빌리언21,해양환경,"CSV, JSON, XML","['3D', 'VR', '갯벌', '바다', '바다생물', '바다홍보', '생물', '생물학명', '어촌어항', '해양교육', '해양생태', '해양수산부']",산업/기술,해양/수산,해양,"['3D', 'VR', '갯벌', '바다', '바다생물', '바다홍보', '생물', '생물학명', '어촌어항', '해양교육', '해양생태', '해양수산부']",-,-1,
bigdata-transportation,definition_20356.xlsx,차량 주행기록 데이터 관련 이벤트 데이터,차량 주행기록 데이터 관련 이벤트 데이터,차량주행 기록 데이터 관련 이벤트 발생 데이터,0,컬럼명(한글)|주행기록_키|자동차_키|이벤트_알고리즘버전|이벤트_아이디|이벤트_주행묶음자|이벤트_코드|이벤트_발생시간|이벤트_종료시간|이벤트_주행거리|이벤트_주행시간|이벤트_평균속력|이벤트_알피엠|이벤트_에이피에스|이벤트_티피에스|이벤트_알피에스|이벤트_엠에이에프|이벤트_연료레벨|이벤트_토크|이벤트_냉각수온도|이벤트_엔진오일온도|이벤트_엔진부하|이벤트_매니폴드압력|이벤트_대기온도|이벤트_압력|이벤트_하이브리드충전량|이벤트_디피에프|이벤트_디피에프온도|이벤트_흡기온도|이벤트_배기가스온도1|이벤트_배기가스온도2|이벤트_발생종료차이|이벤트_글로벌타임|이벤트_등록시간|이벤트_업로드시간|이벤트_업데이트시간|이벤트_서버업데이트시간|이벤트_단기뱅크1|이벤트_단기뱅크2|이벤트_장기뱅크1|이벤트_장기뱅크2,True,2025-07-15,이벤트_글로벌타임-이벤트_냉각수온도-이벤트_단기뱅크1-이벤트_단기뱅크2-이벤트_대기온도-이벤트_등록시간-이벤트_디피에프-이벤트_디피에프온도-이벤트_매니폴드압력-이벤트_발생시간-이벤트_발생종료차이-이벤트_배기가스온도1-이벤트_배기가스온도2-이벤트_서버업데이트시간-이벤트_아이디-이벤트_알고리즘버전-이벤트_알피에스-이벤트_알피엠-이벤트_압력-이벤트_업데이트시간-이벤트_업로드시간-이벤트_에이피에스-이벤트_엔진부하-이벤트_엔진오일온도-이벤트_엠에이에프-이벤트_연료레벨-이벤트_장기뱅크1-이벤트_장기뱅크2-이벤트_종료시간-이벤트_주행거리-이벤트_주행묶음자-이벤트_주행시간-이벤트_코드-이벤트_토크-이벤트_티피에스-이벤트_평균속력-이벤트_하이브리드충전량-이벤트_흡기온도-자동차_키-주행기록_키-컬럼명(한글),한국도로공사,도로,CSV / ZIP,"['자동차', '주행기록', '주행상태 정보']",산업/기술,IT기술,IoT,"['자동차', '주행기록', '주행상태 정보']",3.65 KB,-1,3737.0
bigdata-transportation,definition_20110.xlsx,경주시 BIS 버스 이벤트 로그,경주시 BIS 버스 이벤트 로그,"경주시 버스 정류장 도착 및 출발 정보 데이터입니다. 승차 및 하차 시각, 정차시간과 정류장 위치 정보 데이터를 제공합니다.",0,컬럼명(한글)|이벤트시각|노선명|노선설명|정류장도착시각|정류장출발시각|정차시간(초)|운행구분|이벤트구분|정류장명|정류장 GPS X|정류장 GPS Y,True,2025-07-15,노선명-노선설명-운행구분-이벤트구분-이벤트시각-정류장 GPS X-정류장 GPS Y-정류장도착시각-정류장명-정류장출발시각-정차시간(초)-컬럼명(한글),포항테크노파크,버스,CSV / ZIP,"['포항테크노파크', '교통', '경주', '버스', '정류장', '정류장도착시각', '정류장출발시각', '정류장위치']",공간/위치,위치기반,위치데이터,"['포항테크노파크', '교통', '경주', '버스', '정류장', '정류장도착시각', '정류장출발시각', '정류장위치']",923.14 MB,-1,967982448.0
bigdata-transportation,definition_20112.xlsx,경주시 교통카드 사용내역 데이터,경주시 교통카드 사용내역 데이터,"경주시 버스정보시스템(BIS)에서 버스 사용자의 교통카드 사용내역 데이터입니다. 승차 및 하차 시각과 정류장 위치 정보, 교통카드 사용고객 연령대 정보가 포함되어 있습니다. 데이터 축적 이후에 일괄 저장하는 형태로 실시간 데이터는 아닙니다.",0,컬럼명(한글)|노선번호|노선명|승차시각|하차시각|승차정류장|승차정류장 GPS X|승차정류장 GPS Y|하차정류장|하차정류장 GPS X|하차정류장 GPS Y|일반승객건수|청소년건수|어린이건수|환승여부|추가운임여부,True,2025-07-15,노선명-노선번호-승차시각-승차정류장-승차정류장 GPS X-승차정류장 GPS Y-어린이건수-일반승객건수-청소년건수-추가운임여부-컬럼명(한글)-하차시각-하차정류장-하차정류장 GPS X-하차정류장 GPS Y-환승여부,포항테크노파크,버스,CSV / ZIP,"['포항테크노파크', '교통', '경주', '버스', 'BIS', '정류장', '승차시각', '하차시각', '승차정류장', '하차정류장']",공공/행정,정책,공공데이터,"['포항테크노파크', '교통', '경주', '버스', 'BIS', '정류장', '승차시각', '하차시각', '승차정류장', '하차정류장']",341.56 MB,-1,358151618.0
bigdata-transportation,definition_20280.xlsx,데이터셋 명세서(스쿨존 단독주택 주차장 정보),스쿨존 단독주택 주차장 정보,수도권 내 어린이보호구역에 접한 단독주택을 대상으로 한 주변 주차장 정보,0,컬럼명(한글)|필지고유번호|필지별 순번|시군구코드|읍면동리코드|지번구분|본번|부번|지번주소|인근 주차장수|인근 주차장 순번|주차장 구분|주차장 유형|주차장관리번호|주차장명|주차단위구획수|요금 구분|주차장 경도|주차장 위도|주차장거리,True,2025-07-15,본번-부번-시군구코드-요금 구분-읍면동리코드-인근 주차장 순번-인근 주차장수-주차단위구획수-주차장 경도-주차장 구분-주차장 위도-주차장 유형-주차장거리-주차장관리번호-주차장명-지번구분-지번주소-컬럼명(한글)-필지고유번호-필지별 순번,한국부동산원,융합,CSV / ZIP,"['스쿨존', '단독주택', '주택', '주차장', '어린이', '보호구역', '노상']",공간/위치,인구이동,주거인구,"['스쿨존', '단독주택', '주택', '주차장', '어린이', '보호구역', '노상']",77.76 MB,-1,81537269.0
bigdata-transportation,definition_20135.xlsx,교통혼잡비용_행정구역_읍면동단위,교통혼잡비용_행정구역_읍면동단위,"교통혼잡비용은 도로에서 교통혼잡으로 인해 발생하는 추가적인 사회적 손실을 산정한 비용을 의미하며, 읍면동 경계로 구분된 데이터로 단위는 만원/일",0,컬럼명(한글)|시도코드|시군구코드|읍면동코드|주_유형|전체_교통혼잡비용|승용차_교통혼잡비용|버스_교통혼잡비용|화물차_교통혼잡비용,True,2025-07-15,버스_교통혼잡비용-승용차_교통혼잡비용-시군구코드-시도코드-읍면동코드-전체_교통혼잡비용-주_유형-컬럼명(한글)-화물차_교통혼잡비용,한국교통연구원,일반·기타,CSV / ZIP,"['View-T', '교통혼잡지표', '교통혼잡비용', '차종구분', '연평균', '행정구역읍면동단위', '2018년']",공공/행정,정책,공공데이터,"['View-T', '교통혼잡지표', '교통혼잡비용', '차종구분', '연평균', '행정구역읍면동단위', '2018년']",187.94 KB,-1,192450.0
bigdata-transportation,definition_20264.xlsx,길단위_업종별 창업 점포 수,길단위 업종별 창업 점포 수,도로 형상정보를 중심으로 1년 내 창업한 점포 수를 업종별로 집계하여 정의,0,컬럼명(한글)|시도코드|시도명|시군구코드|시군구명|도로명|도로번호|도로길이|창업점포수|형상정보,True,2025-07-15,도로길이-도로명-도로번호-시군구명-시군구코드-시도명-시도코드-창업점포수-컬럼명(한글)-형상정보,오픈메이트,공간,CSV / EGG,"['길', '도로', '상권', '상권분석', '상가업소', '창업', '전국', '소상공인', '지역상권', '활성도']",기타,기타,기타,"['길', '도로', '상권', '상권분석', '상가업소', '창업', '전국', '소상공인', '지역상권', '활성도']",2.34 GB,-1,2512555868.0
bigdata-transportation,definition_20375.xlsx,혼잡시간강도_행정구역_읍면동단위,혼잡시간강도_행정구역_읍면동단위,"혼잡시간강도는 도로를 주행하는 모든 차량이 경험한 총 통행시간대비 혼잡을 경험한 차량의 총 통행시간의 비율을 의미하며, 읍면동 경계로 구분된 데이터로 단위는 %",0,컬럼명(한글)|시도코드|시군구코드|읍면동코드|주_유형|혼잡시간강도,True,2025-07-15,시군구코드-시도코드-읍면동코드-주_유형-컬럼명(한글)-혼잡시간강도,한국교통연구원,도로,CSV / ZIP,"['혼잡시간강도', '행정구역읍면동단위', '평일', '연평균', '속도지표', '2019년', 'View-T']",공공/행정,정책,공공데이터,"['혼잡시간강도', '행정구역읍면동단위', '평일', '연평균', '속도지표', '2019년', 'View-T']",118.31 KB,-1,121149.0
bigdata-transportation,definition_20512.xlsx,접근로별보행자통계,인천시 스마트교차로 접근로기준 횡단 보행자 통계,인천시 관내 스마트교차로 영상인식 장치에서 수집된 개별보행자 데이터를 접근로 기준으로 집계한 횡단 보행자 통계 데이터(15분 단위),0,컬럼명(한글),True,2025-07-15,컬럼명(한글),인천시청,도로,XLSX / ZIP,"['15분', '보행자', '접근로', '스마트교차로', '통계']",공간/위치,인구이동,유동인구,"['15분', '보행자', '접근로', '스마트교차로', '통계']",41.81 MB,-1,43840962.0
bigdata-transportation,definition_20553.xlsx,테이블정의서,한전요금제별 충전요금 분석  데이터(분기 단위),전기차 충전 데이터를 충전기가 사용 중인 한전요금제별로 분류하여 충전요금을 분석,740300,컬럼명(한글)|충전소ID|충전기ID|충전건ID|시작일시|종료일시|전력량요금명|기본요금|전력사용요금|전력사용요금(경부하)|전력사용요금(중간부하)|전력사용요금(최대부하)|비고|생산일시,True,2025-07-15,기본요금-비고-생산일시-시작일시-전력량요금명-전력사용요금-전력사용요금(경부하)-전력사용요금(중간부하)-전력사용요금(최대부하)-종료일시-충전건ID-충전기ID-충전소ID-컬럼명(한글),주식회사 펌프킨,융합,CSV / ZIP,"['전기차', '한전요금제', '충전요금']",데이터분석,빅데이터,분석,"['전기차', '한전요금제', '충전요금']",-1,-1,1.0
bigdata-transportation,definition_20050.xlsx,데이터셋 명세서(아파트 분양 가점정보),아파트 분양 가점정보,전국 민영주택의 주택형 및 지역구분별 당첨가점 정보,0,컬럼명(한글)|주택관리번호|주택명|모델번호|주택형|일반공급순위|거주지|최저가점|최고가점|평균가점,True,2025-07-15,거주지-모델번호-일반공급순위-주택관리번호-주택명-주택형-최고가점-최저가점-컬럼명(한글)-평균가점,한국부동산원,공간,CSV / ZIP,"['전국', '청약', '아파트', '당첨가점', '주택형', '거주지역', '최저가점', '최고가점', '평균가점']",공간/위치,인구이동,주거인구,"['전국', '청약', '아파트', '당첨가점', '주택형', '거주지역', '최저가점', '최고가점', '평균가점']",77.92 MB,-1,81705041.0
bigdata-transportation,definition_20052.xlsx,데이터셋 명세서(역세권 공동주택 실거래정보),역세권 공동주택 실거래정보,"수도권 지하철역사로부터 반경 500m 내 공동주택(아파트,연립,다세대,오피스텔)의 실거래(매매,전월세) 정보",0,컬럼명(한글)|시군구코드|읍면동리코드|지번구분|본번|부번|주소명|주택유형|단지명|건축년도|층|전용면적|계약년월|계약일|거래구분|거래금액|보증금액|월세금액|인접지하철역명|인접지하철역거리,True,2025-07-15,거래구분-거래금액-건축년도-계약년월-계약일-단지명-보증금액-본번-부번-시군구코드-월세금액-읍면동리코드-인접지하철역거리-인접지하철역명-전용면적-주소명-주택유형-지번구분-층-컬럼명(한글),한국부동산원,공간,CSV / ZIP,"['서울', '인천', '경기', '역세권', '지하철역', '아파트', '연립', '다세대', '오피스텔', '실거래가', '매매', '전세', '월세']",공간/위치,인구이동,주거인구,"['서울', '인천', '경기', '역세권', '지하철역', '아파트', '연립', '다세대', '오피스텔', '실거래가', '매매', '전세', '월세']",249.64 MB,-1,261766512.0
bigdata-transportation,definition_20495.xlsx,도시기능지역 분류 데이터,도시기능지역 분류 데이터,"성남시를 500mX500m 격자 기준으로 도시기능지역 분류, POI데이터의 유형별 의미정보를 추출하여 이를 기준으로 성남시의 도시가능지역을 5개로 분류",0,컬럼명(한글)|격자번호|클러스터,True,2025-07-15,격자번호-컬럼명(한글)-클러스터,한국도로공사,공간,CSV / ZIP,"['도시기능지역', '성남시']",기타,기타,기타,"['도시기능지역', '성남시']",367.00 B,-1,367.0
bigdata-transportation,definition_20522.xlsx,전기버스충전이력데이터(분기단위),개방충전소(택시) 사용요금  데이터(분기 단위),전기차 충전 데이터 중 개방충전소의 택시에 대한 충전 시 사용요금 정보,740300,컬럼명(한글)|충전소ID|충전기ID|충전건ID|차량번호|소요시간|시작일시|종료일시|시작SOC|종료SOC|전력사용요금|전력사용요금(경부하)|전력사용요금(중간부하)|전력사용요금(최대부하)|비고|생산일시,True,2025-07-15,비고-생산일시-소요시간-시작SOC-시작일시-전력사용요금-전력사용요금(경부하)-전력사용요금(중간부하)-전력사용요금(최대부하)-종료SOC-종료일시-차량번호-충전건ID-충전기ID-충전소ID-컬럼명(한글),주식회사 펌프킨,융합,CSV / ZIP,"['전기차', '택시', 'SOC', '사용요금', '경부하', '중간부하', '최대부하']",데이터분석,빅데이터,데이터,"['전기차', '택시', 'SOC', '사용요금', '경부하', '중간부하', '최대부하']",-1,-1,1.0
bigdata-transportation,definition_20197.xlsx,데이터 레이아웃,비수도권 외국인 거주현황,"- KCB에 정보등록된 국내금융회사와 신용거래 중인 외국인 관련 통계성 상품\n  * 일반 거주 외국인이 아닌 금융회사와 직접적인 신용거래(대출, 카드 등)한 외국인만을 대상으로 하며 해당 외국인의 거주지 주소를 기반으로 함",1000000,컬럼명(한글)|기준_년월|지역구분 범위코드|성별_코드|연령대_코드|집계인구수,True,2025-07-15,기준_년월-성별_코드-연령대_코드-지역구분 범위코드-집계인구수-컬럼명(한글),코리아크레딧뷰로,융합,CSV / ZIP,"['외국인', '외국', '해외', '거주', '신용', '비수도권', '지방', '거주지']",공간/위치,인구이동,주거인구,"['외국인', '외국', '해외', '거주', '신용', '비수도권', '지방', '거주지']",1.32 KB,-1,1351.0
bigdata-transportation,definition_20536.xlsx,테이블정의서,전기버스 충전기 운영알람이력 데이터(분기 단위),전기버스 충전기 운영 시에 발생한 알람들에 대한 이력 데이터,740300,컬럼명(한글)|발생일시|충전소ID|충전기ID|충전건ID|시도코드|시군구코드|시도명|시군구명|충전기상태|충전구분|알람종류|알람코드|알람코드명|비고|생산일시,True,2025-07-15,발생일시-비고-생산일시-시군구명-시군구코드-시도명-시도코드-알람종류-알람코드-알람코드명-충전건ID-충전구분-충전기ID-충전기상태-충전소ID-컬럼명(한글),주식회사 펌프킨,버스,CSV / ZIP,"['전기차', '전기버스', '시군구별', '충전기상태', '충전구분', '알람종류', '펌프킨']",공공/행정,정책,공공데이터,"['전기차', '전기버스', '시군구별', '충전기상태', '충전구분', '알람종류', '펌프킨']",-1,-1,1.0
bigdata-transportation,definition_20554.xlsx,테이블정의서,개방충전소(승용 및 택시) 충전중 상태정보 데이터  데이터(분기 단위),"전기차 충전 데이터 중 개방충전소의 택시, 승용에 대한 충전 중 상태정보 데이터",740300,컬럼명(한글)|충전소ID|충전기ID|충전건ID|차종 분류|충전기상태|시작일시|상태갱신일시|최초차량충전율|진행SOC|공급전압|공급전류|비고|생산일시,True,2025-07-15,공급전류-공급전압-비고-상태갱신일시-생산일시-시작일시-진행SOC-차종 분류-최초차량충전율-충전건ID-충전기ID-충전기상태-충전소ID-컬럼명(한글),주식회사 펌프킨,융합,CSV / ZIP,"['전기차', '택시', '승용', '차종', '상태', 'SOC', '공급전압', '공급전류']",기타,기타,기타,"['전기차', '택시', '승용', '차종', '상태', 'SOC', '공급전압', '공급전류']",-1,-1,1.0
bigdata-transportation,definition_20364.xlsx,고속도로 포장탐지 정보,고속도로 포장탐지 정보,"부터 끝까지의 전체 주행 기록(운행시간, 거리, 속도, 연료 소모량 등) 에 대한 데이터",0,컬럼명(한글)|조사년도|이정 시점|이정 종점|차로|포장형태|표면손상 면적|소성변형량|종단평탄성|교통량|전체 줄눈개소|파손 줄눈개소|줄눈재 파손길이|스폴링 발생면적,True,2025-07-15,교통량-소성변형량-스폴링 발생면적-이정 시점-이정 종점-전체 줄눈개소-조사년도-종단평탄성-줄눈재 파손길이-차로-컬럼명(한글)-파손 줄눈개소-포장형태-표면손상 면적,한국도로공사,도로,CSV / ZIP,"['고속도로', '도로포장', '상태촬영']",소비/유통,상품,물류,"['고속도로', '도로포장', '상태촬영']",229.67 KB,-1,235182.0
bigdata-transportation,definition_20388.xlsx,데이터셋 명세서(아파트 단지별 도로혼잡빈도 정보),아파트 단지별 도로혼잡빈도 정보,아파트 단지별로 차량의 혼잡 정도를 나타내는 교통정보인 도로혼잡빈도를 확인할 수 있는 정보,0,컬럼명(한글)|아파트단지코드|아파트단지명|필지고유번호|지번주소|도로명관리번호|사용승인일|동수|세대수|링크수|최소 도로혼잡빈도강도|최대 도로혼잡빈도강도|평균 도로혼잡빈도강도,True,2025-07-15,도로명관리번호-동수-링크수-사용승인일-세대수-아파트단지명-아파트단지코드-지번주소-최대 도로혼잡빈도강도-최소 도로혼잡빈도강도-컬럼명(한글)-평균 도로혼잡빈도강도-필지고유번호,한국부동산원,융합,CSV / ZIP,"['아파트', '단지', '주요도로망', '도로혼잡빈도', '링크', '혼잡', '차량']",공간/위치,위치기반,위치데이터,"['아파트', '단지', '주요도로망', '도로혼잡빈도', '링크', '혼잡', '차량']",-1,-1,1.0
bigdata-transportation,definition_20327.xlsx,길단위_업종별 점포 수,길단위 카페 수,"도로 형상정보를 중심으로 영업 중인 커피점/카페 수를 집계하여 산출\n(커피점/카페는 커피전문점/카페/다방, 사주카페, 생과일주스전문점, 전통찻집/인삼찻집, 보드게임카페, 애견카페가 포함되어있음)",15000000,컬럼명(한글)|시도코드|시도명|시군구코드|시군구명|도로명|도로번호|도로길이|카페 점포수|형상정보,True,2025-07-15,도로길이-도로명-도로번호-시군구명-시군구코드-시도명-시도코드-카페 점포수-컬럼명(한글)-형상정보,오픈메이트,융합,"CSV, SHP / ZIP","['길', '도로', '상권', '상권분석', '상가업소', '전국', '소상공인', '지역상권']",소비/유통,소비행태,소비,"['길', '도로', '상권', '상권분석', '상가업소', '전국', '소상공인', '지역상권']",299.72 MB,-1,314279198.0
bigdata-transportation,definition_20462.xlsx,15.VDS기반고속도로지점별교통소통통계데이터(1개월단위),프랜차이즈 카페 영업매출 데이터(1개월 단위),"프랜차이즈 카페(아티제)의 POS 판매 매출 정보(주소, 상권, 주문유형, 결제일시, 품목, 판매금액, 할인율, 결제방식 등)",2790000,컬럼명(한글)|주소|상권|영수증번호|매출구분|오더유형명|오더유형상세명|매출일시_년|매출일시_월|매출일시_일|매출일시_시|요일|품목대분류|품목중분류|품목소분류|판매수량|총금액|할인금액|지불총금액|할인코드명|할인율|할인가격|결제수단,True,2025-07-15,결제수단-매출구분-매출일시_년-매출일시_시-매출일시_월-매출일시_일-상권-영수증번호-오더유형명-오더유형상세명-요일-주소-지불총금액-총금액-컬럼명(한글)-판매수량-품목대분류-품목소분류-품목중분류-할인가격-할인금액-할인율-할인코드명,대한제분㈜,일반·기타,CSV / ZIP,"['아티제', '카페', '베이커리', '디저트', '음료', '프랜차이즈', '커피', '빵', '브런치카페', '케이크', '음식', '1개월', '영업', '매출', '판매', '상권', '결제', '할인']",소비/유통,상품,판매,"['아티제', '카페', '베이커리', '디저트', '음료', '프랜차이즈', '커피', '빵', '브런치카페', '케이크', '음식', '1개월', '영업', '매출', '판매', '상권', '결제', '할인']",-1,-1,1.0
bigdata-transportation,definition_20146.xlsx,15.VDS기반고속도로지점별교통소통통계데이터(1개월단위),VDS기반 고속도로 지점별 교통 소통 통계 데이터(1개월 단위),"고속도로 노선상에 설치된 차량감지장치(VDS)에 의해 VDS지점별, 차로유형별, 교통량 및 점유율, 평균속도에 대해 1개월 단위로 통계 생성된 교통 데이터",0,컬럼명(한글)|집계년월|VDS_ID|차로유형구분코드|교통량|점유율|평균속도|정상건수|보정건수|최종변경시각,True,2025-07-15,VDS_ID-교통량-보정건수-점유율-정상건수-집계년월-차로유형구분코드-최종변경시각-컬럼명(한글)-평균속도,한국철도공사,철도,PDF / ZIP,"['철도', '카드', '통신', '신용정보', '경주', '관광객', '분석']",소비/유통,상품,물류,"['철도', '카드', '통신', '신용정보', '경주', '관광객', '분석']",5.70 MB,-1,5976883.0
bigdata-transportation,definition_20101.xlsx,지하철 실시간,인천교통공사 2호선 실시간 정보 로그,인천 1호선에서 발생하는 정차역별 출발/도착 실시간 정보 저장 로그,0,컬럼명(한글)|데이터 전송시점 기준 현재시간(HSE일시)|데이터 전송시점 기준 현재시간(표준일시)|상하행구분코드|상하행구분명|열차번호|열차종류코드|열차종류명|역사 코드|역사 명|종착역코드|종착역명|열차상태코드|열차상태명,True,2025-07-15,데이터 전송시점 기준 현재시간(HSE일시)-데이터 전송시점 기준 현재시간(표준일시)-상하행구분명-상하행구분코드-역사 명-역사 코드-열차번호-열차상태명-열차상태코드-열차종류명-열차종류코드-종착역명-종착역코드-컬럼명(한글),한국철도기술연구원,철도,XLSX / XLSX,"['한국철도기술연구원', '지하철', '인천교통공사', '인천', '출발', '도착', '정차역', '시간별']",공공/행정,정책,공공데이터,"['한국철도기술연구원', '지하철', '인천교통공사', '인천', '출발', '도착', '정차역', '시간별']",25.73 MB,-1,26979860.0
bigdata-transportation,definition_20406.xlsx,혼잡시간강도_행정구역_읍면동단위,혼잡시간강도_행정구역_읍면동단위,"혼잡시간강도는 도로를 주행하는 모든 차량이 경험한 총 통행시간대비 혼잡을 경험한 차량의 총 통행시간의 비율을 의미하며, 읍면동 경계로 구분된 데이터로 단위는 %",0,컬럼명(한글)|시도코드|시군구코드|읍면동코드|주_유형|혼잡시간강도,True,2025-07-15,시군구코드-시도코드-읍면동코드-주_유형-컬럼명(한글)-혼잡시간강도,한국교통연구원,도로,CSV / ZIP,"['View-T', '교통혼잡지표', '혼잡시간강도', '혼잡강도', '연평균', '행정구역 읍면동 단위']",공공/행정,정책,공공데이터,"['View-T', '교통혼잡지표', '혼잡시간강도', '혼잡강도', '연평균', '행정구역 읍면동 단위']",117.52 KB,-1,120340.0
bigdata-transportation,definition_20272.xlsx,길단위_버스 이용 접근성,길단위 버스 이용 접근성,도로 형상정보를 중심으로 버스 정류장까지의 거리를 계산·가공하여 정의된 버스 이용 접근성,0,컬럼명(한글)|시도코드|시도명|시군구코드|시군구명|도로명|도로번호|도로길이|버스이용접근성|형상정보,True,2025-07-15,도로길이-도로명-도로번호-버스이용접근성-시군구명-시군구코드-시도명-시도코드-컬럼명(한글)-형상정보,오픈메이트,융합,CSV / ZIP,"['길', '도로', '상권분석', '교통', '대중교통', '버스', '버스 정류장', '접근성', '전국']",공간/위치,위치기반,위치데이터,"['길', '도로', '상권분석', '교통', '대중교통', '버스', '버스 정류장', '접근성', '전국']",297.13 MB,-1,311563386.0
bigdata-transportation,definition_20205.xlsx,데이터 레이아웃,"6대 광역시, 행정동별 개인기준 자가 보유자 수","- KCB에 정보등록된 신용정보를 기반으로 자가 보유(추정)를 한 사람들의 지역별 거주현황\n * KCB에 등록되는 부동산 정보는 해당 개인이 주택구매시 금융회사를 통해 담보대출을 받은 경우에만 파악 가능\n * 6대 광역시 = 부산, 대구, 인천, 대전, 울산, 광주",1000000,컬럼명(한글)|기준_년월|행정기관코드|성별_코드|연령대_코드|집계인구수,True,2025-07-15,기준_년월-성별_코드-연령대_코드-집계인구수-컬럼명(한글)-행정기관코드,코리아크레딧뷰로,융합,CSV / ZIP,"['거주', '신용', '부산', '대구', '인천', '대전', '울산', '광주', '6대도시', '광역시', '거주지', '자가']",공간/위치,인구이동,주거인구,"['거주', '신용', '부산', '대구', '인천', '대전', '울산', '광주', '6대도시', '광역시', '거주지', '자가']",2.50 KB,-1,2560.0
bigdata-transportation,definition_20374.xlsx,혼잡빈도강도_행정구역_읍면동단위,혼잡빈도강도_행정구역_읍면동단위,"혼잡빈도강도는 도로를 주행하는 모든 차량 대수 중 혼잡을 경험한 차량 대수 비율을 의미하며, 읍면동 경계로 구분된 데이터로 단위는 %",0,컬럼명(한글)|시도코드|시군구코드|읍면동코드|주_유형|혼잡빈도강도,True,2025-07-15,시군구코드-시도코드-읍면동코드-주_유형-컬럼명(한글)-혼잡빈도강도,한국교통연구원,도로,CSV / ZIP,"['혼잡빈도강도', '행정구역읍면동단위', '평일', '연평균', '2018년', 'View-T', '속도지표']",공공/행정,정책,공공데이터,"['혼잡빈도강도', '행정구역읍면동단위', '평일', '연평균', '2018년', 'View-T', '속도지표']",118.32 KB,-1,121159.0
bigdata-transportation,definition_20322.xlsx,데이터셋 명세서(역세권 지가변동률),역세권 지가변동률,전국 시군구별 지하철 역세권의 월별·누적 지가변동률,0,컬럼명(한글)|시도명|시군구명|년도|월|역세권 변동률|역세권 누계변동률|변동률(전체)|누계변동률(전체),True,2025-07-15,년도-누계변동률(전체)-변동률(전체)-시군구명-시도명-역세권 누계변동률-역세권 변동률-월-컬럼명(한글),한국도로공사,시설·안전,CSV / ZIP,"['도로', '염수', '탱크', '밸브', '분사']",기타,기타,기타,"['도로', '염수', '탱크', '밸브', '분사']",1.38 KB,-1,1413.0
bigdata-transportation,definition_20322.xlsx,데이터셋 명세서(대도시 미개발토지 정보),대도시 미개발 토지 정보,대도시 내 건축물이 존재하지 않아서 개발 가능성이 있는 토지에 관한 정보,0,컬럼명(한글)|필지고유번호|시군구코드|읍면동리코드|지번구분|본번|부번|지번주소|지목코드|지목명|토지면적|소유구분코드|소유구분명|소유(공유)인수|용도지역코드1|용도지역명1|용도지역코드2|용도지역명2|토지이용상황코드|토지이용상황명|토지고저구분코드|토지고저구분명|지형구분코드|지형구분명|도로접면코드|도로접면명|기준연도|기준월|공시지가,True,2025-07-15,공시지가-기준연도-기준월-도로접면명-도로접면코드-본번-부번-소유(공유)인수-소유구분명-소유구분코드-시군구코드-용도지역명1-용도지역명2-용도지역코드1-용도지역코드2-읍면동리코드-지목명-지목코드-지번구분-지번주소-지형구분명-지형구분코드-컬럼명(한글)-토지고저구분명-토지고저구분코드-토지면적-토지이용상황명-토지이용상황코드-필지고유번호,한국도로공사,시설·안전,CSV / ZIP,"['도로', '염수', '탱크', '밸브', '분사']",기타,기타,기타,"['도로', '염수', '탱크', '밸브', '분사']",1.38 KB,-1,1413.0
bigdata-transportation,definition_20322.xlsx,데이터셋 명세서(초등학교 도보통학권 아파트 정보),초등학교 도보통학권 아파트 정보,수도권 내 초등학교와 인접해 있는 아파트에 관한 정보,0,컬럼명(한글)|단지코드|단지명|필지고유번호|지번주소|도로명관리번호|사용승인일|동수|세대수|학구ID|학교ID|학교명|시도교육청코드|시도교육청명|교육지원청코드|교육지원청명|설립일자|설립형태|본교분교구분|운영구분|학교지번주소|학교도로명주소|학교거리,True,2025-07-15,교육지원청명-교육지원청코드-단지명-단지코드-도로명관리번호-동수-본교분교구분-사용승인일-설립일자-설립형태-세대수-시도교육청명-시도교육청코드-운영구분-지번주소-컬럼명(한글)-필지고유번호-학교ID-학교거리-학교도로명주소-학교명-학교지번주소-학구ID,한국도로공사,시설·안전,CSV / ZIP,"['도로', '염수', '탱크', '밸브', '분사']",공간/위치,인구이동,주거인구,"['도로', '염수', '탱크', '밸브', '분사']",1.38 KB,-1,1413.0
bigdata-transportation,definition_20322.xlsx,데이터셋 명세서(아파트 단지별 택시통행량 정보),아파트 단지별 택시통행량 정보,전국 아파트 단지를 대상으로 한 인근 도로의 택시통행량 정보,0,컬럼명(한글)|단지코드|단지명|필지고유번호|지번주소|도로명관리번호|사용승인일|동수|세대수|링크수|최소 택시통행량|최대 택시통행량|평균 택시통행량,True,2025-07-15,단지명-단지코드-도로명관리번호-동수-링크수-사용승인일-세대수-지번주소-최대 택시통행량-최소 택시통행량-컬럼명(한글)-평균 택시통행량-필지고유번호,한국도로공사,시설·안전,CSV / ZIP,"['도로', '염수', '탱크', '밸브', '분사']",공간/위치,인구이동,유동인구,"['도로', '염수', '탱크', '밸브', '분사']",1.38 KB,-1,1413.0
bigdata-transportation,definition_20322.xlsx,데이터셋 명세서(스쿨존 단독주택 주차장 정보),스쿨존 단독주택 주차장 정보,수도권 내 어린이보호구역에 접한 단독주택을 대상으로 한 주변 주차장 정보,0,컬럼명(한글)|필지고유번호|시군구코드|읍면동리코드|지번구분|본번|부번|지번주소|인근 주차장수|인근 주차장 순번|주차장 구분|주차장 유형|주차장관리번호|주차장명|주차단위구획수|요금 구분|주차장 경도좌표|주차장 위도좌표|주차장거리,True,2025-07-15,본번-부번-시군구코드-요금 구분-읍면동리코드-인근 주차장 순번-인근 주차장수-주차단위구획수-주차장 경도좌표-주차장 구분-주차장 위도좌표-주차장 유형-주차장거리-주차장관리번호-주차장명-지번구분-지번주소-컬럼명(한글)-필지고유번호,한국도로공사,시설·안전,CSV / ZIP,"['도로', '염수', '탱크', '밸브', '분사']",공간/위치,위치기반,위치데이터,"['도로', '염수', '탱크', '밸브', '분사']",1.38 KB,-1,1413.0
bigdata-transportation,definition_20322.xlsx,데이터셋 명세서(광역버스정류장 인근 공동주택 실거래정보),광역버스 정류장 인근 공동주택 실거래정보,"수도권 광역버스 정류장으로부터 반경 500m 내 공동주택(아파트,연립,다세대,오피스텔)의 실거래(매매,전월세) 정보",0,컬럼명(한글)|시군구코드|읍면동리코드|지번구분|본번|부번|지번주소|주택유형|단지(건물)명|건축년도|층|전용면적|계약년월|계약일|거래구분|거래금액|보증금액|월세금액|인근 광역버스 정류장명|인근 광역버스 정류장거리|광역버스정류장 버스노선수,True,2025-07-15,거래구분-거래금액-건축년도-계약년월-계약일-광역버스정류장 버스노선수-단지(건물)명-보증금액-본번-부번-시군구코드-월세금액-읍면동리코드-인근 광역버스 정류장거리-인근 광역버스 정류장명-전용면적-주택유형-지번구분-지번주소-층-컬럼명(한글),한국도로공사,시설·안전,CSV / ZIP,"['도로', '염수', '탱크', '밸브', '분사']",공간/위치,인구이동,주거인구,"['도로', '염수', '탱크', '밸브', '분사']",1.38 KB,-1,1413.0
bigdata-transportation,definition_20274.xlsx,길단위_골목상권,길단위 집객시설 이용 접근성,"도로 형상정보를 중심으로 각 집객시설과의 거리를 계산·가공하여 정의된 집객시설 이용 접근성\n(집객시설은 전통시장, 도서관, 도시공원, 초등학교, 중학교, 고등학교, 대형마트, 대형쇼핑몰, 병원으로 구성하였음)",0,컬럼명(한글)|시도코드|시도명|시군구코드|시군구명|도로명|도로번호|도로길이|전통시장접근성|도서관접근성|도시공원접근성|초등학교접근성|중학교접근성|고등학교접근성|대형마트접근성|대형쇼핑몰접근성|병원접근성|형상정보,True,2025-07-15,고등학교접근성-대형마트접근성-대형쇼핑몰접근성-도로길이-도로명-도로번호-도서관접근성-도시공원접근성-병원접근성-시군구명-시군구코드-시도명-시도코드-전통시장접근성-중학교접근성-초등학교접근성-컬럼명(한글)-형상정보,오픈메이트,융합,CSV / ZIP,"['길', '도로', '상권분석', '집객시설', '접근성', '거리', '전국', '공공시설']",공간/위치,위치기반,위치데이터,"['길', '도로', '상권분석', '집객시설', '접근성', '거리', '전국', '공공시설']",680.89 MB,-1,713964912.0
bigdata-transportation,definition_20524.xlsx,전기버스충전이력데이터(분기단위),한전요금제별 충전요금 분석  데이터(분기 단위),전기차 충전 데이터를 충전기가 사용 중인 한전요금제별로 분류하여 충전요금을 분석,740300,컬럼명(한글)|충전소ID|충전기ID|충전건ID|시작일시|종료일시|전력량요금명|기본요금|전력사용요금|전력사용요금(경부하)|전력사용요금(중간부하)|전력사용요금(최대부하)|비고|생산일시,True,2025-07-15,기본요금-비고-생산일시-시작일시-전력량요금명-전력사용요금-전력사용요금(경부하)-전력사용요금(중간부하)-전력사용요금(최대부하)-종료일시-충전건ID-충전기ID-충전소ID-컬럼명(한글),주식회사 펌프킨,융합,CSV / ZIP,"['전기차', '한전요금제', '충전요금']",소비/유통,소비행태,소비트렌드,"['전기차', '한전요금제', '충전요금']",-1,-1,1.0
bigdata-transportation,definition_20202.xlsx,데이터 레이아웃,수도권 행정동별 2주택자 이상 보유자 수,"- KCB에 정보등록된 신용정보를 기반으로 자가 보유(추정)를 한 사람들의 지역별 거주현황\n * KCB에 등록되는 부동산 정보는 해당 개인이 주택구매시 금융회사를 통해 담보대출을 받은 경우에만 파악 가능\n * 수도권 = 서울, 경기, 인천",1000000,컬럼명(한글)|기준_년월|행정기관코드|성별_코드|연령대_코드|집계인구수,True,2025-07-15,기준_년월-성별_코드-연령대_코드-집계인구수-컬럼명(한글)-행정기관코드,코리아크레딧뷰로,융합,CSV / ZIP,"['수도권', '행정동', '신용', '지역', '거주', '현황', '자가', '소유', '다중']",공간/위치,인구이동,주거인구,"['수도권', '행정동', '신용', '지역', '거주', '현황', '자가', '소유', '다중']",2.44 KB,-1,2498.0
bigdata-transportation,definition_20160.xlsx,데이터셋 명세서 양식,대전시 점유율 데이터,"대전시내 도로 점유율 데이터로서 VDS 구간정보,국가표준링크정보,도로노선정보,통행속도,교통량,점유율 데이터를 포함",0,컬럼명(한글)|일자_ID|시_ID|분_ID|VDS_ID|VDS_구간_ID|링크_ID|요일_구분|도로_노선_ID|노선_방향|지점_통행_속도|교통량|점유율|ETL_유형|ETL_DATE,True,2025-07-15,ETL_DATE-ETL_유형-VDS_ID-VDS_구간_ID-교통량-노선_방향-도로_노선_ID-링크_ID-분_ID-시_ID-요일_구분-일자_ID-점유율-지점_통행_속도-컬럼명(한글),대전시청,도로,CSV / ZIP,"['통행속도', '점유율', '교통량', '교통', '표준링크정보']",공공/행정,정책,공공데이터,"['통행속도', '점유율', '교통량', '교통', '표준링크정보']",75.02 MB,-1,78664171.0
bigdata-transportation,definition_20201.xlsx,데이터 레이아웃,수도권 행정동별 개인기준 자가 보유자 수,"- KCB에 정보등록된 신용정보를 기반으로 자가 보유(추정)를 한 사람들의 지역별 거주현황\n * KCB에 등록되는 부동산 정보는 해당 개인이 주택구매시 금융회사를 통해 담보대출을 받은 경우에만 파악 가능\n * 수도권 = 서울, 경기, 인천",1000000,컬럼명(한글)|기준_년월|행정기관코드|성별_코드|연령대_코드|집계인구수,True,2025-07-15,기준_년월-성별_코드-연령대_코드-집계인구수-컬럼명(한글)-행정기관코드,코리아크레딧뷰로,융합,CSV / ZIP,"['수도권', '행정동', '신용', '지역', '거주', '현황', '자가', '소유']",공간/위치,인구이동,주거인구,"['수도권', '행정동', '신용', '지역', '거주', '현황', '자가', '소유']",2.50 KB,-1,2560.0
bigdata-transportation,definition_20121.xlsx,영천시 도로교통영상 인공지능 분석 정보,영천시 도로교통영상 인공지능 분석 정보,"영천시 교통영상을 인공지능 분석한 데이터입니다. 관측 위치, 차량 이동 수, 차량 이동 방향를 제공합니다.",0,컬럼명(한글)|일자|관리기관|소재지 주소|교통량|구간정보,True,2025-07-15,관리기관-교통량-구간정보-소재지 주소-일자-컬럼명(한글),포항테크노파크,시설·안전,CSV / ZIP,"['포항테크노파크', '교통', '영천', '차량이동수', '교통영상', 'CCTV']",공간/위치,인구이동,유동인구,"['포항테크노파크', '교통', '영천', '차량이동수', '교통영상', 'CCTV']",401.25 KB,-1,410880.0
bigdata-transportation,definition_20129.xlsx,추정교통량_행정구역_읍면동단위,추정교통량_행정구역_읍면동단위,"추정교통량은 관측교통량과 내비게이션 데이터를 이용하여 미관측 도로의 교통량을 추정하는 알고리즘을 통해 추정된 교통량으로 도로를 주행하는 차량의 수를 의미하며, 읍면동 경계로 구분된 데이터로 단위는 대/일",0,컬럼명(한글)|시도코드|시군구코드|읍면동코드|주_유형|전체_추정교통량|승용차_추정교통량|버스_추정교통량|화물차_추정교통량,True,2025-07-15,버스_추정교통량-승용차_추정교통량-시군구코드-시도코드-읍면동코드-전체_추정교통량-주_유형-컬럼명(한글)-화물차_추정교통량,한국교통연구원,도로,CSV / ZIP,"['행정구역읍면동단위', '평일', '추정교통량', '연평균', '2018년', '속도지표', 'View-T']",공공/행정,정책,공공데이터,"['행정구역읍면동단위', '평일', '추정교통량', '연평균', '2018년', '속도지표', 'View-T']",147.52 KB,-1,151060.0
bigdata-transportation,definition_20431.xlsx,길단위_업종별 점포 수,길단위 한식 음식점 수,도로 형상정보를 중심으로 영업 중인 한식 음식점 수를 집계하여 산출,0,컬럼명(한글)|시도코드|시도명|시군구코드|시군구명|도로명|도로번호|도로길이|점포수|형상정보,True,2025-07-15,도로길이-도로명-도로번호-시군구명-시군구코드-시도명-시도코드-점포수-컬럼명(한글)-형상정보,오픈메이트,융합,"CSV, SHP / ZIP","['길', '도로', '상권', '상권분석', '상가업소', '전국', '소상공인', '지역상권', '양식음식점']",공간/위치,인구이동,유동인구,"['길', '도로', '상권', '상권분석', '상가업소', '전국', '소상공인', '지역상권', '양식음식점']",299.58 MB,-1,314132398.0
bigdata-transportation,definition_20152.xlsx,데이터셋 명세서 양식,주요관광지 방문자의 연령대 비율,"강릉, 경주, 부산, 여수, 전주 등 5개 지자체 대상으로 지역 내 관광지별 방문 비율을 연령대로 세분화한 정보입니다.",0,컬럼명(한글)|방문지역|관광지|20대|30대|40대|50대|60대 이상,True,2025-07-15,20대-30대-40대-50대-60대 이상-관광지-방문지역-컬럼명(한글),한국철도공사,철도,XLSX / ZIP,"['철도', '관광', '관광객', '연령대', '비율']",공간/위치,관광,관광지,"['철도', '관광', '관광객', '연령대', '비율']",19.54 KB,-1,20008.0
bigdata-transportation,definition_20421.xlsx,평균속도_행정구역_읍면동단위,평균속도_행정구역_읍면동단위,"평균속도는 내비게이션 데이터를 이용하여 도로를 주행하는 모든 차량들의 평균속도를 의미하며, 읍면동 경계로 구분된 데이터로 단위는 km/h",0,컬럼명(한글)|시도코드|시군구코드|읍면동코드|주_유형|평균속도,True,2025-07-15,시군구코드-시도코드-읍면동코드-주_유형-컬럼명(한글)-평균속도,한국교통연구원,도로,CSV / ZIP,"['View-T', '속도지표', '평균속도', '차량모빌리티기반속도', '연평균', '행정구역 읍면동 단위']",공공/행정,정책,공공데이터,"['View-T', '속도지표', '평균속도', '차량모빌리티기반속도', '연평균', '행정구역 읍면동 단위']",118.36 KB,-1,121200.0
bigdata-transportation,definition_20178.xlsx,데이터셋 명세서 양식,대전시 도시철도 월별 이용자 데이터,"대전 시내 월별 도시철도 이용자 데이터로서 년월ID,도시철도역ID,사용자유형,운임별 이용자 인원수 데이터",0,컬럼명(한글)|월_ID|도시철도역ID|사용자_유형|승차인원수|하차인원수|환승인원수|선후불 교통카드 승차인원|무임 승차인원|ETL_유형|ETL_DATE,True,2025-07-15,ETL_DATE-ETL_유형-도시철도역ID-무임 승차인원-사용자_유형-선후불 교통카드 승차인원-승차인원수-월_ID-컬럼명(한글)-하차인원수-환승인원수,대전시청,철도,CSV / ZIP,"['년월ID', '도시철도ID', '사용자유형', '운임별 이용자 인원수', '대전', '월별']",공간/위치,인구이동,유동인구,"['년월ID', '도시철도ID', '사용자유형', '운임별 이용자 인원수', '대전', '월별']",9.17 KB,-1,9390.0
bigdata-transportation,definition_20118.xlsx,안동시 공영주차장 입출차 정보,안동시 공영주차장 입출차 정보,"안동시 공영주차장의 입출차 기록 정보입니다. 공영주차장 식별자, 주차면번호, 입차시간, 출차시간, 주차금액 데이터를 제공합니다.",0,컬럼명(한글)|일번|주차장명|주차구역|할인유형|입차유형|입차일시|출차유형|출차일시|정산일시|주차시간|총주차금액|정산요금|선불요금|환불요금|쿠폰시간|상품권|미수요금|미수유형|결제,True,2025-07-15,결제-미수요금-미수유형-상품권-선불요금-일번-입차유형-입차일시-정산요금-정산일시-주차구역-주차시간-주차장명-총주차금액-출차유형-출차일시-컬럼명(한글)-쿠폰시간-할인유형-환불요금,포항테크노파크,시설·안전,CSV / ZIP,"['포항테크노파크', '교통', '안동', '주차', '공영주차장', '입출차']",공공/행정,정책,공공데이터,"['포항테크노파크', '교통', '안동', '주차', '공영주차장', '입출차']",19.19 MB,-1,20122173.0
bigdata-transportation,definition_20168.xlsx,데이터셋 명세서 양식,대전시 가변정보표지판(VMS) 소통 패턴 5분전 비교 데이터,"대전 시내 가변정보표지판 표출정보 비교 데이터로서 요일,일자,시간,VMS,링크ID,정보표출범위,수집건수,구간통행속도,패턴통행속도,속도오차 데이터",0,컬럼명(한글)|일자_ID|시_ID|분_ID|요일_구분|VMS_ID|VMS_LINK_ID|링크_ID|VMS_정보_표출_범위|수집_건수|구간_통행속도_5분|패턴_통행속도_5분|5분전_수집_건수|5분전_구간_통행속도|5분전_패턴_통행속도|5분전속도_오차,True,2025-07-15,5분전_구간_통행속도-5분전_수집_건수-5분전_패턴_통행속도-5분전속도_오차-VMS_ID-VMS_LINK_ID-VMS_정보_표출_범위-구간_통행속도_5분-링크_ID-분_ID-수집_건수-시_ID-요일_구분-일자_ID-컬럼명(한글)-패턴_통행속도_5분,대전시청,도로,CSV / ZIP,"['요일', '일자', '시간', 'VMS', '링크ID', '정보표출범위', '수집건수', '구간통행속도', '패턴통행속도', '속도오차']",데이터분석,빅데이터,데이터,"['요일', '일자', '시간', 'VMS', '링크ID', '정보표출범위', '수집건수', '구간통행속도', '패턴통행속도', '속도오차']",288.01 MB,-1,302000373.0
bigdata-transportation,definition_20525.xlsx,전기버스충전이력데이터(분기단위),충전사업자 기준 전기택시정보 및 보유현황  데이터(분기 단위),택시운수의 차량 모델 등의 전기차량 보유 현황 정보 데이터,740300,컬럼명(한글)|차량번호|차량모델|사업자ID|차량제조사|최초생산일자|출고일자|비고|생산일시,True,2025-07-15,비고-사업자ID-생산일시-차량모델-차량번호-차량제조사-최초생산일자-출고일자-컬럼명(한글),주식회사 펌프킨,융합,CSV / ZIP,"['전기차', '택시', '차량모델']",데이터분석,빅데이터,데이터,"['전기차', '택시', '차량모델']",-1,-1,1.0
bigdata-transportation,definition_20127.xlsx,정상시평균속도_행정구역_읍면동단위,정상시평균속도_행정구역_읍면동단위,"정상시평균속도는 내비게이션 데이터를 이용하여 도로를 주행하는 모든 차량들 중 혼잡을 경험하지않은 차량들의 평균속도를 의미하며, 읍면동 경계로 구분된 데이터로 단위는 km/h",0,컬럼명(한글)|시도코드|시군구코드|읍면동코드|주_유형|정상시평균속도,True,2025-07-15,시군구코드-시도코드-읍면동코드-정상시평균속도-주_유형-컬럼명(한글),한국교통연구원,도로,CSV / ZIP,"['행정구역읍면동단위', '평일', '정상시평균속도', 'View-T', '연평균', '속도지표', '2018년']",공공/행정,정책,공공데이터,"['행정구역읍면동단위', '평일', '정상시평균속도', 'View-T', '연평균', '속도지표', '2018년']",107.97 KB,-1,110561.0
bigdata-transportation,definition_20232.xlsx,차량용 GPS 원시 데이터,(8월) 차량용 GPS Raw Data(Mobile),"차량에 부착된 아이나비 네비게이션(PND, Mobile)을 통해 수집된 GPS 원시(Raw) 데이터(위도, 경도, 차량, GPS 좌표, 교통량 등)",0,컬럼명(한글)|아이디|시간정보|x위치좌표|y위치좌표|속도|방향각|포인트 \n정확도,True,2025-07-15,x위치좌표-y위치좌표-방향각-속도-시간정보-아이디-컬럼명(한글)-포인트 \n정확도,아이나비시스템즈,도로,CSV / ZIP,"['네비게이션', '아이나비', '경도', 'PND', '위도', '차량', 'Mobile', '교통량', '교통', '차량이동', 'GPS', 'INAVI']",공간/위치,위치기반,위치데이터,"['네비게이션', '아이나비', '경도', 'PND', '위도', '차량', 'Mobile', '교통량', '교통', '차량이동', 'GPS', 'INAVI']",1.23 KB,-1,1259.0
bigdata-transportation,definition_20203.xlsx,데이터 레이아웃,6대 광역시 행정동별 외제차 보유자 수,"- KCB에 정보등록된 신용정보를 기반으로 외제차 보유자의 지역별 거주현황\n * KCB에 등록되는 차량정보는 해당 개인이 차량구매시 금융거래(오토론)를 한 경우에만 파악 가능\n * 6대광역시(부산, 대구, 인천, 대전, 울산, 광주)",1000000,컬럼명(한글)|기준_년월|행정기관코드|성별_코드|연령대_코드|집계인구수,True,2025-07-15,기준_년월-성별_코드-연령대_코드-집계인구수-컬럼명(한글)-행정기관코드,코리아크레딧뷰로,융합,CSV / ZIP,"['6대도시', '행정동', '신용', '지역', '거주', '현황', '외제차', '부산', '대구', '인천', '대전', '울산', '광주']",소비/유통,소비행태,소비트렌드,"['6대도시', '행정동', '신용', '지역', '거주', '현황', '외제차', '부산', '대구', '인천', '대전', '울산', '광주']",2.41 KB,-1,2467.0
bigdata-transportation,definition_20509.xlsx,접근로통계,인천시 스마트교차로 접근로기준 차종별 교통량 통계,인천시 관내 스마트교차로 영상인식 장치에서 수집된 개별차량 데이터를 접근로 기준으로 집계한 차종별 교통량 통계 데이터(15분 단위),0,컬럼명(한글),True,2025-07-15,컬럼명(한글),인천시청,도로,XLSX / ZIP,"['15분', '교통량', '접근로', '스마트교차로', '통계']",데이터분석,빅데이터,데이터,"['15분', '교통량', '접근로', '스마트교차로', '통계']",295.78 MB,-1,310147809.0
bigdata-transportation,definition_20482.xlsx,시간대별 유동인구 데이터,시간대별 유동인구 데이터,"시간대별 서울지역 50cm*50cm cell기준 상주/비상주인구의 보행인구 집계, cell 단위 유동량이 밀집되는 지역 및 시간대를 확인할 수 있는 중복 카운팅을 허용한 데이터",0,컬럼명(한글)|기준년월|X좌표|Y좌표|00시유동인구|01시유동인구|02시유동인구|03시유동인구|04시유동인구|05시유동인구|06시유동인구|07시유동인구|08시유동인구|09시유동인구|10시유동인구|11시유동인구|12시유동인구|13시유동인구|14시유동인구|15시유동인구|16시유동인구|17시유동인구|18시유동인구|19시유동인구|20시유동인구|21시유동인구|22시유동인구|23시유동인구,True,2025-07-15,00시유동인구-01시유동인구-02시유동인구-03시유동인구-04시유동인구-05시유동인구-06시유동인구-07시유동인구-08시유동인구-09시유동인구-10시유동인구-11시유동인구-12시유동인구-13시유동인구-14시유동인구-15시유동인구-16시유동인구-17시유동인구-18시유동인구-19시유동인구-20시유동인구-21시유동인구-22시유동인구-23시유동인구-X좌표-Y좌표-기준년월-컬럼명(한글),한국도로공사,일반·기타,CSV / ZIP,['유동인구'],공간/위치,인구이동,유동인구,['유동인구'],1.60 KB,-1,1638.0
bigdata-transportation,definition_20233.xlsx,차량용 GPS 원시 데이터,(9월) 차량용 GPS Raw Data(Mobile),"차량에 부착된 아이나비 네비게이션(PND, Mobile)을 통해 수집된 GPS 원시(Raw) 데이터(위도, 경도, 차량, GPS 좌표, 교통량 등)",0,컬럼명(한글)|아이디|시간정보|x위치좌표|y위치좌표|속도|방향각|포인트 \n정확도,True,2025-07-15,x위치좌표-y위치좌표-방향각-속도-시간정보-아이디-컬럼명(한글)-포인트 \n정확도,아이나비시스템즈,도로,CSV / ZIP,"['네비게이션', '아이나비', '경도', 'PND', '위도', '차량', 'Mobile', '교통량', '교통', '차량이동', 'GPS', 'INAVI']",공간/위치,위치기반,위치데이터,"['네비게이션', '아이나비', '경도', 'PND', '위도', '차량', 'Mobile', '교통량', '교통', '차량이동', 'GPS', 'INAVI']",1.23 KB,-1,1259.0
bigdata-transportation,definition_20116.xlsx,구미시 BIS 버스 이벤트 로그,군위군 BIS 버스 이벤트 로그,"군위군 버스정보시스템(BIS)에서 수집한 데이터입니다. 노선번호, 정류장명, 정류장도착시각, 정류장출발시각, 정류장위치 등의 정보를 제공합니다.",0,컬럼명(한글)|순번|권역명|노선ID|노선명|노선설명|노선유형|기점|종점|승차인원|하차인원|총이용인원,True,2025-07-15,권역명-기점-노선ID-노선명-노선설명-노선유형-순번-승차인원-종점-총이용인원-컬럼명(한글)-하차인원,포항테크노파크,버스,CSV / ZIP,"['포항테크노파크', '교통', '군위', '버스', '정류장위치', '정류장', '정류장도착시각', '정류장출발시각']",공간/위치,위치기반,위치데이터,"['포항테크노파크', '교통', '군위', '버스', '정류장위치', '정류장', '정류장도착시각', '정류장출발시각']",209.49 KB,-1,214517.0
bigdata-transportation,definition_20132.xlsx,혼잡시간강도_행정구역_읍면동단위,혼잡시간강도_행정구역_읍면동단위,"혼잡시간강도는 도로를 주행하는 모든 차량이 경험한 총 통행시간대비 혼잡을 경험한 차량의 총 통행시간의 비율을 의미하며, 읍면동 경계로 구분된 데이터로 단위는 %",0,컬럼명(한글)|시도코드|시군구코드|읍면동코드|주_유형|혼잡시간강도,True,2025-07-15,시군구코드-시도코드-읍면동코드-주_유형-컬럼명(한글)-혼잡시간강도,한국교통연구원,도로,CSV / ZIP,"['혼잡시간강도', '행정구역읍면동단위', '평일', '연평균', '속도지표', '2018년', 'View-T']",공공/행정,정책,공공데이터,"['혼잡시간강도', '행정구역읍면동단위', '평일', '연평균', '속도지표', '2018년', 'View-T']",107.94 KB,-1,110530.0
bigdata-transportation,definition_20518.xlsx,전기버스충전이력데이터(분기단위),기온/강수량과 충전전력사용전력량 데이터(분기 단위),전기차 충전 당시의 날씨 정보를 포함한 데이터(날씨 정보와 융합),740300,컬럼명(한글)|시도명|시군구명|충전소ID|충전기ID|시작일시|종료일시|소요시간|차량번호|시작SOC|종료SOC|전력사용량|전력사용량경부하|전력사용량중간부하|전력사용량최대부하|최저기온|최고기온|평균기온|강수량|비고|생산일시,True,2025-07-15,강수량-비고-생산일시-소요시간-시군구명-시도명-시작SOC-시작일시-전력사용량-전력사용량경부하-전력사용량중간부하-전력사용량최대부하-종료SOC-종료일시-차량번호-최고기온-최저기온-충전기ID-충전소ID-컬럼명(한글)-평균기온,주식회사 펌프킨,융합,CSV / ZIP,"['전기차', '기온', '강수량', '충전', '전력사용량']",데이터분석,빅데이터,데이터,"['전기차', '기온', '강수량', '충전', '전력사용량']",-1,-1,1.0
bigdata-transportation,definition_20277.xlsx,데이터셋 명세서(대도시 미개발토지 정보),대도시 미개발 토지 정보,대도시 내 건축물이 존재하지 않아서 개발 가능성이 있는 토지에 관한 정보,0,컬럼명(한글)|필지고유번호|시군구코드|읍면동리코드|지번구분|본번|부번|지번주소|지목코드|지목명|토지면적|소유구분코드|소유구분명|소유인수|용도지역코드1|용도지역명1|용도지역코드2|용도지역명2|토지이용상황코드|토지이용상황명|토지고저구분코드|토지고저구분명|지형구분코드|지형구분명|도로접면코드|도로접면명|기준연도|기준월|공시지가,True,2025-07-15,공시지가-기준연도-기준월-도로접면명-도로접면코드-본번-부번-소유구분명-소유구분코드-소유인수-시군구코드-용도지역명1-용도지역명2-용도지역코드1-용도지역코드2-읍면동리코드-지목명-지목코드-지번구분-지번주소-지형구분명-지형구분코드-컬럼명(한글)-토지고저구분명-토지고저구분코드-토지면적-토지이용상황명-토지이용상황코드-필지고유번호,한국부동산원,공간,CSV / ZIP,"['토지', '건축', '나지', '미개발', '개발', '특성', '임야', '대도시']",공공/행정,지역,지역,"['토지', '건축', '나지', '미개발', '개발', '특성', '임야', '대도시']",2.63 GB,-1,2823940997.0
bigdata-transportation,definition_20403.xlsx,추정교통량_행정구역_읍면동단위,추정교통량_행정구역_읍면동단위,"추정교통량은 관측교통량과 내비게이션 데이터를 이용하여 미관측 도로의 교통량을 추정하는 알고리즘을 통해 추정된 교통량으로 도로를 주행하는 차량의 수를 의미하며, 읍면동 경계로 구분된 데이터로 단위는 대/일",0,컬럼명(한글)|시도코드|시군구코드|읍면동코드|주_유형|전체_추정교통량|승용차_추정교통량|버스_추정교통량|화물차_추정교통량,True,2025-07-15,버스_추정교통량-승용차_추정교통량-시군구코드-시도코드-읍면동코드-전체_추정교통량-주_유형-컬럼명(한글)-화물차_추정교통량,한국교통연구원,도로,CSV / ZIP,"['View-T', '교통량지표', '추정교통량', '차량모빌리티기반교통량', '차종구분', '연평균', '행정구역 읍면동단위']",공공/행정,정책,공공데이터,"['View-T', '교통량지표', '추정교통량', '차량모빌리티기반교통량', '차종구분', '연평균', '행정구역 읍면동단위']",159.96 KB,-1,163799.0
bigdata-transportation,definition_20559.xlsx,테이블정의서,전기버스 노선별 충전이력 데이터(분기 단위),노선을 기준으로 전기버스의 충전이력을 볼 수 있는 데이터,740300,컬럼명(한글)|운행일자|노선ID|노선번호|충전수|SOC충전량|충전전력량|총충전소요시간|비고|생산일시,True,2025-07-15,SOC충전량-노선ID-노선번호-비고-생산일시-운행일자-총충전소요시간-충전수-충전전력량-컬럼명(한글),주식회사 펌프킨,버스,CSV / ZIP,"['전기차', '전기버스 노선번호', '충전수', 'SOC충전량 충전전력량', '총충전소요시간', '펌프킨']",데이터분석,빅데이터,빅데이터,"['전기차', '전기버스 노선번호', '충전수', 'SOC충전량 충전전력량', '총충전소요시간', '펌프킨']",11.54 KB,-1,11816.0
bigdata-transportation,definition_20240.xlsx,차량용 GPS 원시 데이터,(1월) 차량용 GPS Raw Data(PND),"차량에 부착된 아이나비 네비게이션(PND, Mobile)을 통해 수집된 GPS 원시(Raw) 데이터(위도, 경도, 차량, GPS 좌표, 교통량 등)",0,컬럼명(한글)|아이디|시간정보|x위치좌표|y위치좌표|속도|방향각|포인트 \n정확도,True,2025-07-15,x위치좌표-y위치좌표-방향각-속도-시간정보-아이디-컬럼명(한글)-포인트 \n정확도,아이나비시스템즈,도로,CSV / ZIP,"['네비게이션', '아이나비', '경도', 'PND', '위도', '차량', 'Mobile', '교통량', '교통', '차량이동', 'GPS', 'INAVI']",공간/위치,위치기반,위치데이터,"['네비게이션', '아이나비', '경도', 'PND', '위도', '차량', 'Mobile', '교통량', '교통', '차량이동', 'GPS', 'INAVI']",1.24 KB,-1,1269.0
bigdata-transportation,definition_20453.xlsx,프랜차이즈 카페 인력운용현황(1년),프랜차이즈 카페 인력운용현황(1년),"프랜차이즈 카페(아티제)의 년간 근태현황을 파악할 수 있는 데이터(근무일, 근무시간, 휴식시간 등)",1800000,컬럼명(한글)|주소|상권|성별|근태일자|요일|근태|사원구분명|직위명|출근시간|퇴근시간|휴게시간_외출|외출시작|외출종료|정상근무시간|연장근무시간_분단위|야간근무시간_분단위,True,2025-07-15,근태-근태일자-사원구분명-상권-성별-야간근무시간_분단위-연장근무시간_분단위-외출시작-외출종료-요일-정상근무시간-주소-직위명-출근시간-컬럼명(한글)-퇴근시간-휴게시간_외출,대한제분㈜,일반·기타,CSV / ZIP,"['아티제', '카페', '베이커리', '디저트', '음료', '프랜차이즈', '커피', '빵', '브런치카페', '케이크', '음식', '1년', '인력', '인력운용', '아르바이트', '정규직', '근무', '근무시간', '스케줄', '시간', '근태', '출근', '퇴근']",소비/유통,소비행태,마케팅,"['아티제', '카페', '베이커리', '디저트', '음료', '프랜차이즈', '커피', '빵', '브런치카페', '케이크', '음식', '1년', '인력', '인력운용', '아르바이트', '정규직', '근무', '근무시간', '스케줄', '시간', '근태', '출근', '퇴근']",2.75 KB,-1,2816.0
bigdata-transportation,definition_20089.xlsx,도로위험구간 데이터,도로위험구간 데이터,울산광역시에서 수집되고 있는 이벤트 유형에 대한 수집 이력 정보,0,컬럼명(한글)|보행자검지기 ID|보행자검지기 명|IP|경도|위도|사용 여부|검지 반경|검지 각도|VMS 사용 여부|음성 서비스 사용 여부|등록 일시|기준일자,True,2025-07-15,IP-VMS 사용 여부-검지 각도-검지 반경-경도-기준일자-등록 일시-보행자검지기 ID-보행자검지기 명-사용 여부-위도-음성 서비스 사용 여부-컬럼명(한글),울산정보산업진흥원,공간,CSV / ZIP,"['발생일시', '보행자', '이벤트유형', '이벤트방향', '검지기ID', '검지기명', '경도', '위도']",공공/행정,정책,공공데이터,"['발생일시', '보행자', '이벤트유형', '이벤트방향', '검지기ID', '검지기명', '경도', '위도']",1.67 MB,-1,1751121.0
bigdata-transportation,definition_20237.xlsx,차량용 GPS 원시 데이터,(추석 연휴) 차량용 GPS Data(PND),"차량에 부착된 아이나비 네비게이션(PND, Mobile)을 통해 수집된 GPS 원시(Raw) 데이터(위도, 경도, 차량, GPS 좌표, 교통량 등)",0,컬럼명(한글)|아이디|시간정보|x위치좌표|y위치좌표|속도|방향각|포인트 \n정확도,True,2025-07-15,x위치좌표-y위치좌표-방향각-속도-시간정보-아이디-컬럼명(한글)-포인트 \n정확도,아이나비시스템즈,도로,CSV / ZIP,"['네비게이션', '아이나비', '경도', 'PND', '위도', '차량', 'Mobile', '교통량', '교통', '차량이동', 'GPS', 'INAVI']",공간/위치,위치기반,위치데이터,"['네비게이션', '아이나비', '경도', 'PND', '위도', '차량', 'Mobile', '교통량', '교통', '차량이동', 'GPS', 'INAVI']",1.22 KB,-1,1249.0
bigdata-transportation,definition_20279.xlsx,데이터셋 명세서(아파트 단지별 택시통행량 정보),아파트 단지별 택시통행량 정보,전국 아파트 단지를 대상으로 한 인근 도로의 택시통행량 정보,0,컬럼명(한글)|아파트단지코드|아파트단지명|필지고유번호|지번주소|도로명관리번호|사용승인일|동수|세대수|링크수|최소 택시통행량|최대 택시통행량|평균 택시통행량,True,2025-07-15,도로명관리번호-동수-링크수-사용승인일-세대수-아파트단지명-아파트단지코드-지번주소-최대 택시통행량-최소 택시통행량-컬럼명(한글)-평균 택시통행량-필지고유번호,한국부동산원,융합,CSV / ZIP,"['아파트', '단지', '택시', '통행량', '노드', '링크', '도로', 'TIMS', '인근', '전국']",공간/위치,인구이동,유동인구,"['아파트', '단지', '택시', '통행량', '노드', '링크', '도로', 'TIMS', '인근', '전국']",18.88 MB,-1,19797114.0
bigdata-transportation,definition_20141.xlsx,데이터셋 명세서 양식,(5대 도시)철도 이용자의 전국 소비행태 대비 관광지 내 소비행태 비교,"강릉, 경주, 부산, 여수, 전주 등 5개 지자체 주요역에 하차한 방문객의 업종별 소비 정보",0,컬럼명(한글)|하차역|업종|전국 소비금액 비율|관광지內_총 소비금액 비율|인당 소비금액 비율|관광지內_인당 소비금액 비율|전국 소비건수 비율|관광지內_총 소비건수 비율|인당 소비건수 비율|관광지內_인당 소비건수 비율,True,2025-07-15,관광지內_인당 소비건수 비율-관광지內_인당 소비금액 비율-관광지內_총 소비건수 비율-관광지內_총 소비금액 비율-업종-인당 소비건수 비율-인당 소비금액 비율-전국 소비건수 비율-전국 소비금액 비율-컬럼명(한글)-하차역,한국철도공사,철도,XLSX / ZIP,"['철도', '관광', '관광객', '업종', '소비']",소비/유통,소비행태,소비,"['철도', '관광', '관광객', '업종', '소비']",20.60 KB,-1,21094.0
bigdata-transportation,definition_20225.xlsx,차량용 GPS 원시 데이터,(1월) 차량용 GPS Raw Data(Mobile),"차량에 부착된 아이나비 네비게이션(PND, Mobile)을 통해 수집된 GPS 원시(Raw) 데이터(위도, 경도, 차량, GPS 좌표, 교통량 등)",0,컬럼명(한글)|아이디|시간정보|x위치좌표|y위치좌표|속도|방향각|포인트 \n정확도,True,2025-07-15,x위치좌표-y위치좌표-방향각-속도-시간정보-아이디-컬럼명(한글)-포인트 \n정확도,아이나비시스템즈,도로,CSV / ZIP,"['네비게이션', '아이나비', '경도', 'PND', '위도', '차량', 'Mobile', '교통량', '교통', '차량이동', 'GPS', 'INAVI']",공간/위치,위치기반,위치데이터,"['네비게이션', '아이나비', '경도', 'PND', '위도', '차량', 'Mobile', '교통량', '교통', '차량이동', 'GPS', 'INAVI']",1.22 KB,-1,1249.0
bigdata-transportation,definition_20400.xlsx,대기오염물질배출량_행정구역_읍면동단위,대기오염물질배출량_행정구역_읍면동단위,"대기오염물질배출량은 차량들로 인해 발생하는 도로의 대기오염물질 배출량을 의미하며, 이산화탄소 배출량, 일산화탄소 배출량, 질소산화물 배출량, 미세먼지 배출량, 휘발성 유기화합물 배출량이 있고, 읍면동 경계로 구분된 데이터로 g/일",0,컬럼명(한글)|시도코드|시군구코드|읍면동코드|주_유형|일산화탄소_배출량|이산화탄소_배출량|미세먼지_배출량|질소산화물_배출량|휘발성유기화합물_배출량,True,2025-07-15,미세먼지_배출량-시군구코드-시도코드-읍면동코드-이산화탄소_배출량-일산화탄소_배출량-주_유형-질소산화물_배출량-컬럼명(한글)-휘발성유기화합물_배출량,한국교통연구원,일반·기타,CSV / ZIP,"['View-T', '교통환경지표', '대기오염물질배출량', '연평균', '행정구역 읍면동단위']",공공/행정,정책,공공데이터,"['View-T', '교통환경지표', '대기오염물질배출량', '연평균', '행정구역 읍면동단위']",185.53 KB,-1,189982.0
bigdata-transportation,definition_20425.xlsx,데이터셋 명세서(주요 상권별 택시통행량 정보),주요 상권별 택시통행량 정보,주요 상권별 유동인구와 관련된 교통지표인 택시통행량을 활용하여 주요 상권 인근의 택시통행량 현황 정보,0,컬럼명(한글)|상권번호|상권명|시군구코드|시군구명|링크수|최소 택시통행량|최대 택시통행량|평균 택시통행량|상권별 도형좌표,True,2025-07-15,링크수-상권명-상권번호-상권별 도형좌표-시군구명-시군구코드-최대 택시통행량-최소 택시통행량-컬럼명(한글)-평균 택시통행량,한국부동산원,융합,CSV / ZIP,"['상권', '표준노드링크', '택시통행량', '유동인구', '링크', '반경']",공간/위치,인구이동,유동인구,"['상권', '표준노드링크', '택시통행량', '유동인구', '링크', '반경']",2.96 MB,-1,3103784.0
bigdata-transportation,definition_20505.xlsx,1. 네비 GPS 기반 교통 소통 데이터(5분 단위) 및,인천시 스마트교차로 차로기준 차종별 교통량 통계,인천시 관내 스마트교차로 영상인식 장치에서 수집된 개별차량 데이터를 접근로별 차로 기준으로 집계한 차종별 교통량 통계 데이터(15분 단위),0,컬럼명(한글),True,2025-07-15,컬럼명(한글),인천시청,도로,XLSX / XLSX,"['15분', '교통량', '차로', '스마트교차로', '통계']",기타,기타,기타,"['15분', '교통량', '차로', '스마트교차로', '통계']",-1,-1,1.0
bigdata-transportation,definition_20390.xlsx,데이터셋 명세서(주요 상권별 택시통행량 정보),주요 상권별 택시통행량 정보,주요 상권별 유동인구와 관련된 교통지표인 택시통행량을 활용하여 주요 상권 인근의 택시통행량 현황 정보,0,컬럼명(한글)|상권번호|상권명|시군구코드|시군구명|링크수|최소 택시통행량|최대 택시통행량|평균 택시통행량|상권별 도형좌표,True,2025-07-15,링크수-상권명-상권번호-상권별 도형좌표-시군구명-시군구코드-최대 택시통행량-최소 택시통행량-컬럼명(한글)-평균 택시통행량,한국부동산원,융합,CSV / ZIP,"['상권', '표준노드링크', '택시통행량', '유동인구', '링크', '반경']",공간/위치,인구이동,유동인구,"['상권', '표준노드링크', '택시통행량', '유동인구', '링크', '반경']",-1,-1,1.0
bigdata-transportation,definition_20486.xlsx,주차장입출차정보,주차장입출차정보,"주차장별 차량들이 주차장 이용 기록 데이터(입차시간, 출차시간, 요금 등)",0,컬럼명(한글)|입차일시|출차일시|주차장번호|출차고객구분|입차차량번호인식구분|주차시간|할인구분|-,True,2025-07-15,--입차일시-입차차량번호인식구분-주차시간-주차장번호-출차고객구분-출차일시-컬럼명(한글)-할인구분,한국도로공사,공간,CSV / ZIP,"['주차장', '차량']",공간/위치,인구이동,유동인구,"['주차장', '차량']",2.28 KB,-1,2334.0
bigdata-transportation,definition_20372.xlsx,추정교통량_행정구역_읍면동단위,추정교통량_행정구역_읍면동단위,"추정교통량은 관측교통량과 내비게이션 데이터를 이용하여 미관측 도로의 교통량을 추정하는 알고리즘을 통해 추정된 교통량으로 도로를 주행하는 차량의 수를 의미하며, 읍면동 경계로 구분된 데이터로 단위는 대/일",0,컬럼명(한글)|시도코드|시군구코드|읍면동코드|주_유형|전체_추정교통량|승용차_추정교통량|버스_추정교통량|화물차_추정교통량,True,2025-07-15,버스_추정교통량-승용차_추정교통량-시군구코드-시도코드-읍면동코드-전체_추정교통량-주_유형-컬럼명(한글)-화물차_추정교통량,한국교통연구원,도로,CSV / ZIP,"['행정구역읍면동단위', '평일', '추정교통량', '연평균', '2019년', '속도지표', 'View-T']",공공/행정,정책,공공데이터,"['행정구역읍면동단위', '평일', '추정교통량', '연평균', '2019년', '속도지표', 'View-T']",-1,-1,1.0
bigdata-transportation,definition_20222.xlsx,차량용 GPS 원시 데이터,(설연휴) 차량용 GPS Raw Data(Mobile),"차량에 부착된 아이나비 네비게이션(PND, Mobile)을 통해 수집된 GPS 원시(Raw) 데이터(위도, 경도, 차량, GPS 좌표, 교통량 등)",0,컬럼명(한글)|아이디|시간정보|x위치좌표|y위치좌표|속도|방향각|포인트 \n정확도,True,2025-07-15,x위치좌표-y위치좌표-방향각-속도-시간정보-아이디-컬럼명(한글)-포인트 \n정확도,아이나비시스템즈,도로,CSV / ZIP,"['네비게이션', '아이나비', '경도', 'PND', '위도', '차량', 'Mobile', '교통량', '교통', '차량이동', 'GPS', 'INAVI']",공간/위치,위치기반,위치데이터,"['네비게이션', '아이나비', '경도', 'PND', '위도', '차량', 'Mobile', '교통량', '교통', '차량이동', 'GPS', 'INAVI']",1.24 KB,-1,1269.0
bigdata-transportation,definition_20404.xlsx,평균속도_행정구역_읍면동단위,평균속도_행정구역_읍면동단위,"평균속도는 내비게이션 데이터를 이용하여 도로를 주행하는 모든 차량들의 평균속도를 의미하며, 읍면동 경계로 구분된 데이터로 단위는 km/h",0,컬럼명(한글)|시도코드|시군구코드|읍면동코드|주_유형|평균속도,True,2025-07-15,시군구코드-시도코드-읍면동코드-주_유형-컬럼명(한글)-평균속도,한국교통연구원,도로,CSV / ZIP,"['View-T', '속도지표', '평균속도', '차량모빌리티기반속도', '연평균', '행정구역 읍면동 단위']",공공/행정,정책,공공데이터,"['View-T', '속도지표', '평균속도', '차량모빌리티기반속도', '연평균', '행정구역 읍면동 단위']",117.68 KB,-1,120504.0
bigdata-transportation,definition_20204.xlsx,데이터 레이아웃,6대 광역시 행정동별 고급 국산차 보유자 수,"- KCB에 정보등록된 신용정보를 기반으로 차량담보가액 8천만원 이상의 고급국산차 보유자의 지역별 거주현황\n * KCB에 등록되는 차량정보는 해당 개인이 차량구매시 금융거래(오토론)를 한 경우에만 파악 가능\n * 6대 광역시(부산, 대구, 인천, 대전, 울산, 광주)",1000000,컬럼명(한글)|기준_년월|행정기관코드|성별_코드|연령대_코드|집계인구수,True,2025-07-15,기준_년월-성별_코드-연령대_코드-집계인구수-컬럼명(한글)-행정기관코드,코리아크레딧뷰로,융합,CSV / ZIP,"['신용', '부산', '대구', '인천', '대전', '울산', '광주', '6대도시', '광역시', '국산', '고급', '차종', '거주']",소비/유통,소비행태,소비트렌드,"['신용', '부산', '대구', '인천', '대전', '울산', '광주', '6대도시', '광역시', '국산', '고급', '차종', '거주']",683.00 B,-1,683.0
bigdata-transportation,definition_20326.xlsx,길단위_업종별 점포 수,길단위 편의점 수,도로 형상정보를 중심으로 영업 중인 편의점 수를 집계하여 산출,15000000,컬럼명(한글)|시도코드|시도명|시군구코드|시군구명|도로명|도로번호|도로길이|편의점 점포수|형상정보,True,2025-07-15,도로길이-도로명-도로번호-시군구명-시군구코드-시도명-시도코드-컬럼명(한글)-편의점 점포수-형상정보,오픈메이트,융합,"CSV, SHP / ZIP","['길', '도로', '상권', '상권분석', '상가업소', '전국', '소상공인', '지역상권']",소비/유통,상품,쇼핑,"['길', '도로', '상권', '상권분석', '상가업소', '전국', '소상공인', '지역상권']",299.65 MB,-1,314205798.0
bigdata-transportation,definition_20373.xlsx,평균속도_행정구역_읍면동단위,평균속도_행정구역_읍면동단위,"평균속도는 내비게이션 데이터를 이용하여 도로를 주행하는 모든 차량들의 평균속도를 의미하며, 읍면동 경계로 구분된 데이터로 단위는 km/h",0,컬럼명(한글)|시도코드|시군구코드|읍면동코드|주_유형|평균속도,True,2025-07-15,시군구코드-시도코드-읍면동코드-주_유형-컬럼명(한글)-평균속도,한국교통연구원,도로,CSV / ZIP,"['행정구역읍면동단위', '평일', '평균속도', '2019년', '속도지표', 'View-T', '연평균']",공공/행정,정책,공공데이터,"['행정구역읍면동단위', '평일', '평균속도', '2019년', '속도지표', 'View-T', '연평균']",-1,-1,1.0
bigdata-transportation,definition_20111.xlsx,경주시 공영주차장 입출차정보  ,경주시 공영주차장 입출차정보,"경주시 공영주차장의 입출차 기록 정보입니다. 공영주차장 식별자, 주차면번호, 시간, 주차유무 데이터를 제공합니다.",0,컬럼명(한글)|공영주차장 식별자|주차면번호|시간|주차유무,True,2025-07-15,공영주차장 식별자-시간-주차면번호-주차유무-컬럼명(한글),포항테크노파크,시설·안전,CSV / ZIP,"['포항테크노파크', '교통', '경주', '주차', '공영주차장', '입출차']",공공/행정,정책,공공데이터,"['포항테크노파크', '교통', '경주', '주차', '공영주차장', '입출차']",6.47 MB,-1,6784286.0
bigdata-transportation,definition_20414.xlsx,혼잡시간강도_행정구역_읍면동단위,혼잡시간강도_행정구역_읍면동단위,"혼잡시간강도는 도로를 주행하는 모든 차량이 경험한 총 통행시간대비 혼잡을 경험한 차량의 총 통행시간의 비율을 의미하며, 읍면동 경계로 구분된 데이터로 단위는 %",0,컬럼명(한글)|시도코드|시군구코드|읍면동코드|주_유형|혼잡시간강도,True,2025-07-15,시군구코드-시도코드-읍면동코드-주_유형-컬럼명(한글)-혼잡시간강도,한국교통연구원,도로,CSV / ZIP,"['View-T', '교통혼잡지표', '혼잡시간강도', '혼잡강도', '연평균', '행정구역 읍면동 단위']",공공/행정,정책,공공데이터,"['View-T', '교통혼잡지표', '혼잡시간강도', '혼잡강도', '연평균', '행정구역 읍면동 단위']",117.80 KB,-1,120627.0
bigdata-transportation,definition_20560.xlsx,테이블정의서,전기차 충전기 DR 운영 이력 데이터(분기 단위),전기버스 충전기를 통한 DR 운영에 따른 데이터,849900,컬럼명(한글)|실행일자|시험유형|충전사업자|충전기ID|기준년월|공급전류|SOC|감축기준값(CBL)|전력사용량|전력감축량|기여도|정산금전력량|총수익금|기본수익금|실적수익금|위약금|비고|생산일시,True,2025-07-15,SOC-감축기준값(CBL)-공급전류-기본수익금-기여도-기준년월-비고-생산일시-시험유형-실적수익금-실행일자-위약금-전력감축량-전력사용량-정산금전력량-총수익금-충전기ID-충전사업자-컬럼명(한글),주식회사 펌프킨,버스,CSV / ZIP,"['DR', 'Demand Reponse', '전력시장', '에너지절감', '감축기준값(CBL)', '감축전력']",산업/기술,에너지,신재생에너지,"['DR', 'Demand Reponse', '전력시장', '에너지절감', '감축기준값(CBL)', '감축전력']",20.57 KB,-1,21063.0
bigdata-transportation,definition_20049.xlsx,데이터셋 명세서(아파트 분양 경쟁률정보),아파트 분양 경쟁률정보,전국 아파트의 주택형 및 순위별 경쟁률 정보,0,컬럼명(한글)|주택관리번호|주택명|모델번호|주택형|공급세대수|일반공급순위|거주지|접수건수|경쟁률,True,2025-07-15,거주지-경쟁률-공급세대수-모델번호-일반공급순위-접수건수-주택관리번호-주택명-주택형-컬럼명(한글),한국부동산원,공간,CSV / ZIP,"['전국', '청약', '아파트', '경쟁률', '주택명', '주택형', '공급세대수', '일반공급순위', '거주지역', '접수건수', '미달세대수']",데이터분석,빅데이터,데이터,"['전국', '청약', '아파트', '경쟁률', '주택명', '주택형', '공급세대수', '일반공급순위', '거주지역', '접수건수', '미달세대수']",395.96 MB,-1,415194152.0
bigdata-transportation,definition_20109.xlsx,경산시 BIS 버스 이벤트 로그,경산시 BIS 버스 이벤트 로그,"경산시 버스 정류장 도착 및 출발 정보 데이터입니다. 승차 및 하차 시각, 정차시간과 정류장 위치 정보 데이터를 제공합니다.",0,컬럼명(한글)|노선명|정류장도착시각|정류장출발시각|정차시간(초)|정류장명|정류장 GPS X|정류장 GPS Y,True,2025-07-15,노선명-정류장 GPS X-정류장 GPS Y-정류장도착시각-정류장명-정류장출발시각-정차시간(초)-컬럼명(한글),포항테크노파크,버스,CSV / ZIP,"['포항테크노파크', '교통', '경산', '버스', '정류장', '정류장도착시각', '정류장출발시각', '정류장위치']",공간/위치,위치기반,위치데이터,"['포항테크노파크', '교통', '경산', '버스', '정류장', '정류장도착시각', '정류장출발시각', '정류장위치']",15.74 MB,-1,16504586.0
bigdata-transportation,definition_20545.xlsx,테이블정의서,전기버스 충전이력 데이터(분기 단위),"전기버스의 충전에 대한 이력, 지역별 충전에 사용한 전력사용량 기준의 분기별 충전 데이터(전기차 충전기에서 생성된 원시데이터)",740300,컬럼명(한글)|충전일시|충전소ID|충전기ID|시도코드|시군구코드|시도명|시군구명|충전소명|위도|경도|충전구분|충전방식|시작일시|종료일시|시작SOC|종료SOC|SOC충전량|전력사용량|충전시간|전력사용량(경부하)|전력사용량(중간부하)|전력사용량(최대부하)|비고|생산일시,True,2025-07-15,SOC충전량-경도-비고-생산일시-시군구명-시군구코드-시도명-시도코드-시작SOC-시작일시-위도-전력사용량-전력사용량(경부하)-전력사용량(중간부하)-전력사용량(최대부하)-종료SOC-종료일시-충전구분-충전기ID-충전방식-충전소ID-충전소명-충전시간-충전일시-컬럼명(한글),주식회사 펌프킨,버스,CSV / ZIP,"['전기차', '전기버스', '충전이력', '지역별', '충전전력', '펌프킨', '최대부하', '충전인프라']",데이터분석,빅데이터,데이터,"['전기차', '전기버스', '충전이력', '지역별', '충전전력', '펌프킨', '최대부하', '충전인프라']",6.12 KB,-1,6266.0
bigdata-transportation,definition_20194.xlsx,15.VDS기반고속도로지점별교통소통통계데이터(1개월단위),VDS기반 고속도로 지점별 교통 소통 통계 데이터(1개월 단위),"고속도로 노선상에 설치된 차량감지장치(VDS)에 의해 VDS지점별, 차로유형별, 교통량 및 점유율, 평균속도에 대해 1개월 단위로 통계 생성된 교통 데이터",0,컬럼명(한글)|집계년월|VDS_ID|차로유형구분코드|교통량|점유율|평균속도|정상건수|보정건수|최종변경시각,True,2025-07-15,VDS_ID-교통량-보정건수-점유율-정상건수-집계년월-차로유형구분코드-최종변경시각-컬럼명(한글)-평균속도,한국도로공사,시설·안전,CSV / ZIP,['테스트'],소비/유통,상품,물류,['테스트'],-1,-1,1.0
bigdata-transportation,definition_20210.xlsx,데이터 레이아웃,전국 시군구별 개인사업자의 부채상태,- KCB에 정보등록된 개인사업자의 대표자가 거주하는 주소지를 기반으로 집계한 현황\n  * 사업자의 대표자가 개인인 경우 개인사업자로 판단,1000000,컬럼명(한글)|기준_년월|시군구 코드|성별_코드|연령대_코드|집계인구수|총대출잔액합계,True,2025-07-15,기준_년월-성별_코드-시군구 코드-연령대_코드-집계인구수-총대출잔액합계-컬럼명(한글),코리아크레딧뷰로,융합,CSV / ZIP,"['전국', '개인사업자', '사업자', '시군구', '개인', '부채', '소득']",공공/행정,지역,지역,"['전국', '개인사업자', '사업자', '시군구', '개인', '부채', '소득']",3.19 KB,-1,3266.0
bigdata-transportation,definition_20508.xlsx,접근로별보행자통계,인천시 스마트교차로 접근로기준 횡단 보행자 통계,인천시 관내 스마트교차로 영상인식 장치에서 수집된 개별보행자 데이터를 접근로 기준으로 집계한 횡단 보행자 통계 데이터(15분 단위),0,컬럼명(한글),True,2025-07-15,컬럼명(한글),인천시청,도로,XLSX / ZIP,"['15분', '보행자', '접근로', '스마트교차로', '통계']",공간/위치,인구이동,유동인구,"['15분', '보행자', '접근로', '스마트교차로', '통계']",6.04 MB,-1,6333399.0
bigdata-transportation,definition_20564.xlsx,테이블정의서,전기버스 충전기 운영알람이력 데이터(분기 단위),전기버스 충전기 운영 시에 발생한 알람들에 대한 이력 데이터,740300,컬럼명(한글)|발생일시|충전소ID|충전기ID|충전건ID|시도코드|시군구코드|시도명|시군구명|충전기상태|충전구분|알람종류|알람코드|알람코드명|비고|생산일시,True,2025-07-15,발생일시-비고-생산일시-시군구명-시군구코드-시도명-시도코드-알람종류-알람코드-알람코드명-충전건ID-충전구분-충전기ID-충전기상태-충전소ID-컬럼명(한글),주식회사 펌프킨,버스,CSV / ZIP,"['전기차', '전기버스', '시군구별', '충전기상태', '충전구분', '알람종류', '펌프킨']",공공/행정,정책,공공데이터,"['전기차', '전기버스', '시군구별', '충전기상태', '충전구분', '알람종류', '펌프킨']",18.91 KB,-1,19363.0
bigdata-transportation,definition_20278.xlsx,데이터셋 명세서(초등학교 도보통학권 아파트 정보),초등학교 도보통학권 아파트 정보,수도권 내 초등학교와 인접해 있는 아파트에 관한 정보,0,컬럼명(한글)|아파트단지코드|아파트단지명|필지고유번호|지번주소|도로명관리번호|사용승인일|동수|세대수|학구ID|학교ID|학교명|시도교육청코드|시도교육청명|교육지원청코드|교육지원청명|설립일자|설립유형|본교분교구분|운영구분|학교지번주소|학교도로명주소|학교거리,True,2025-07-15,교육지원청명-교육지원청코드-도로명관리번호-동수-본교분교구분-사용승인일-설립유형-설립일자-세대수-시도교육청명-시도교육청코드-아파트단지명-아파트단지코드-운영구분-지번주소-컬럼명(한글)-필지고유번호-학교ID-학교거리-학교도로명주소-학교명-학교지번주소-학구ID,한국부동산원,공간,CSV / ZIP,"['초등학교', '도보', '통학권', '아파트', '인접', '학구', '단지']",공간/위치,인구이동,주거인구,"['초등학교', '도보', '통학권', '아파트', '인접', '학구', '단지']",18.72 MB,-1,19629342.0
bigdata-transportation,definition_20402.xlsx,차량주행거리_행정구역_읍면동단위,2019년_차량주행거리_행정구역_읍면동단위,"차량주행거리는 추정교통량을 이용하여 도로를 주행하는 모든 차량들의 이동거리의 합을 의미하며, 읍면동 경계로 구분된 데이터로 단위는 km∙대/일",0,컬럼명(한글)|시도코드|시군구코드|읍면동코드|주_유형|전체_차량주행거리|승용차_차량주행거리|버스_차량주행거리|화물차_차량주행거리,True,2025-07-15,버스_차량주행거리-승용차_차량주행거리-시군구코드-시도코드-읍면동코드-전체_차량주행거리-주_유형-컬럼명(한글)-화물차_차량주행거리,한국교통연구원,도로,CSV / ZIP,"['View-T', '교통량지표', '차량주행거리', '차량모빌리티기반교통량', '연평균', '행정구역 읍면동단위']",공공/행정,정책,공공데이터,"['View-T', '교통량지표', '차량주행거리', '차량모빌리티기반교통량', '연평균', '행정구역 읍면동단위']",180.37 KB,-1,184698.0
bigdata-transportation,definition_20517.xlsx,전기버스충전이력데이터(분기단위),전기버스 충전이력 데이터(분기 단위),"전기버스의 충전에 대한 이력, 지역별 충전에 사용한 전력사용량 기준의 분기별 충전 데이터(전기차 충전기에서 생성된 원시데이터)",740300,컬럼명(한글)|충전일시|충전소ID|충전기ID|시도코드|시군구코드|시도명|시군구명|충전소명|위도|경도|충전구분|충전방식|시작일시|종료일시|시작SOC|종료SOC|SOC충전량|전력사용량|충전시간|전력사용량(경부하)|전력사용량(중간부하)|전력사용량(최대부하)|비고|생산일시,True,2025-07-15,SOC충전량-경도-비고-생산일시-시군구명-시군구코드-시도명-시도코드-시작SOC-시작일시-위도-전력사용량-전력사용량(경부하)-전력사용량(중간부하)-전력사용량(최대부하)-종료SOC-종료일시-충전구분-충전기ID-충전방식-충전소ID-충전소명-충전시간-충전일시-컬럼명(한글),주식회사 펌프킨,버스,CSV / ZIP,"['전기차', '전기버스', '충전이력', '지역별', '충전전력', '펌프킨', '최대부하', '충전인프라']",기타,기타,기타,"['전기차', '전기버스', '충전이력', '지역별', '충전전력', '펌프킨', '최대부하', '충전인프라']",-1,-1,1.0
bigdata-transportation,definition_20115.xlsx,구미시 공영주차장 입출차 정보,구미시 공영주차장 입출차 정보,"구미시 공영주차장 입출차 데이터입니다. 주차장명, 입차시간, 출차시간, 주차시간, 주차요금 등의 정보를 제공합니다.",0,컬럼명(한글)|주차장명|입차일시|입차정산일시|출차일시|출차정산일시|주차시간|주차금액,True,2025-07-15,입차일시-입차정산일시-주차금액-주차시간-주차장명-출차일시-출차정산일시-컬럼명(한글),포항테크노파크,시설·안전,CSV / ZIP,"['포항테크노파크', '교통', '구미', '공영주차장', '입차시각', '출차시각']",공공/행정,정책,공공데이터,"['포항테크노파크', '교통', '구미', '공영주차장', '입차시각', '출차시각']",14.85 MB,-1,15571353.0
bigdata-transportation,definition_20243.xlsx,차량용 GPS 원시 데이터,(4월) 차량용 GPS Raw Data(PND),"차량에 부착된 아이나비 네비게이션(PND, Mobile)을 통해 수집된 GPS 원시(Raw) 데이터(위도, 경도, 차량, GPS 좌표, 교통량 등)",0,컬럼명(한글)|아이디|시간정보|x위치좌표|y위치좌표|속도|방향각|포인트 \n정확도,True,2025-07-15,x위치좌표-y위치좌표-방향각-속도-시간정보-아이디-컬럼명(한글)-포인트 \n정확도,아이나비시스템즈,도로,CSV / ZIP,"['네비게이션', '아이나비', '경도', 'PND', '위도', '차량', 'Mobile', '교통량', '교통', '차량이동', 'GPS', 'INAVI']",공간/위치,위치기반,위치데이터,"['네비게이션', '아이나비', '경도', 'PND', '위도', '차량', 'Mobile', '교통량', '교통', '차량이동', 'GPS', 'INAVI']",1.25 KB,-1,1280.0
bigdata-transportation,definition_20558.xlsx,테이블정의서,전기버스 노선 운영지표 데이터(분기 단위),노선의 정류장별 이용현황을 볼 수 있는 운영지표 데이터,740300,컬럼명(한글)|운행일자|시간대|이용자유형|노선ID|노선번호|정류장번호|정류장ID|정류장명|이용량|혼잡도|탑승인원|비고|생산일시,True,2025-07-15,노선ID-노선번호-비고-생산일시-시간대-운행일자-이용량-이용자유형-정류장ID-정류장명-정류장번호-컬럼명(한글)-탑승인원-혼잡도,주식회사 펌프킨,버스,CSV / ZIP,"['전기차', '전기버스', '이용량', '혼잡도', '탑승인원', '펌프킨']",공간/위치,인구이동,유동인구,"['전기차', '전기버스', '이용량', '혼잡도', '탑승인원', '펌프킨']",15.51 KB,-1,15882.0
bigdata-transportation,definition_20211.xlsx,데이터 레이아웃,전국 시군구별 운수업종 개인사업자 수,- KCB에 정보등록된 개인사업자의 대표자가 거주하는 주소지를 기반으로 집계한 현황\n  * 사업자의 대표자가 개인인 경우 개인사업자로 판단,1000000,컬럼명(한글)|기준_년월|시군구 코드|성별_코드|연령대_코드|집계인구수,True,2025-07-15,기준_년월-성별_코드-시군구 코드-연령대_코드-집계인구수-컬럼명(한글),코리아크레딧뷰로,융합,CSV / ZIP,"['전국', '개인사업자', '사업자', '시군구', '개인', '화물', '운수', '운송']",소비/유통,상품,물류,"['전국', '개인사업자', '사업자', '시군구', '개인', '화물', '운수', '운송']",2.14 KB,-1,2191.0
bigdata-transportation,definition_20165.xlsx,데이터셋 명세서 양식,대전시 통행 시간 지표 데이터,"대전 시내 노선별 통행 시간 지표 데이터로서 요일,일자,시간,노선방향,자유류속도,통행시간,자유류통행시간,TTI,PTI,BI 데이터",0,컬럼명(한글)|일자_ID|시_ID|링크_ID|요일_구분|주요_도로_ID|노선_방향|자유류_속도|통행_시간|자유류_통행_시간|통행_시간_95|TTI|PTI|BI|ETL_유형|ETL_DATE,True,2025-07-15,BI-ETL_DATE-ETL_유형-PTI-TTI-노선_방향-링크_ID-시_ID-요일_구분-일자_ID-자유류_속도-자유류_통행_시간-주요_도로_ID-컬럼명(한글)-통행_시간-통행_시간_95,대전시청,도로,CSV / ZIP,"['요일', '일자', '시간', '자유류속도', '통행시간', '자유류통행시간', 'TTI', 'PTI', 'BI']",데이터분석,빅데이터,빅데이터,"['요일', '일자', '시간', '자유류속도', '통행시간', '자유류통행시간', 'TTI', 'PTI', 'BI']",21.10 MB,-1,22124953.0
bigdata-transportation,definition_20378.xlsx,교통혼잡비용_행정구역_읍면동단위,교통혼잡비용_행정구역_읍면동단위,"교통혼잡비용은 도로에서 교통혼잡으로 인해 발생하는 추가적인 사회적 손실을 산정한 비용을 의미하며, 읍면동 경계로 구분된 데이터로 단위는 만원/일",0,컬럼명(한글)|시도코드|시군구코드|읍면동코드|주_유형|전체_교통혼잡비용|승용차_교통혼잡비용|버스_교통혼잡비용|화물차_교통혼잡비용,True,2025-07-15,버스_교통혼잡비용-승용차_교통혼잡비용-시군구코드-시도코드-읍면동코드-전체_교통혼잡비용-주_유형-컬럼명(한글)-화물차_교통혼잡비용,한국교통연구원,도로,CSV / ZIP,"['View-T', '교통혼잡지표', '교통혼잡비용', '차종구분', '연평균', '행정구역 읍면동단위']",공공/행정,정책,공공데이터,"['View-T', '교통혼잡지표', '교통혼잡비용', '차종구분', '연평균', '행정구역 읍면동단위']",-1,-1,1.0
bigdata-transportation,definition_20086.xlsx,데이터셋 명세서 양식,고속도로 이용차량 통행경로 데이터,고속도로를 이용하는 이용차량의 통행경로를 분석할 수 있는 데이터 상품 입니다.,0,컬럼명(한글)|차량ID|순서|경로유형|차량유형|통행량 값|통행노드 개수|통행경로,True,2025-07-15,경로유형-순서-차량ID-차량유형-컬럼명(한글)-통행경로-통행노드 개수-통행량 값,한국도로공사,도로,CSV / ZIP,"['도로공사', '고속도로', '이용차량', '이동경로', '교통', '통행량', '차량유형', '통과시각', '통행경로']",소비/유통,상품,물류,"['도로공사', '고속도로', '이용차량', '이동경로', '교통', '통행량', '차량유형', '통과시각', '통행경로']",378.07 MB,-1,396435128.0
bigdata-transportation,definition_20060.xlsx,데이터셋 명세서(공동주택 시세정보),공동주택 시세정보,"전국 공동주택(아파트)의 평형별 매매 및 전세 시세(상,하한가) 정보",13200000,컬럼명(한글)|시군구코드|읍면동리코드|지번구분|본번|부번|시도명|시군구명|읍면명|동리명|아파트 단지코드|단지명|사용승인일|단지 평형 일련번호|평형정보|평형타입|전용면적|공용면적|기타면적|기준일자|매매상한가|매매하한가|전세상한가|전세하한가,True,2025-07-15,공용면적-기준일자-기타면적-단지 평형 일련번호-단지명-동리명-매매상한가-매매하한가-본번-부번-사용승인일-시군구명-시군구코드-시도명-아파트 단지코드-읍면동리코드-읍면명-전세상한가-전세하한가-전용면적-지번구분-컬럼명(한글)-평형정보-평형타입,한국부동산원,공간,CSV / ZIP,"['전국', '공동주택', '아파트', '단지명', '면적', '평형', '매매', '전세', '시세', '상한가', '하한가']",공간/위치,인구이동,주거인구,"['전국', '공동주택', '아파트', '단지명', '면적', '평형', '매매', '전세', '시세', '상한가', '하한가']",215.28 MB,-1,225737441.0
bigdata-transportation,definition_20236.xlsx,차량용 GPS 원시 데이터,(12월) 차량용 GPS Raw Data(Mobile),"차량에 부착된 아이나비 네비게이션(PND, Mobile)을 통해 수집된 GPS 원시(Raw) 데이터(위도, 경도, 차량, GPS 좌표, 교통량 등)",0,컬럼명(한글)|아이디|시간정보|x위치좌표|y위치좌표|속도|방향각|포인트 \n정확도,True,2025-07-15,x위치좌표-y위치좌표-방향각-속도-시간정보-아이디-컬럼명(한글)-포인트 \n정확도,아이나비시스템즈,도로,CSV / ZIP,"['네비게이션', '아이나비', '경도', 'PND', '위도', '차량', 'Mobile', '교통량', '교통', '차량이동', 'GPS', 'INAVI']",공간/위치,위치기반,위치데이터,"['네비게이션', '아이나비', '경도', 'PND', '위도', '차량', 'Mobile', '교통량', '교통', '차량이동', 'GPS', 'INAVI']",1.23 KB,-1,1259.0
bigdata-transportation,definition_20555.xlsx,테이블정의서,개방충전소(택시) 사용요금  데이터(분기 단위),전기차 충전 데이터 중 개방충전소의 택시에 대한 충전 시 사용요금 정보,740300,컬럼명(한글)|충전소ID|충전기ID|충전건ID|차량번호|소요시간|시작일시|종료일시|시작SOC|종료SOC|전력사용요금|전력사용요금(경부하)|전력사용요금(중간부하)|전력사용요금(최대부하)|비고|생산일시,True,2025-07-15,비고-생산일시-소요시간-시작SOC-시작일시-전력사용요금-전력사용요금(경부하)-전력사용요금(중간부하)-전력사용요금(최대부하)-종료SOC-종료일시-차량번호-충전건ID-충전기ID-충전소ID-컬럼명(한글),주식회사 펌프킨,융합,CSV / ZIP,"['전기차', '택시', 'SOC', '사용요금', '경부하', '중간부하', '최대부하']",소비/유통,소비행태,소비,"['전기차', '택시', 'SOC', '사용요금', '경부하', '중간부하', '최대부하']",25.68 KB,-1,26296.0
bigdata-transportation,definition_20489.xlsx,국토공간 가치지수_교육,국토공간 가치지수_교육,국토공간 가치지수는 교통ㆍ교육ㆍ생활 등 다양한 목적성을 고려한 공간가치를 재정립하여 최신 데이터 기반에 입지분석을 수행한 결과,0,컬럼명(한글)|PNU|시도 코드|시도 명|시군구 코드|시군구 명|읍면동 코드|읍면동 명|리 코드|리 명|지번|지목|유치원 지수|어린이집 지수|초등학교 지수|중학교 지수|고등학교 지수|학원 지수|교육 지수,True,2025-07-15,PNU-고등학교 지수-교육 지수-리 명-리 코드-시군구 명-시군구 코드-시도 명-시도 코드-어린이집 지수-유치원 지수-읍면동 명-읍면동 코드-중학교 지수-지목-지번-초등학교 지수-컬럼명(한글)-학원 지수,한국도로공사,융합,CSV / ZIP,"['국토공간가치지수', '교육']",공공/행정,정책,공공데이터,"['국토공간가치지수', '교육']",1.32 KB,-1,1351.0
bigdata-transportation,definition_20119.xlsx,안동시 도로교통영상 인공지능 분석 정보,안동시 도로교통영상 인공지능 분석 정보,"안동시 교통영상을 인공지능 분석한 데이터입니다. 관측 위치, 차량 유형, 차로 데이터를 제공합니다.",0,컬럼명(한글)|식별부호|통과시간|장소|차종|차로,True,2025-07-15,식별부호-장소-차로-차종-컬럼명(한글)-통과시간,포항테크노파크,시설·안전,CSV / ZIP,"['포항테크노파크', '교통', '안동', '영상', '차량종류']",기타,기타,기타,"['포항테크노파크', '교통', '안동', '영상', '차량종류']",40.75 MB,-1,42729472.0
bigdata-transportation,definition_20511.xlsx,회전방향통계,인천시 스마트교차로 회전방향기준 차종별 교통량 통계,인천시 관내 스마트교차로 영상인식 장치에서 수집된 개별차량 데이터를 접근로별 회전방향 기준으로 집계한 차종별 교통량 통계 데이터(15분 단위),0,컬럼명(한글),True,2025-07-15,컬럼명(한글),인천시청,도로,XLSX / ZIP,"['15분', '교통량', '차로', '스마트교차로', '통계']",공공/행정,정책,공공데이터,"['15분', '교통량', '차로', '스마트교차로', '통계']",789.81 MB,-1,828175810.0
bigdata-transportation,definition_20130.xlsx,평균속도_행정구역_읍면동단위,평균속도_행정구역_읍면동단위,"평균속도는 내비게이션 데이터를 이용하여 도로를 주행하는 모든 차량들의 평균속도를 의미하며, 읍면동 경계로 구분된 데이터로 단위는 km/h",0,컬럼명(한글)|시도코드|시군구코드|읍면동코드|주_유형|평균속도,True,2025-07-15,시군구코드-시도코드-읍면동코드-주_유형-컬럼명(한글)-평균속도,한국교통연구원,도로,CSV / ZIP,"['행정구역읍면동단위', '평일', '평균속도', '2018년', '속도지표', 'View-T', '연평균']",공공/행정,정책,공공데이터,"['행정구역읍면동단위', '평일', '평균속도', '2018년', '속도지표', 'View-T', '연평균']",107.95 KB,-1,110540.0
bigdata-transportation,definition_20358.xlsx,차량 상세주행기록 데이터,차량 상세주행기록 데이터,"2023년8월1일~2023년8월25일 측정된 차량 주행기록 데이터(TB_RECDRV_{yymmdd}) 건별 상세주행 기록 관련 데이터(시간, 속력, rpm, 연료레벨, 엔진부하, 온도, 기압 등)",0,컬럼명(한글)|_id|srcValue|realTime|srcSpeed|srcRPM|srcAPS|srcTPS|srcRPS|srcMAF|srcFuelLevel|srcTorque|srcEngineLoad|srcFuelTrimB1S|srcFuelTrimB2S|srcIntakePress|srcEngineCoolantTemp|srcEngineOilTemp|srcFuelTrimB1L|srcFuelTrimB2L|srcAmbientAirTemp|srcAbsolutePress|srcHybridBatteryT|srcDPF|srcDPFTemp|srcIntakeAirTemp|srcEGT1|srcEGT2|srcUploadTime|srcBattery|srcGyroValue,True,2025-07-15,_id-realTime-srcAPS-srcAbsolutePress-srcAmbientAirTemp-srcBattery-srcDPF-srcDPFTemp-srcEGT1-srcEGT2-srcEngineCoolantTemp-srcEngineLoad-srcEngineOilTemp-srcFuelLevel-srcFuelTrimB1L-srcFuelTrimB1S-srcFuelTrimB2L-srcFuelTrimB2S-srcGyroValue-srcHybridBatteryT-srcIntakeAirTemp-srcIntakePress-srcMAF-srcRPM-srcRPS-srcSpeed-srcTPS-srcTorque-srcUploadTime-srcValue-컬럼명(한글),한국도로공사,도로,CSV / ZIP,"['자동차', '주행기록', '차량상태']",산업/기술,IT기술,IoT,"['자동차', '주행기록', '차량상태']",-1,-1,1.0
bigdata-transportation,definition_20207.xlsx,데이터 레이아웃,전국 시군구별 개인사업자 현황,- KCB에 정보등록된 개인사업자의 대표자가 거주하는 주소지를 기반으로 집계한 현황\n  * 사업자의 대표자가 개인인 경우 개인사업자로 판단,1000000,컬럼명(한글)|기준_년월|시군구 코드|성별_코드|연령대_코드|집계인구수,True,2025-07-15,기준_년월-성별_코드-시군구 코드-연령대_코드-집계인구수-컬럼명(한글),코리아크레딧뷰로,융합,CSV / ZIP,"['전국', '개인사업자', '사업자', '시군구', '개인']",공공/행정,지역,지역,"['전국', '개인사업자', '사업자', '시군구', '개인']",1.35 KB,-1,1382.0
bigdata-transportation,definition_20379.xlsx,대기오염물질배출량_행정구역_읍면동단위,대기오염물질배출량_행정구역_읍면동단위,"대기오염물질배출량은 차량들로 인해 발생하는 도로의 대기오염물질 배출량을 의미하며, 이산화탄소 배출량, 일산화탄소 배출량, 질소산화물 배출량, 미세먼지 배출량, 휘발성 유기화합물 배출량이 있고, 읍면동 경계로 구분된 데이터로 g/일",0,컬럼명(한글)|시도코드|시군구코드|읍면동코드|주_유형|일산화탄소_배출량|이산화탄소_배출량|미세먼지_배출량|질소산화물_배출량|휘발성유기화합물_배출량,True,2025-07-15,미세먼지_배출량-시군구코드-시도코드-읍면동코드-이산화탄소_배출량-일산화탄소_배출량-주_유형-질소산화물_배출량-컬럼명(한글)-휘발성유기화합물_배출량,한국교통연구원,도로,CSV / ZIP,"['View-T', '교통환경지표', '대기오염물질배출량', '연평균', '행정구역 읍면동단위']",공공/행정,정책,공공데이터,"['View-T', '교통환경지표', '대기오염물질배출량', '연평균', '행정구역 읍면동단위']",-1,-1,1.0
bigdata-transportation,definition_20507.xlsx,접근로별보행자통계,인천시 스마트교차로 접근로기준 횡단 보행자 통계,인천시 관내 스마트교차로 영상인식 장치에서 수집된 개별보행자 데이터를 접근로 기준으로 집계한 횡단 보행자 통계 데이터(15분 단위),0,컬럼명(한글),True,2025-07-15,컬럼명(한글),인천시청,도로,XLSX / XLSX,"['15분', '보행자', '접근로', '스마트교차로', '통계']",공간/위치,인구이동,유동인구,"['15분', '보행자', '접근로', '스마트교차로', '통계']",-1,-1,1.0
bigdata-transportation,definition_20359.xlsx,차량 주행기록 데이터,차량 주행기록 데이터,"2023년8월1일~2023년8월25일 측정된 차량별 운행 시작부터 끝까지의 전체 주행 기록(운행시간, 거리, 속도, 연료 소모량 등) 에 대한 데이터",0,컬럼명(한글)|CAR_RECDRV_KEY|CAR_KEY|RECDRV_ID|RECDRV_STDT|RECDRV_ENDT|RECDRV_DRVTIME|RECDRV_DRVDIS|RECDRV_AVE_SPD|RECDRV_FUEL_USEDAMT|RECDRV_OILPAYM|RECDRV_FRATIO|RECDRV_FUEL_CUT_TIME|RECDRV_AVE_RPM|RECDRV_DRV_VALUE|RECDRV_IDLING_TIME|RECDRV_SAFEIN_SCORE|RECDRV_ECO_SCORE|RECDRV_FUELRATIO_SCORE|RECDRV_UPLOAD_TIME|RECDRV_COOL_TEMP|RECDRV_OIL_TEMP|RECDRV_IDLING_FUEL_USEDAMT|RECDRV_REG_DT|RECDRV_AVR_APS|RECDRV_AVR_TPS|RECDRV_AVR_RPS|RECDRV_AVR_MAF|RECDRV_AVR_FUELLEVEL|RECDRV_AVR_TORQUE|RECDRV_AVR_FUEL_TRIM_B1S|RECDRV_AVR_FUEL_TRIM_B2S|RECDRV_AVR_FUEL_TRIM_B1L|RECDRV_AVR_FUEL_TRIM_B2L|RECDRV_AVR_ENGINELOAD|RECDRV_AVR_IN_PRESS|RECDRV_AVR_OUT_TEMPTU|RECDRV_AVR_ABS_PRESS|RECDRV_AVR_HYBRIED_BATTERY_T|RECDRV_AVR_DPF|RECDRV_AVR_DPF_TEMP|RECDRV_AVR_IN_TEMPTU|RECDRV_AVR_EGT1|RECDRV_AVR_EGT2|RECDRV_OBD_VOLT|RECDRV_FUEL_RATIO|RECDRV_AVR_SPEED_WITHOUT_0|RECDRV_AVR_CHARGE_SPEED|RECDRV_NIGHT_DIS|RECDRV_NIGHT_TIME|RECDRV_TIME_WITHOUT_0|RECDRV_SPEED_TIME|RECDRV_HIGHRPM_TIME|RECDRV_START_ODOMETER|RECDRV_FINISH_ODOMETER|RECDRV_GLOBAL_TIME|RECDRV_UPDATE_DT|SERVER_UPDATE_TIME|SRCRECDRV_IS_EXIST,True,2025-07-15,CAR_KEY-CAR_RECDRV_KEY-RECDRV_AVE_RPM-RECDRV_AVE_SPD-RECDRV_AVR_ABS_PRESS-RECDRV_AVR_APS-RECDRV_AVR_CHARGE_SPEED-RECDRV_AVR_DPF-RECDRV_AVR_DPF_TEMP-RECDRV_AVR_EGT1-RECDRV_AVR_EGT2-RECDRV_AVR_ENGINELOAD-RECDRV_AVR_FUELLEVEL-RECDRV_AVR_FUEL_TRIM_B1L-RECDRV_AVR_FUEL_TRIM_B1S-RECDRV_AVR_FUEL_TRIM_B2L-RECDRV_AVR_FUEL_TRIM_B2S-RECDRV_AVR_HYBRIED_BATTERY_T-RECDRV_AVR_IN_PRESS-RECDRV_AVR_IN_TEMPTU-RECDRV_AVR_MAF-RECDRV_AVR_OUT_TEMPTU-RECDRV_AVR_RPS-RECDRV_AVR_SPEED_WITHOUT_0-RECDRV_AVR_TORQUE-RECDRV_AVR_TPS-RECDRV_COOL_TEMP-RECDRV_DRVDIS-RECDRV_DRVTIME-RECDRV_DRV_VALUE-RECDRV_ECO_SCORE-RECDRV_ENDT-RECDRV_FINISH_ODOMETER-RECDRV_FRATIO-RECDRV_FUELRATIO_SCORE-RECDRV_FUEL_CUT_TIME-RECDRV_FUEL_RATIO-RECDRV_FUEL_USEDAMT-RECDRV_GLOBAL_TIME-RECDRV_HIGHRPM_TIME-RECDRV_ID-RECDRV_IDLING_FUEL_USEDAMT-RECDRV_IDLING_TIME-RECDRV_NIGHT_DIS-RECDRV_NIGHT_TIME-RECDRV_OBD_VOLT-RECDRV_OILPAYM-RECDRV_OIL_TEMP-RECDRV_REG_DT-RECDRV_SAFEIN_SCORE-RECDRV_SPEED_TIME-RECDRV_START_ODOMETER-RECDRV_STDT-RECDRV_TIME_WITHOUT_0-RECDRV_UPDATE_DT-RECDRV_UPLOAD_TIME-SERVER_UPDATE_TIME-SRCRECDRV_IS_EXIST-컬럼명(한글),한국도로공사,도로,CSV / ZIP,"['자동차', '주행기록', '안전운전', '운행거리', '운행속도']",데이터분석,빅데이터,데이터,"['자동차', '주행기록', '안전운전', '운행거리', '운행속도']",1.56 MB,-1,1635778.0
bigdata-transportation,definition_20273.xlsx,길단위_도시철도 이용 접근성,길단위 도시철도 이용 접근성,도로 형상정보를 중심으로 지하철역까지의 거리를 계산·가공하여 정의된 도시철도 이용 접근성,0,컬럼명(한글)|시도코드|시도명|시군구코드|시군구명|도로명|도로번호|도로길이|도시철도접근성|형상정보,True,2025-07-15,도로길이-도로명-도로번호-도시철도접근성-시군구명-시군구코드-시도명-시도코드-컬럼명(한글)-형상정보,오픈메이트,융합,CSV / ZIP,"['길', '도로', '상권분석', '대중교통', '지하철', '역', '접근성', '전국']",공간/위치,위치기반,위치데이터,"['길', '도로', '상권분석', '대중교통', '지하철', '역', '접근성', '전국']",295.05 MB,-1,309382348.0
bigdata-transportation,definition_20557.xlsx,테이블정의서,전기버스 노선 운영지표 데이터(분기 단위),노선의 굴곡도 정보 및 운행에 사용된 전력을 제공하는 데이터,740300,컬럼명(한글)|운행시작일시|버스번호|노선ID|노선번호|기점|종점|시도코드|시군구코드|시도명|시군구명|정류장수|노선거리|최단거리|굴곡도|운행종료일시|SOC사용량|전력사용량|비고|생산일시,True,2025-07-15,SOC사용량-굴곡도-기점-노선ID-노선거리-노선번호-버스번호-비고-생산일시-시군구명-시군구코드-시도명-시도코드-운행시작일시-운행종료일시-전력사용량-정류장수-종점-최단거리-컬럼명(한글),주식회사 펌프킨,버스,CSV / ZIP,"['전기차', '전기버스', '노선거리', '최단거리', '굴곡도', '운행종료일시', 'SOC사용량', '전력사용량']",소비/유통,상품,물류,"['전기차', '전기버스', '노선거리', '최단거리', '굴곡도', '운행종료일시', 'SOC사용량', '전력사용량']",31.78 KB,-1,32542.0
bigdata-transportation,definition_20133.xlsx,혼잡시평균속도_행정구역_읍면동단위,혼잡시평균속도_행정구역_읍면동단위,"혼잡시평균속도는 내비게이션 데이터를 이용하여 도로를 주행하는 모든 차량들 중 혼잡을 경험한 차량들의 평균속도를 의미하며, 읍면동 경계로 구분된 데이터로 단위는 km/h",0,컬럼명(한글)|시도코드|시군구코드|읍면동코드|주_유형|혼잡시평균속도,True,2025-07-15,시군구코드-시도코드-읍면동코드-주_유형-컬럼명(한글)-혼잡시평균속도,한국교통연구원,도로,CSV / ZIP,"['혼잡시평균속도', '행정구역읍면동단위', '평일', '연평균', 'View-T', '2018년', '속도지표']",공공/행정,정책,공공데이터,"['혼잡시평균속도', '행정구역읍면동단위', '평일', '연평균', 'View-T', '2018년', '속도지표']",107.97 KB,-1,110561.0
bigdata-transportation,definition_20120.xlsx,영천시 BIS 버스 이벤트 로그,영천시 BIS 버스 이벤트 로그,"영천시 버스정보시스템(BIS)에서 수집한 데이터입니다. 노선번호, 정류장명, 정류장도착시각, 정류장출발시각, 정류장위치 등의 정보를 제공합니다.",0,컬럼명(한글)|이벤트시간|노선명(번호)|노선설명|정류장 도착시각|정류장 출발시각|정류장명|정류장 GPS X|정류장 GPS Y|운행구분|이벤트구분,True,2025-07-15,노선명(번호)-노선설명-운행구분-이벤트구분-이벤트시간-정류장 GPS X-정류장 GPS Y-정류장 도착시각-정류장 출발시각-정류장명-컬럼명(한글),포항테크노파크,버스,CSV / ZIP,"['포항테크노파크', '영천', '버스', '정류장위치', '정류장', '정류장도착시각', '정류장출발시각', '교통', '노선번호']",공간/위치,위치기반,위치데이터,"['포항테크노파크', '영천', '버스', '정류장위치', '정류장', '정류장도착시각', '정류장출발시각', '교통', '노선번호']",1.27 GB,-1,1363652116.0
bigdata-transportation,definition_20407.xlsx,혼잡시평균속도_행정구역_읍면동단위,혼잡시평균속도_행정구역_읍면동단위,"혼잡시평균속도는 내비게이션 데이터를 이용하여 도로를 주행하는 모든 차량들 중 혼잡을 경험한 차량들의 평균속도를 의미하며, 읍면동 경계로 구분된 데이터로 단위는 km/h",0,컬럼명(한글)|시도코드|시군구코드|읍면동코드|주_유형|혼잡시평균속도,True,2025-07-15,시군구코드-시도코드-읍면동코드-주_유형-컬럼명(한글)-혼잡시평균속도,한국교통연구원,도로,CSV / ZIP,"['View-T', '속도지표', '혼잡시평균속도', '차량모빌리티기반속도', '연평균', '행정구역 읍면동단위']",공공/행정,정책,공공데이터,"['View-T', '속도지표', '혼잡시평균속도', '차량모빌리티기반속도', '연평균', '행정구역 읍면동단위']",117.68 KB,-1,120504.0
bigdata-transportation,definition_20173.xlsx,데이터셋 명세서 양식,대전시 도시철도 노선 관리 데이터,"대전 시내 도시철도 노선 관리 데이터로서 도시철도 노선 ID,도시철도노선명 데이터",0,컬럼명(한글)|도시철도 노선 ID|도시철도 노선 명|ETL_유형|ETL_DATE,True,2025-07-15,ETL_DATE-ETL_유형-도시철도 노선 ID-도시철도 노선 명-컬럼명(한글),대전시청,철도,CSV / ZIP,"['도시철도 노선 ID', '도시철도노선명', '노선관리', '대전', '철도']",공공/행정,정책,공공데이터,"['도시철도 노선 ID', '도시철도노선명', '노선관리', '대전', '철도']",225.00 B,-1,225.0
bigdata-transportation,definition_20214.xlsx,데이터 레이아웃,전국 시군구별 운수업종 관련 개인사업자의 소득 및 소비현황,- KCB에 정보등록된 개인사업자의 대표자가 거주하는 주소지를 기반으로 집계한 현황\n  * 사업자의 대표자가 개인인 경우 개인사업자로 판단,1000000,컬럼명(한글)|기준_년월|시군구 코드|성별_코드|연령대_코드|집계인구수|합산 월평균총소득합계|합산 월카드이용금액합계,True,2025-07-15,기준_년월-성별_코드-시군구 코드-연령대_코드-집계인구수-컬럼명(한글)-합산 월카드이용금액합계-합산 월평균총소득합계,코리아크레딧뷰로,융합,CSV / ZIP,"['전국', '개인사업자', '사업자', '시군구', '개인', '화물', '운수', '운송', '소득', '소비']",소비/유통,상품,물류,"['전국', '개인사업자', '사업자', '시군구', '개인', '화물', '운수', '운송', '소득', '소비']",5.44 KB,-1,5570.0
bigdata-transportation,definition_20484.xlsx,요일별 유동인구 데이터,요일별 유동인구 데이터,"요일별 서울지역 50cm*50cm cell기준 상주/비상주인구의 보행인구 집계, cell 단위 유동량이 밀집되는 지역 및 시간대를 확인할 수 있는 중복 카운팅을 허용한 데이터",0,컬럼명(한글)|기준년월|X좌표|Y좌표|월요일 유동인구|화요일 유동인구|수요일 유동인구|목요일 유동인구|금요일 유동인구|토요일 유동인구|일요일 유동인구,True,2025-07-15,X좌표-Y좌표-금요일 유동인구-기준년월-목요일 유동인구-수요일 유동인구-월요일 유동인구-일요일 유동인구-컬럼명(한글)-토요일 유동인구-화요일 유동인구,한국도로공사,일반·기타,CSV / ZIP,['유동인구'],공간/위치,인구이동,유동인구,['유동인구'],860.00 B,-1,860.0
bigdata-transportation,definition_20369.xlsx,대기오염물질배출량_행정구역_읍면동단위,대기오염물질배출량_행정구역_읍면동단위,"대기오염물질배출량은 차량들로 인해 발생하는 도로의 대기오염물질 배출량을 의미하며, 이산화탄소 배출량, 일산화탄소 배출량, 질소산화물 배출량, 미세먼지 배출량, 휘발성 유기화합물 배출량이 있고, 읍면동 경계로 구분된 데이터로 g/일",0,컬럼명(한글)|시도코드|시군구코드|읍면동코드|주_유형|일산화탄소_배출량|이산화탄소_배출량|미세먼지_배출량|질소산화물_배출량|휘발성유기화합물_배출량,True,2025-07-15,미세먼지_배출량-시군구코드-시도코드-읍면동코드-이산화탄소_배출량-일산화탄소_배출량-주_유형-질소산화물_배출량-컬럼명(한글)-휘발성유기화합물_배출량,한국교통연구원,일반·기타,CSV / ZIP,"['행정구역읍면동단위', '평일', '연평균', '속도지표', '대기오염물질배출량', 'View-T', '2019년']",공공/행정,정책,공공데이터,"['행정구역읍면동단위', '평일', '연평균', '속도지표', '대기오염물질배출량', 'View-T', '2019년']",-1,-1,1.0
bigdata-transportation,definition_20042.xlsx,1. 네비 GPS 기반 교통 소통 데이터(5분 단위) 및,네비 GPS 기반 교통 소통 데이터(5분 단위) 및 교통량 통계,"SKT T맵 사용자 GPS 위치 정보를 기반으로 5분 단위로 생성한 회전별(전진/좌회전/우회전 등) 교통 소통 데이터 및 교통량 통계 데이터(위치좌표(위도, 경도), 회전별 소통 정보, 교통량, 평균 속도 등)",0,컬럼명(한글)|정보기준시각|진입 표준링크 ID|진출 표준링크 ID|평균통행시간 (sec)|평균통행속도 (km/h)|수량,True,2025-07-15,수량-정보기준시각-진입 표준링크 ID-진출 표준링크 ID-컬럼명(한글)-평균통행속도 (km/h)-평균통행시간 (sec),SK텔레콤,도로,CSV / CSV,"['SKT', '위치정보', 'GPS', '경도', '위도', '소통정보', '교통량', '평균속도', '5분', 'T맵', '티맵']",공간/위치,위치기반,위치데이터,"['SKT', '위치정보', 'GPS', '경도', '위도', '소통정보', '교통량', '평균속도', '5분', 'T맵', '티맵']",251.23 MB,-1,263433748.0
bigdata-transportation,definition_20510.xlsx,차로통계,인천시 스마트교차로 차로기준 차종별 교통량 통계,인천시 관내 스마트교차로 영상인식 장치에서 수집된 개별차량 데이터를 접근로별 차로 기준으로 집계한 차종별 교통량 통계 데이터(15분 단위),0,컬럼명(한글),True,2025-07-15,컬럼명(한글),인천시청,도로,XLSX / ZIP,"['15분', '교통량', '차로', '스마트교차로', '통계']",공공/행정,정책,공공데이터,"['15분', '교통량', '차로', '스마트교차로', '통계']",870.41 MB,-1,912691036.0
bigdata-transportation,definition_20151.xlsx,데이터셋 명세서 양식,시군구 단위별 외지방문자의 업종 기준 소비 건수 비율 및  금액 비율,"강릉, 경주, 부산, 여수, 전주 등 5개 지자체 방문객의 행정동별, 업종별 소비 정보",0,컬럼명(한글)|시도|시군구|업종명|소비건수|소비금액,True,2025-07-15,소비건수-소비금액-시군구-시도-업종명-컬럼명(한글),한국철도공사,철도,XSLX / ZIP,"['철도', '관광', '관광객', '업종', '소비', '시군구']",소비/유통,소비행태,소비,"['철도', '관광', '관광객', '업종', '소비', '시군구']",27.13 KB,-1,27781.0
bigdata-transportation,definition_20408.xlsx,대기오염물질배출량_행정구역_읍면동단위,대기오염물질배출량_행정구역_읍면동단위,"대기오염물질배출량은 차량들로 인해 발생하는 도로의 대기오염물질 배출량을 의미하며, 이산화탄소 배출량, 일산화탄소 배출량, 질소산화물 배출량, 미세먼지 배출량, 휘발성 유기화합물 배출량이 있고, 읍면동 경계로 구분된 데이터로 g/일",0,컬럼명(한글)|시도코드|시군구코드|읍면동코드|주_유형|일산화탄소_배출량|이산화탄소_배출량|미세먼지_배출량|질소산화물_배출량|휘발성유기화합물_배출량,True,2025-07-15,미세먼지_배출량-시군구코드-시도코드-읍면동코드-이산화탄소_배출량-일산화탄소_배출량-주_유형-질소산화물_배출량-컬럼명(한글)-휘발성유기화합물_배출량,한국교통연구원,일반·기타,CSV / ZIP,"['View-T', '교통환경지표', '대기오염물질배출량', '연평균', '행정구역 읍면동단위']",공공/행정,정책,공공데이터,"['View-T', '교통환경지표', '대기오염물질배출량', '연평균', '행정구역 읍면동단위']",186.05 KB,-1,190515.0
bigdata-transportation,definition_20480.xlsx,성연령별 유동인구 데이터,성/연령별 유동인구 데이터,"서울지역 50cm*50cm cell기준 상주/비상주인구의 보행인구 집계, cell 단위 유동량이 밀집되는 지역 및 시간대를 확인할 수 있는 중복 카운팅을 허용한 데이터",0,컬럼명(한글)|기준년월|X좌표|Y좌표|남자10대미만 유동인구|남자20대 유동인구|남자30대 유동인구|남자40대 유동인구|남자50대 유동인구|남자60대이상 유동인구|여자10대미만 유동인구|여자20대 유동인구|여자30대 유동인구|여자40대 유동인구|여자50대 유동인구|여자60대이상 유동인구,True,2025-07-15,X좌표-Y좌표-기준년월-남자10대미만 유동인구-남자20대 유동인구-남자30대 유동인구-남자40대 유동인구-남자50대 유동인구-남자60대이상 유동인구-여자10대미만 유동인구-여자20대 유동인구-여자30대 유동인구-여자40대 유동인구-여자50대 유동인구-여자60대이상 유동인구-컬럼명(한글),한국도로공사,일반·기타,CSV / ZIP,['유동인구'],공간/위치,인구이동,유동인구,['유동인구'],-1,-1,1.0
bigdata-transportation,definition_20051.xlsx,데이터셋 명세서(역세권 토지건물 특성정보),역세권 토지건물 특성정보,"수도권 지하철역사로부터 반경 500m 내 부동산(토지,건물)의 특성정보",0,컬럼명(한글)|시군구코드|읍면동리코드|지번구분|본번|부번|주소명|용도지역코드|용도지역명|지목코드|지목명|토지이용상황코드|토지이용상황명|토지면적|인접지하철역명|인접지하철역거리|공시지가|기준연월|건축물대장PK|건물 주용도코드|건물 주용도명|건축면적|연면적|대지면적,True,2025-07-15,건물 주용도명-건물 주용도코드-건축면적-건축물대장PK-공시지가-기준연월-대지면적-본번-부번-시군구코드-연면적-용도지역명-용도지역코드-읍면동리코드-인접지하철역거리-인접지하철역명-주소명-지목명-지목코드-지번구분-컬럼명(한글)-토지면적-토지이용상황명-토지이용상황코드,한국부동산원,공간,CSV / ZIP,"['서울', '인천', '경기', '역세권', '지하철역', '토지', '건물', '부동산', '특성정보', '거리']",공간/위치,위치기반,위치데이터,"['서울', '인천', '경기', '역세권', '지하철역', '토지', '건물', '부동산', '특성정보', '거리']",928.86 MB,-1,973980303.0
bigdata-transportation,definition_20159.xlsx,데이터셋 명세서 양식,대전시 버스 교통카드거래 이력 데이터,"버스 카드 거래 이력 데이터로서 승차일시,승하차 정류장 번호,승하차 정산,승차시간,하차시간 데이터를 포함",0,컬럼명(한글)|일련번호|카드_번호|승차_년월일|승차_시분초|처리_식별부호|교통수단_코드|환승_횟수|버스노선_식별부호|운수회사_식별부호|버스_식별부호|사용자_유형_코드|버스운행_시작_년월일|버스운행_시작_시분초|승차_버스정류장_식별부호|하차_년월일|하차_시분초|하차_버스정류장_식별부호|승객_인원수|승차_운임|하차_운임|버스_운전사_식별부호|승차_정산_년월일|하차_정산_년월일|추출변환적재유형_코드|추출변환적재_일시분초,True,2025-07-15,교통수단_코드-버스_식별부호-버스_운전사_식별부호-버스노선_식별부호-버스운행_시작_년월일-버스운행_시작_시분초-사용자_유형_코드-승객_인원수-승차_년월일-승차_버스정류장_식별부호-승차_시분초-승차_운임-승차_정산_년월일-운수회사_식별부호-일련번호-처리_식별부호-추출변환적재_일시분초-추출변환적재유형_코드-카드_번호-컬럼명(한글)-하차_년월일-하차_버스정류장_식별부호-하차_시분초-하차_운임-하차_정산_년월일-환승_횟수,대전시청,버스,CSV / ZIP,"['승하차 정산', '승차시간', '대전시', '대전', '버스']",공간/위치,인구이동,유동인구,"['승하차 정산', '승차시간', '대전시', '대전', '버스']",5.32 MB,-1,5578424.0
bigdata-transportation,definition_20083.xlsx,01_테이블정의서,열차번호별 기본 운행 정보 (※ 기존 명칭: 열차운행내역),"운행일자를 기준으로 운행되는 1개월간의 여객열차기본정보로 운행일자, 열차번호, 상행하행구분코드, 열차종별코드, 운행구분코드, 노선코드, 시발역코드, 열차시발시각, 종착역코드, 열차종착시각, 열차속성코드, 주운행선코드 등으로 구성되어 있습니다. 운행일자를 기준으로 산출하며, 30일간의 여객열차의 기본 데이터입니다.",0,컬럼명(한글)|운행일자|열차번호|상행하행구분코드|열차종별코드|운행구분코드|시발역코드|열차시발시각|종착역코드|열차종착시각|회송여부|열차속성코드|분할합병구분코드|운행경과일수|영업여부|이전편성공개여부|이후편성공개여부|편성순방향여부|운임등급코드|주운행성코드,True,2025-07-15,분할합병구분코드-상행하행구분코드-시발역코드-열차번호-열차속성코드-열차시발시각-열차종별코드-열차종착시각-영업여부-운임등급코드-운행경과일수-운행구분코드-운행일자-이전편성공개여부-이후편성공개여부-종착역코드-주운행성코드-컬럼명(한글)-편성순방향여부-회송여부,한국철도공사,철도,CSV / ZIP,"['철도공사', '열차', '운행', '집계', '수송량']",소비/유통,상품,물류,"['철도공사', '열차', '운행', '집계', '수송량']",10.13 MB,-1,10622074.0
bigdata-transportation,definition_20424.xlsx,데이터셋 명세서(아파트 단지별 도로혼잡빈도 정보),아파트 단지별 도로혼잡빈도 정보,아파트 단지별로 차량의 혼잡 정도를 나타내는 교통정보인 도로혼잡빈도를 확인할 수 있는 정보,0,컬럼명(한글)|아파트단지코드|아파트단지명|필지고유번호|지번주소|도로명관리번호|사용승인일|동수|세대수|링크수|최소 도로혼잡빈도강도|최대 도로혼잡빈도강도|평균 도로혼잡빈도강도,True,2025-07-15,도로명관리번호-동수-링크수-사용승인일-세대수-아파트단지명-아파트단지코드-지번주소-최대 도로혼잡빈도강도-최소 도로혼잡빈도강도-컬럼명(한글)-평균 도로혼잡빈도강도-필지고유번호,한국부동산원,융합,CSV / ZIP,"['아파트', '단지', '주요도로망', '도로혼잡빈도', '링크', '혼잡', '차량']",공간/위치,위치기반,위치데이터,"['아파트', '단지', '주요도로망', '도로혼잡빈도', '링크', '혼잡', '차량']",7.40 MB,-1,7759462.0
bigdata-transportation,definition_20438.xlsx,데이터셋 명세서(상가건물 기반 역세권 정보),상가건물 기반 역세권 정보,수도권 내 지하철 역세권 부동산 중  상가건물의 속성정보 제공,0,컬럼명(한글)|필지고유번호|필지별 상가건물 순번|시군구코드|읍면동리코드|지번주소|지번구분|본번|부번|상가건물명|업종유형|영업상태명|상세영업상태명|인접지하철역명|인접지하철역거리,True,2025-07-15,본번-부번-상가건물명-상세영업상태명-시군구코드-업종유형-영업상태명-읍면동리코드-인접지하철역거리-인접지하철역명-지번구분-지번주소-컬럼명(한글)-필지고유번호-필지별 상가건물 순번,한국부동산원,융합,CSV / ZIP,"['수도권', '지하철', '역세권', '상업용 부동산', '상가건물', '영업상태']",공간/위치,인구이동,유동인구,"['수도권', '지하철', '역세권', '상업용 부동산', '상가건물', '영업상태']",439.24 MB,-1,460576522.0
bigdata-transportation,definition_20370.xlsx,정상시평균속도_행정구역_읍면동단위,정상시평균속도_행정구역_읍면동단위,"정상시평균속도는 내비게이션 데이터를 이용하여 도로를 주행하는 모든 차량들 중 혼잡을 경험하지않은 차량들의 평균속도를 의미하며, 읍면동 경계로 구분된 데이터로 단위는 km/h",0,컬럼명(한글)|시도코드|시군구코드|읍면동코드|주_유형|정상시평균속도,True,2025-07-15,시군구코드-시도코드-읍면동코드-정상시평균속도-주_유형-컬럼명(한글),한국교통연구원,도로,CSV / ZIP,"['행정구역읍면동단위', '평일', '정상시평균속도', 'View-T', '연평균', '속도지표', '2019년']",공공/행정,정책,공공데이터,"['행정구역읍면동단위', '평일', '정상시평균속도', 'View-T', '연평균', '속도지표', '2019년']",-1,-1,1.0
bigdata-transportation,definition_20418.xlsx,정상시평균속도_행정구역_읍면동단위,정상시평균속도_행정구역_읍면동단위,"정상시평균속도는 내비게이션 데이터를 이용하여 도로를 주행하는 모든 차량들 중 혼잡을 경험하지않은 차량들의 평균속도를 의미하며, 읍면동 경계로 구분된 데이터로 단위는 km/h",0,컬럼명(한글)|시도코드|시군구코드|읍면동코드|주_유형|정상시평균속도,True,2025-07-15,시군구코드-시도코드-읍면동코드-정상시평균속도-주_유형-컬럼명(한글),한국교통연구원,도로,CSV / ZIP,"['View-T', '속도지표', '정상시평균속도', '차량모빌리티기반속도', '연평균', '행정구역 읍면동단위']",공공/행정,정책,공공데이터,"['View-T', '속도지표', '정상시평균속도', '차량모빌리티기반속도', '연평균', '행정구역 읍면동단위']",118.42 KB,-1,121262.0
bigdata-transportation,definition_20054.xlsx,데이터셋 명세서(역세권 지가변동률),역세권 지가변동률,전국 시군구별 지하철 역세권의 월별·누적 지가변동률,0,컬럼명(한글)|시도명|시군구명|년도|월|역세권 변동률|역세권 누계변동률|변동률|누계변동률,True,2025-07-15,년도-누계변동률-변동률-시군구명-시도명-역세권 누계변동률-역세권 변동률-월-컬럼명(한글),한국부동산원,공간,CSV / ZIP,"['서울', '인천', '경기', '역세권', '지하철역', '지가변동률', '월별', '누적']",공공/행정,지역,지역,"['서울', '인천', '경기', '역세권', '지하철역', '지가변동률', '월별', '누적']",20.01 MB,-1,20982005.0
bigdata-transportation,definition_20161.xlsx,데이터셋 명세서 양식,대전시 POCT 데이터,"대전 시내 교통 혼잡도 데이터를 집계한 데이터로서 노선구간정보,일시,시간,노선방향,교통량,혼잡도 데이터를 포함",0,컬럼명(한글)|일자_ID|시_ID|주요_도로_ID|CONGT_적용_속도_구분|요일_구분|노선_방향|구간_길이|전체_교통량|CONGT_교통량|전체_VKT|CONGT_VKT|POCT|ETL_유형|ETL_DATE,True,2025-07-15,CONGT_VKT-CONGT_교통량-CONGT_적용_속도_구분-ETL_DATE-ETL_유형-POCT-구간_길이-노선_방향-시_ID-요일_구분-일자_ID-전체_VKT-전체_교통량-주요_도로_ID-컬럼명(한글),대전시청,도로,CSV / ZIP,"['VKT', '구간정보', '혼잡적용속도', '시간', '구간연장', '교통량']",기타,기타,기타,"['VKT', '구간정보', '혼잡적용속도', '시간', '구간연장', '교통량']",2.74 MB,-1,2873098.0
bigdata-transportation,definition_20140.xlsx,데이터셋 명세서 양식,(5대 도시)주요관광지 방문자의 연령 및 거주지역 정보,"강릉, 경주, 부산, 여수, 전주 등 5개 지자체 관광지의 거주지 시도별, 연령대별 방문 비율입니다.",0,컬럼명(한글)|방문지역|연령대|관광지|서울|부산|대구|인천|광주|대전|울산|세종|경기|강원|충북|충남|전북|전남|경북|경남|제주,True,2025-07-15,강원-경기-경남-경북-관광지-광주-대구-대전-방문지역-부산-서울-세종-연령대-울산-인천-전남-전북-제주-충남-충북-컬럼명(한글),한국철도공사,철도,XLSX / ZIP,"['철도', '관광', '관광객', '연령', '거주자정보', '비율']",공간/위치,관광,관광지,"['철도', '관광', '관광객', '연령', '거주자정보', '비율']",114.46 KB,-1,117207.0
bigdata-transportation,definition_20244.xlsx,차량용 GPS 원시 데이터,(5월) 차량용 GPS Raw Data(PND),"차량에 부착된 아이나비 네비게이션(PND, Mobile)을 통해 수집된 GPS 원시(Raw) 데이터(위도, 경도, 차량, GPS 좌표, 교통량 등)",0,컬럼명(한글)|아이디|시간정보|x위치좌표|y위치좌표|속도|방향각|포인트 \n정확도,True,2025-07-15,x위치좌표-y위치좌표-방향각-속도-시간정보-아이디-컬럼명(한글)-포인트 \n정확도,아이나비시스템즈,도로,CSV / ZIP,"['네비게이션', '아이나비', '경도', 'PND', '위도', '차량', 'Mobile', '교통량', '교통', '차량이동', 'GPS', 'INAVI']",공간/위치,위치기반,위치데이터,"['네비게이션', '아이나비', '경도', 'PND', '위도', '차량', 'Mobile', '교통량', '교통', '차량이동', 'GPS', 'INAVI']",1.25 KB,-1,1280.0
bigdata-transportation,definition_20200.xlsx,데이터 레이아웃,수도권 행정동별 고급 국산차 보유자 수,"- KCB에 정보등록된 신용정보를 기반으로 차량담보가액 8천만원 이상의 고급국산차 보유자의 지역별 거주현황\n * KCB에 등록되는 차량정보는 해당 개인이 차량구매시 금융거래(오토론)를 한 경우에만 파악 가능\n * 수도권 = 서울, 경기, 인천",1000000,컬럼명(한글)|기준_년월|행정기관코드|성별_코드|연령대_코드|집계인구수,True,2025-07-15,기준_년월-성별_코드-연령대_코드-집계인구수-컬럼명(한글)-행정기관코드,코리아크레딧뷰로,융합,CSV / ZIP,"['고급차', '국산', '수도권', '행정동', '신용', '지역', '거주', '현황']",소비/유통,소비행태,소비,"['고급차', '국산', '수도권', '행정동', '신용', '지역', '거주', '현황']",1.27 KB,-1,1300.0
bigdata-transportation,definition_20282.xlsx,데이터셋 명세서(광역버스정류장 인근 토지건물 특성정보),광역버스 정류장 인근 토지건물 특성정보,"수도권 광역버스 정류장로부터 반경 500m 내 부동산(토지,건물)의 특성정보",0,컬럼명(한글)|필지고유번호|필지별 순번|시군구코드|읍면동리코드|지번구분|본번|부번|주소명|용도지역코드|용도지역명|지목코드|지목명|토지이용상황코드|토지이용상황명|토지면적|인근 광역버스 정류장명|인근 광역버스 정류장거리|광역버스정류장 버스노선수|공시지가|기준연월|건축물대장PK|건물 주용도코드|건물 주용도명|건축면적|연면적|대지면적,True,2025-07-15,건물 주용도명-건물 주용도코드-건축면적-건축물대장PK-공시지가-광역버스정류장 버스노선수-기준연월-대지면적-본번-부번-시군구코드-연면적-용도지역명-용도지역코드-읍면동리코드-인근 광역버스 정류장거리-인근 광역버스 정류장명-주소명-지목명-지목코드-지번구분-컬럼명(한글)-토지면적-토지이용상황명-토지이용상황코드-필지고유번호-필지별 순번,한국부동산원,공간,CSV / ZIP,"['수도권', '광역버스', '토지', '특성', '건물', '정류장', '']",공간/위치,위치기반,위치데이터,"['수도권', '광역버스', '토지', '특성', '건물', '정류장', '']",102.96 MB,-1,107961384.0
bigdata-transportation,definition_20281.xlsx,데이터셋 명세서(광역버스정류장 인근 공동주택 실거래정보),광역버스 정류장 인근 공동주택 실거래정보,"수도권 광역버스 정류장으로부터 반경 500m 내 공동주택(아파트,연립,다세대,오피스텔)의 실거래(매매,전월세) 정보",0,컬럼명(한글)|필지고유번호|필지별 순번|시군구코드|읍면동리코드|지번구분|본번|부번|지번주소|주택유형|단지명|건축년도|층|전용면적|계약년월|계약일|거래구분|거래금액|보증금액|월세금액|인근 광역버스 정류장명|인근 광역버스 정류장거리|광역버스정류장 버스노선수,True,2025-07-15,거래구분-거래금액-건축년도-계약년월-계약일-광역버스정류장 버스노선수-단지명-보증금액-본번-부번-시군구코드-월세금액-읍면동리코드-인근 광역버스 정류장거리-인근 광역버스 정류장명-전용면적-주택유형-지번구분-지번주소-층-컬럼명(한글)-필지고유번호-필지별 순번,한국부동산원,공간,CSV / ZIP,"['수도권', '광역버스', '정류장', '공동주택', '실거래', '매매', '전세', '월세']",공간/위치,인구이동,주거인구,"['수도권', '광역버스', '정류장', '공동주택', '실거래', '매매', '전세', '월세']",52.09 MB,-1,54620323.0
bigdata-transportation,definition_20533.xlsx,테이블정의서,전기버스 충전요금이력 데이터(분기 단위),전기버스의 충전에 사용한 전력사용량의 요금에 대한 분기별 충전 데이터(전기차 충전기에서 생성된 원시데이터),849900,컬럼명(한글)|충전일시|충전소ID|충전기ID|시도코드|시군구코드|시도명|시군구명|충전소명|위도|경도|충전구분|충전방식|시작일시|종료일시|시작SOC|종료SOC|SOC충전량|전력사용량|전력사용요금|전력사용요금(경부하)|전력사용요금(중간부하)|전력사용요금(최대부하)|비고|생산일시,True,2025-07-15,SOC충전량-경도-비고-생산일시-시군구명-시군구코드-시도명-시도코드-시작SOC-시작일시-위도-전력사용량-전력사용요금-전력사용요금(경부하)-전력사용요금(중간부하)-전력사용요금(최대부하)-종료SOC-종료일시-충전구분-충전기ID-충전방식-충전소ID-충전소명-충전일시-컬럼명(한글),주식회사 펌프킨,버스,CSV / ZIP,"['전기차', '전기버스', '충전이력', '지역별', '충전전력', '펌프킨', '최대부하 사용', '충전인프라']",공공/행정,통계,데이터개방,"['전기차', '전기버스', '충전이력', '지역별', '충전전력', '펌프킨', '최대부하 사용', '충전인프라']",-1,-1,1.0
bigdata-transportation,definition_20267.xlsx,길단위_업종별 점포 수,길단위 업종별 점포 수,도로 형상정보를 중심으로 영업 중인 점포 수를 업종별로 집계하여 정의,0,컬럼명(한글)|시도코드|시도명|시군구코드|시군구명|도로명|도로번호|도로길이|점포수|형상정보,True,2025-07-15,도로길이-도로명-도로번호-시군구명-시군구코드-시도명-시도코드-점포수-컬럼명(한글)-형상정보,오픈메이트,공간,CSV / EGG,"['길', '도로', '상권', '상권분석', '상가업소', '전국', '소상공인', '지역상권', '활성도']",데이터분석,미디어분석,소셜,"['길', '도로', '상권', '상권분석', '상가업소', '전국', '소상공인', '지역상권', '활성도']",2.93 GB,-1,3146063544.0
bigdata-transportation,definition_20171.xlsx,데이터셋 명세서 양식,대전시 교차로 데이터,"대전 시내 교차로 데이터로서 교차로 ID,교차로명,교차로타입,경위도좌표 데이터",0,컬럼명(한글)|교차로 아이디|교차로 명|교차로 타입|경도 좌표|위도 좌표|ETL_유형|ETL_DATE,True,2025-07-15,ETL_DATE-ETL_유형-경도 좌표-교차로 명-교차로 아이디-교차로 타입-위도 좌표-컬럼명(한글),대전시청,도로,CSV / ZIP,"['교차로 ID', '교차로명', '교차로타입', '경위도좌표', '대전']",공간/위치,위치기반,위치데이터,"['교차로 ID', '교차로명', '교차로타입', '경위도좌표', '대전']",1.91 KB,-1,1955.0
bigdata-transportation,definition_20410.xlsx,차량주행거리_행정구역_읍면동단위,2019년_차량주행거리_행정구역_읍면동단위,"차량주행거리는 추정교통량을 이용하여 도로를 주행하는 모든 차량들의 이동거리의 합을 의미하며, 읍면동 경계로 구분된 데이터로 단위는 km∙대/일",0,컬럼명(한글)|시도코드|시군구코드|읍면동코드|주_유형|전체_차량주행거리|승용차_차량주행거리|버스_차량주행거리|화물차_차량주행거리,True,2025-07-15,버스_차량주행거리-승용차_차량주행거리-시군구코드-시도코드-읍면동코드-전체_차량주행거리-주_유형-컬럼명(한글)-화물차_차량주행거리,한국교통연구원,도로,CSV / ZIP,"['View-T', '교통량지표', '차량주행거리', '차량모빌리티기반교통량', '연평균', '행정구역 읍면동단위']",공공/행정,정책,공공데이터,"['View-T', '교통량지표', '차량주행거리', '차량모빌리티기반교통량', '연평균', '행정구역 읍면동단위']",186.83 KB,-1,191313.0
bigdata-transportation,definition_20368.xlsx,교통혼잡비용_행정구역_읍면동단위,교통혼잡비용_행정구역_읍면동단위,"교통혼잡비용은 도로에서 교통혼잡으로 인해 발생하는 추가적인 사회적 손실을 산정한 비용을 의미하며, 읍면동 경계로 구분된 데이터로 단위는 만원/일",0,컬럼명(한글)|시도코드|시군구코드|읍면동코드|주_유형|전체_교통혼잡비용|승용차_교통혼잡비용|버스_교통혼잡비용|화물차_교통혼잡비용,True,2025-07-15,버스_교통혼잡비용-승용차_교통혼잡비용-시군구코드-시도코드-읍면동코드-전체_교통혼잡비용-주_유형-컬럼명(한글)-화물차_교통혼잡비용,한국교통연구원,일반·기타,CSV / ZIP,"['혼잡시평균속도', '행정구역읍면동단위', '평일', '연평균', 'View-T', '2019년', '속도지표']",공공/행정,정책,공공데이터,"['혼잡시평균속도', '행정구역읍면동단위', '평일', '연평균', 'View-T', '2019년', '속도지표']",-1,-1,1.0
bigdata-transportation,definition_20241.xlsx,차량용 GPS 원시 데이터,(2월) 차량용 GPS Raw Data(PND),"차량에 부착된 아이나비 네비게이션(PND, Mobile)을 통해 수집된 GPS 원시(Raw) 데이터(위도, 경도, 차량, GPS 좌표, 교통량 등)",0,컬럼명(한글)|아이디|시간정보|x위치좌표|y위치좌표|속도|방향각|포인트 \n정확도,True,2025-07-15,x위치좌표-y위치좌표-방향각-속도-시간정보-아이디-컬럼명(한글)-포인트 \n정확도,아이나비시스템즈,도로,CSV / ZIP,"['네비게이션', '아이나비', '경도', 'PND', '위도', '차량', 'Mobile', '교통량', '교통', '차량이동', 'GPS', 'INAVI']",공간/위치,위치기반,위치데이터,"['네비게이션', '아이나비', '경도', 'PND', '위도', '차량', 'Mobile', '교통량', '교통', '차량이동', 'GPS', 'INAVI']",1.24 KB,-1,1269.0
bigdata-transportation,definition_20198.xlsx,데이터 설명 및 레이아웃,코로나19기간 중 전국 행정동별 경제활동 인구의 거주변화,- 코로나19 기간(2019년 12월 ~ 2022년 3월) 중 분기단위 KCB 거주인구 및 경제활동 참여 인구 현황\n  * 경제활동 참여인구의 정의: 해당 시점 신용+체크카드 소비금액이 >0인 대상,1000000,컬럼명(한글)|기준_년월|행정기관코드|성별_코드|연령대_코드|집계인구수|경제활동 인구수,True,2025-07-15,경제활동 인구수-기준_년월-성별_코드-연령대_코드-집계인구수-컬럼명(한글)-행정기관코드,코리아크레딧뷰로,융합,CSV / ZIP,"['코로나19', '거주인구', '경제', '인구', '소득', '분기', 'covid', '오미크론', '델타']",소비/유통,소비행태,소비트렌드,"['코로나19', '거주인구', '경제', '인구', '소득', '분기', 'covid', '오미크론', '델타']",2.92 KB,-1,2990.0
bigdata-transportation,definition_20266.xlsx,길단위_대표상권,길단위 대표상권,도로 형상정보를 중심으로 소상공인 상가업소의 수를 집계하여 길 단위의 대표 상권을 정의,0,컬럼명(한글)|시도코드|시도명|시군구코드|시군구명|도로명|도로번호|도로길이|대표업종|형상정보,True,2025-07-15,대표업종-도로길이-도로명-도로번호-시군구명-시군구코드-시도명-시도코드-컬럼명(한글)-형상정보,오픈메이트,공간,CSV / ZIP,"['길', '도로', '상권분석', '대표', '대표업종', '대표상권', '전국', '소상공인', '지역상권']",소비/유통,소비행태,소비,"['길', '도로', '상권분석', '대표', '대표업종', '대표상권', '전국', '소상공인', '지역상권']",300.67 MB,-1,315275345.0
bigdata-transportation,definition_20362.xlsx,차량통행지표(평균속도 등),차량통행지표(평균속도 등),"평균속도는 도로를 주행하는 모든 차량들의 평균속도를 의미, 정상시평균속도는 혼잡을 경험하지않은 차량들의 평균속도를 의미, 혼잡시평균속도는 혼잡을 경험한 차량들의 평균속도를 의미, 속도의 단위는 km/h, 추정교통량은 도로를 주행하는 차량의 수를 의미, 단위는 대/일,\n차량주행거리는 모든 차량들의 이동거리의 합을 의미, 단위는 km∙대/일, 혼잡시간강도는 모든 차량이 경험한 총 통행시간대비 혼잡을 경험한 차량의 총 통행시간의 비율을 의미, 혼잡빈도강도는 모든 차량 대수 중 혼잡을 경험한 차량 대수 비율을 의미, 혼잡강도의 단위는 %, 대기오염물질배출량은 차량들로 인해 발생하는 도로의 대기오염물질 배출량을 의미, 단위는 g/일, 모든 데이터는 level5.5 네트워크 기반 링크별(도로구간) 단위이며 연평균 평일 기준.",0,컬럼명(한글)|주요도로망 LEVEL5.5 링크ID|도로등급|링크길이|도로명|시도코드|시군구코드|읍면동코드|시도명|시군구명|읍면동명|평균속도|정상시평균속도|혼잡시평균속도|전체_추정교통량|승용차_추정교통량|버스_추정교통량|화물차_추정교통량|전체_차량주행거리|혼잡시간강도|혼잡빈도강도|일산화탄소_배출량|이산화탄소_배출량|미세먼지_배출량|질소산화물_배출량|휘발성유기화합물_배출량,True,2025-07-15,도로등급-도로명-링크길이-미세먼지_배출량-버스_추정교통량-승용차_추정교통량-시군구명-시군구코드-시도명-시도코드-읍면동명-읍면동코드-이산화탄소_배출량-일산화탄소_배출량-전체_차량주행거리-전체_추정교통량-정상시평균속도-주요도로망 LEVEL5.5 링크ID-질소산화물_배출량-컬럼명(한글)-평균속도-혼잡빈도강도-혼잡시간강도-혼잡시평균속도-화물차_추정교통량-휘발성유기화합물_배출량,한국도로공사,도로,CSV / ZIP,"['차량', '자동차', '통행지표', '평균속도', '교통량', '주행거리']",소비/유통,상품,물류,"['차량', '자동차', '통행지표', '평균속도', '교통량', '주행거리']",1.66 KB,-1,1699.0
bigdata-transportation,definition_20038.xlsx,데이터셋 명세서(공동주택 시세정보),공동주택 시세정보,"전국 공동주택(아파트)의 평형별 매매 및 전세 시세(상,하한가) 정보",0,컬럼명(한글)|최근 시군구 코드|최근 읍면동리 코드|최신 지번 구분|최신 본번지|최신 부번지|시도명|시군구명|읍면명|동리명|우편번호|최신 도로명 시군구 코드|최신 도로명 코드|최신 도로명|최신 도로명 읍면동 일련번호|최신 도로명 건물본번|최신 도로명 건물부번|아파트 단지코드|단지명|사용승인일|단지 평형 일련번호|평형정보|평형타입|전용면적|공용면적|기타면적|기준일자|매매상한가|매매하한가|전세상한가|전세하한가,True,2025-07-15,공용면적-기준일자-기타면적-단지 평형 일련번호-단지명-동리명-매매상한가-매매하한가-사용승인일-시군구명-시도명-아파트 단지코드-우편번호-읍면명-전세상한가-전세하한가-전용면적-최근 시군구 코드-최근 읍면동리 코드-최신 도로명-최신 도로명 건물본번-최신 도로명 건물부번-최신 도로명 시군구 코드-최신 도로명 읍면동 일련번호-최신 도로명 코드-최신 본번지-최신 부번지-최신 지번 구분-컬럼명(한글)-평형정보-평형타입,석이판매자,일반·기타,PNG / ZIP,[],공간/위치,인구이동,주거인구,[],22.32 KB,-1,22855.0
bigdata-transportation,definition_20038.xlsx,데이터셋 명세서(아파트 분양 상세정보),아파트 분양 상세정보,일반공고에 의한 아파트 주택형별 분양 상세정보,0,컬럼명(한글)|주택관리번호|주택명|공급위치|공급규모|투기과열지구 여부|조정대상지역 여부|분양가상한제 여부|정비사업 여부|공공주택지구 여부|대규모택지개발지구 여부|수도권내민영공공주택지구 여부|모델번호|주택형|공급면적|일반공급세대수|특별공급세대수|다자녀가구수|신혼부부가구수|생애최초가구수|노부모부양가구수|기관추천수|기관추천기타수|이전기관수|공급금액|대출가능금액,True,2025-07-15,공공주택지구 여부-공급규모-공급금액-공급면적-공급위치-기관추천기타수-기관추천수-노부모부양가구수-다자녀가구수-대규모택지개발지구 여부-대출가능금액-모델번호-분양가상한제 여부-생애최초가구수-수도권내민영공공주택지구 여부-신혼부부가구수-이전기관수-일반공급세대수-정비사업 여부-조정대상지역 여부-주택관리번호-주택명-주택형-컬럼명(한글)-투기과열지구 여부-특별공급세대수,석이판매자,일반·기타,PNG / ZIP,[],공간/위치,인구이동,주거인구,[],22.32 KB,-1,22855.0
bigdata-transportation,definition_20038.xlsx,데이터셋 명세서(아파트 분양 경쟁률정보),아파트 분양 경쟁률정보,전국 아파트의 주택형 및 순위별 경쟁률 정보,0,컬럼명(한글)|주택관리번호|주택명|모델번호|주택형|공급세대수|일반공급순위|거주지역|접수건수|경쟁률,True,2025-07-15,거주지역-경쟁률-공급세대수-모델번호-일반공급순위-접수건수-주택관리번호-주택명-주택형-컬럼명(한글),석이판매자,일반·기타,PNG / ZIP,[],공간/위치,인구이동,주거인구,[],22.32 KB,-1,22855.0
bigdata-transportation,definition_20038.xlsx,데이터셋 명세서(아파트 분양 가점정보),아파트 분양 가점정보,전국 민영주택의 주택형 및 지역구분별 당첨가점 정보,0,컬럼명(한글)|주택관리번호|주택명|모델번호|주택형|거주지역|최저가점|최고가점|평균가점,True,2025-07-15,거주지역-모델번호-주택관리번호-주택명-주택형-최고가점-최저가점-컬럼명(한글)-평균가점,석이판매자,일반·기타,PNG / ZIP,[],공간/위치,인구이동,주거인구,[],22.32 KB,-1,22855.0
bigdata-transportation,definition_20494.xlsx,국토공간 가치지수_종합,국토공간 가치지수_종합,국토공간 가치지수는 교통ㆍ교육ㆍ생활 등 다양한 목적성을 고려한 공간가치를 재정립하여 최신 데이터 기반에 입지분석을 수행한 결과,0,컬럼명(한글)|PNU|시도 코드|시도 명|시군구 코드|시군구 명|읍면동 코드|읍면동 명|리 코드|리 명|지번|지목|종합 지수,True,2025-07-15,PNU-리 명-리 코드-시군구 명-시군구 코드-시도 명-시도 코드-읍면동 명-읍면동 코드-종합 지수-지목-지번-컬럼명(한글),한국도로공사,융합,CSV / ZIP,['국토공간가치지수'],공간/위치,위치기반,위치데이터,['국토공간가치지수'],1.13 KB,-1,1157.0
bigdata-transportation,definition_20162.xlsx,데이터셋 명세서 양식,대전시 버스전용차로 승용차구간 속도비교 데이터,대전 시내 요일 시간별 일반차량과 버스 평균 속도 데이터,0,컬럼명(한글)|일자_ID|시_ID|요일_구분|도로_구분|도로명_구분|구간_구분|구간_SEQ|승용차속도|버스속도,True,2025-07-15,구간_SEQ-구간_구분-도로_구분-도로명_구분-버스속도-승용차속도-시_ID-요일_구분-일자_ID-컬럼명(한글),대전시청,버스,CSV / ZIP,"['도로구간', '승용차속도', '시간', '일자', '속도비교']",공공/행정,정책,공공데이터,"['도로구간', '승용차속도', '시간', '일자', '속도비교']",379.00 KB,-1,388096.0
bigdata-transportation,definition_20117.xlsx,영천시 BIS 버스 이벤트 로그,안동시 BIS 버스 이벤트 로그,"안동시 버스정보시스템(BIS)에서 수집한 데이터입니다. 노선번호, 정류장명, 정류장도착시각, 정류장출발시각, 정류장위치 등의 정보를 제공합니다.",0,컬럼명(한글)|이벤트일시|노선ID|노선번호|노선명|정류장ID|정류장명|정류장 순번|버스ID|버스 번호|운행순번|이벤트|운행모드|운행유형|운행시간|운행속도|운행거리|정차시간(초)|좌표 X|좌표 Y|수집일시,True,2025-07-15,노선ID-노선명-노선번호-버스 번호-버스ID-수집일시-운행거리-운행모드-운행속도-운행순번-운행시간-운행유형-이벤트-이벤트일시-정류장 순번-정류장ID-정류장명-정차시간(초)-좌표 X-좌표 Y-컬럼명(한글),포항테크노파크,버스,CSV / ZIP,"['포항테크노파크', '안동', '버스', '정류장위치', '정류장', '정류장도착시각', '정류장출발시각', '교통', '노선번호']",공간/위치,위치기반,위치데이터,"['포항테크노파크', '안동', '버스', '정류장위치', '정류장', '정류장도착시각', '정류장출발시각', '교통', '노선번호']",1.68 GB,-1,1803886264.0
bigdata-transportation,definition_20147.xlsx,15.VDS기반고속도로지점별교통소통통계데이터(1개월단위),VDS기반 고속도로 지점별 교통 소통 통계 데이터(1개월 단위),"고속도로 노선상에 설치된 차량감지장치(VDS)에 의해 VDS지점별, 차로유형별, 교통량 및 점유율, 평균속도에 대해 1개월 단위로 통계 생성된 교통 데이터",0,컬럼명(한글)|집계년월|VDS_ID|차로유형구분코드|교통량|점유율|평균속도|정상건수|보정건수|최종변경시각,True,2025-07-15,VDS_ID-교통량-보정건수-점유율-정상건수-집계년월-차로유형구분코드-최종변경시각-컬럼명(한글)-평균속도,한국철도공사,철도,PDF / ZIP,"['철도', '카드', '통신', '신용정보', '부산', '관광객', '분석']",소비/유통,상품,물류,"['철도', '카드', '통신', '신용정보', '부산', '관광객', '분석']",7.58 MB,-1,7948206.0
bigdata-transportation,definition_20230.xlsx,차량용 GPS 원시 데이터,(6월) 차량용 GPS Raw Data(Mobile),"차량에 부착된 아이나비 네비게이션(PND, Mobile)을 통해 수집된 GPS 원시(Raw) 데이터(위도, 경도, 차량, GPS 좌표, 교통량 등)",0,컬럼명(한글)|아이디|시간정보|x위치좌표|y위치좌표|속도|방향각|포인트 \n정확도,True,2025-07-15,x위치좌표-y위치좌표-방향각-속도-시간정보-아이디-컬럼명(한글)-포인트 \n정확도,아이나비시스템즈,도로,CSV / ZIP,"['네비게이션', '아이나비', '경도', 'PND', '위도', '차량', 'Mobile', '교통량', '교통', '차량이동', 'GPS', 'INAVI']",공간/위치,위치기반,위치데이터,"['네비게이션', '아이나비', '경도', 'PND', '위도', '차량', 'Mobile', '교통량', '교통', '차량이동', 'GPS', 'INAVI']",1.22 KB,-1,1249.0
bigdata-transportation,definition_20195.xlsx,데이터 레이아웃,수도권 외국인 거주현황,"- KCB에 정보등록된 국내금융회사와 신용거래 중인 외국인 관련 통계성 상품\n  * 일반 거주 외국인이 아닌 금융회사와 직접적인 신용거래(대출, 카드 등)한 외국인만을 대상으로 하며 해당 외국인의 거주지 주소를 기반으로 함",1000000,컬럼명(한글)|기준_년월|지역구분 범위코드|성별_코드|연령대_코드|집계인구수,True,2025-07-15,기준_년월-성별_코드-연령대_코드-지역구분 범위코드-집계인구수-컬럼명(한글),코리아크레딧뷰로,융합,CSV / ZIP,"['외국인', '외국', '해외', '거주', '신용', '수도권', '거주지']",공간/위치,인구이동,주거인구,"['외국인', '외국', '해외', '거주', '신용', '수도권', '거주지']",1.35 KB,-1,1382.0
bigdata-transportation,definition_20150.xlsx,데이터셋 명세서 양식,성별·연령·거주지별 승차권 총발매 수,성연령별 거주시도별 발매수 정보,0,컬럼명(한글)|성별|연령|시도코드|거주시도|총발매수,True,2025-07-15,거주시도-성별-시도코드-연령-총발매수-컬럼명(한글),한국철도공사,철도,XLSX / ZIP,"['철도', '발매', '성별', '연령', '거주지별', '승차권']",소비/유통,소비행태,소비,"['철도', '발매', '성별', '연령', '거주지별', '승차권']",13.13 KB,-1,13445.0
bigdata-transportation,definition_20354.xlsx,차량별 자가진단 MOBD,차량별 자가진단 MOBD,일반 OBD2 진단기로 확인할 수 없는 제조사 데이터 진단을 기록함으로써 보다 정확한 차량상태를 확인 가능,0,컬럼명(한글)|엠오비디_아이디|진단_아이디|진단_드라이브_키|엠오비디_고장코드상태|엠오비디_통신상태|엠오비디_서칭타입|엠오비디_등록시간|엠오비디_업데이트시간|엠오비디_업로드시간|엠오비디_글로벌타임|엠오비디_서버업데이트시간,True,2025-07-15,엠오비디_고장코드상태-엠오비디_글로벌타임-엠오비디_등록시간-엠오비디_서버업데이트시간-엠오비디_서칭타입-엠오비디_아이디-엠오비디_업데이트시간-엠오비디_업로드시간-엠오비디_통신상태-진단_드라이브_키-진단_아이디-컬럼명(한글),한국도로공사,도로,CSV / ZIP,"['자동차', '주행기록', 'MOBD']",데이터분석,빅데이터,데이터,"['자동차', '주행기록', 'MOBD']",1.70 KB,-1,1740.0
bigdata-transportation,definition_20405.xlsx,혼잡빈도강도_행정구역_읍면동단위,혼잡빈도강도_행정구역_읍면동단위,"혼잡빈도강도는 도로를 주행하는 모든 차량 대수 중 혼잡을 경험한 차량 대수 비율을 의미하며, 읍면동 경계로 구분된 데이터로 단위는 %",0,컬럼명(한글)|시도코드|시군구코드|읍면동코드|주_유형|혼잡빈도강도,True,2025-07-15,시군구코드-시도코드-읍면동코드-주_유형-컬럼명(한글)-혼잡빈도강도,한국교통연구원,도로,CSV / ZIP,"['View-T', '교통혼잡지표', '혼잡빈도강도', '혼잡강도', '연평균', '행정구역 읍면동 단위']",공공/행정,정책,공공데이터,"['View-T', '교통혼잡지표', '혼잡빈도강도', '혼잡강도', '연평균', '행정구역 읍면동 단위']",117.57 KB,-1,120391.0
bigdata-transportation,definition_20000.xlsx,KSCC_DX_TRIP_CHAIN_SUM,일자별-목적통행별-대중교통 Trip-Chain,"서울시 대중교통(버스, 지하철) 이용 승객의 통행사슬(Trip-Chain) 묶음 정보로써, 목적통행 O/D 및 이동수단 등을 확인할 수 있음. (단, 총 승객수 3명 이상인 이동경로 데이터만 송신)",0,컬럼명(한글)|기준_날짜|시작_정류장/역사_ID|종료_정류장/역사_ID|시작_행정동_명칭|종료_행정동_명칭|합계_승객_수|노선/호선_ID_1|승차_정류장/역사_ID_1|하차_정류장/역사_ID_1|노선/호선_ID_2|승차_정류장/역사_ID_2|하차_정류장/역사_ID_2|노선/호선_ID_3|승차_정류장/역사_ID_3|하차_정류장/역사_ID_3|노선/호선_ID_4|승차_정류장/역사_ID_4|하차_정류장/역사_ID_4|노선/호선_ID_5|승차_정류장/역사_ID_5|하차_정류장/역사_ID_5,True,2025-07-15,기준_날짜-노선/호선_ID_1-노선/호선_ID_2-노선/호선_ID_3-노선/호선_ID_4-노선/호선_ID_5-승차_정류장/역사_ID_1-승차_정류장/역사_ID_2-승차_정류장/역사_ID_3-승차_정류장/역사_ID_4-승차_정류장/역사_ID_5-시작_정류장/역사_ID-시작_행정동_명칭-종료_정류장/역사_ID-종료_행정동_명칭-컬럼명(한글)-하차_정류장/역사_ID_1-하차_정류장/역사_ID_2-하차_정류장/역사_ID_3-하차_정류장/역사_ID_4-하차_정류장/역사_ID_5-합계_승객_수,서울특별시,융합,CSV / ZIP,"['TAIMS', '서울시', '대중교통', '따릉이', '교통데이터']",공공/행정,정책,공공데이터,"['TAIMS', '서울시', '대중교통', '따릉이', '교통데이터']",64.32 GB,-1,69063074119.0
bigdata-transportation,definition_20000.xlsx,KSCC_DX_PATTERN_STAT,일자별-사용자유형별-대중교통이용패턴,"서울시 1일 사용자유형별(일반, 어린이, 경로, 장애인 등) 대중교통 이용패턴(버스-지하철, 버스-버스-지하철 등)을 확인할 수 있음",0,컬럼명(한글)|기준_날짜|목적통행_패턴|총_승객수|총_승객수_일반|총_승객수_어린이|총_승객수_청소년|총_승객수_경로|총_승객수_장애인,True,2025-07-15,기준_날짜-목적통행_패턴-총_승객수-총_승객수_경로-총_승객수_어린이-총_승객수_일반-총_승객수_장애인-총_승객수_청소년-컬럼명(한글),서울특별시,융합,CSV / ZIP,"['TAIMS', '서울시', '대중교통', '따릉이', '교통데이터']",공공/행정,정책,공공데이터,"['TAIMS', '서울시', '대중교통', '따릉이', '교통데이터']",64.32 GB,-1,69063074119.0
bigdata-transportation,definition_20000.xlsx,TPSS_ROUTE_SECTION_SPEED_H,일자별-시간대별-버스노선별-구간별-운행시간,"서울시 1일 1시간 단위로, 노선별 정류장-TO-정류장 구간별로 평균 운행시간을 확인할 수 있음",0,컬럼명(한글)|기준_날짜|노선_ID|출발_정류장_ID|도착_정류장_ID|운행시간|운행시간_00시|운행시간_01시|운행시간_02시|운행시간_03시|운행시간_04시|운행시간_05시|운행시간_06시|운행시간_07시|운행시간_08시|운행시간_09시|운행시간_10시|운행시간_11시|운행시간_12시|운행시간_13시|운행시간_14시|운행시간_15시|운행시간_16시|운행시간_17시|운행시간_18시|운행시간_19시|운행시간_20시|운행시간_21시|운행시간_22시|운행시간_23시|출발_정류장_순서|도착_정류장_순서,True,2025-07-15,기준_날짜-노선_ID-도착_정류장_ID-도착_정류장_순서-운행시간-운행시간_00시-운행시간_01시-운행시간_02시-운행시간_03시-운행시간_04시-운행시간_05시-운행시간_06시-운행시간_07시-운행시간_08시-운행시간_09시-운행시간_10시-운행시간_11시-운행시간_12시-운행시간_13시-운행시간_14시-운행시간_15시-운행시간_16시-운행시간_17시-운행시간_18시-운행시간_19시-운행시간_20시-운행시간_21시-운행시간_22시-운행시간_23시-출발_정류장_ID-출발_정류장_순서-컬럼명(한글),서울특별시,융합,CSV / ZIP,"['TAIMS', '서울시', '대중교통', '따릉이', '교통데이터']",공공/행정,정책,공공데이터,"['TAIMS', '서울시', '대중교통', '따릉이', '교통데이터']",64.32 GB,-1,69063074119.0
bigdata-transportation,definition_20000.xlsx,TPSS_A18_ROUTE_SECTION,일자별-시간대별-버스노선별-구간별-승객수,"서울시 1일 1시간 단위로, 노선별 정류장-TO-정류장 구간별 총 승객수를 확인할 수 있음",0,컬럼명(한글)|기준_날짜|노선_ID|출발_정류장_ID|도착_정류장_ID|정류장_순서|재차인원합_일|재차인원합_0시|재차인원합_1시|재차인원합_2시|재차인원합_3시|재차인원합_4시|재차인원합_5시|재차인원합_6시|재차인원합_7시|재차인원합_8시|재차인원합_9시|재차인원합_10시|재차인원합_11시|재차인원합_12시|재차인원합_13시|재차인원합_14시|재차인원합_15시|재차인원합_16시|재차인원합_17시|재차인원합_18시|재차인원합_19시|재차인원합_20시|재차인원합_21시|재차인원합_22시|재차인원합_23시,True,2025-07-15,기준_날짜-노선_ID-도착_정류장_ID-재차인원합_0시-재차인원합_10시-재차인원합_11시-재차인원합_12시-재차인원합_13시-재차인원합_14시-재차인원합_15시-재차인원합_16시-재차인원합_17시-재차인원합_18시-재차인원합_19시-재차인원합_1시-재차인원합_20시-재차인원합_21시-재차인원합_22시-재차인원합_23시-재차인원합_2시-재차인원합_3시-재차인원합_4시-재차인원합_5시-재차인원합_6시-재차인원합_7시-재차인원합_8시-재차인원합_9시-재차인원합_일-정류장_순서-출발_정류장_ID-컬럼명(한글),서울특별시,융합,CSV / ZIP,"['TAIMS', '서울시', '대중교통', '따릉이', '교통데이터']",공공/행정,정책,공공데이터,"['TAIMS', '서울시', '대중교통', '따릉이', '교통데이터']",64.32 GB,-1,69063074119.0
bigdata-transportation,definition_20000.xlsx,TPSS_STA_ROUTE_INFO_H_PASNGR,일자별-시간대별-버스노선별-정류장별-승객수,"서울시 1일 1시간 단위로, 노선별 정류장별로 총 승차 승객수를 확인할 수 있음",0,컬럼명(한글)|기준_날짜|노선_ID|정류장_ID|승차_승객_수|승차_승객_수_00시|승차_승객_수_01시|승차_승객_수_02시|승차_승객_수_03시|승차_승객_수_04시|승차_승객_수_05시|승차_승객_수_06시|승차_승객_수_07시|승차_승객_수_08시|승차_승객_수_09시|승차_승객_수_10시|승차_승객_수_11시|승차_승객_수_12시|승차_승객_수_13시|승차_승객_수_14시|승차_승객_수_15시|승차_승객_수_16시|승차_승객_수_17시|승차_승객_수_18시|승차_승객_수_19시|승차_승객_수_20시|승차_승객_수_21시|승차_승객_수_22시|승차_승객_수_23시|정류장_순서,True,2025-07-15,기준_날짜-노선_ID-승차_승객_수-승차_승객_수_00시-승차_승객_수_01시-승차_승객_수_02시-승차_승객_수_03시-승차_승객_수_04시-승차_승객_수_05시-승차_승객_수_06시-승차_승객_수_07시-승차_승객_수_08시-승차_승객_수_09시-승차_승객_수_10시-승차_승객_수_11시-승차_승객_수_12시-승차_승객_수_13시-승차_승객_수_14시-승차_승객_수_15시-승차_승객_수_16시-승차_승객_수_17시-승차_승객_수_18시-승차_승객_수_19시-승차_승객_수_20시-승차_승객_수_21시-승차_승객_수_22시-승차_승객_수_23시-정류장_ID-정류장_순서-컬럼명(한글),서울특별시,융합,CSV / ZIP,"['TAIMS', '서울시', '대중교통', '따릉이', '교통데이터']",공공/행정,정책,공공데이터,"['TAIMS', '서울시', '대중교통', '따릉이', '교통데이터']",64.32 GB,-1,69063074119.0
bigdata-transportation,definition_20000.xlsx,TPSS_STA_ROUTE_INFO_H_TURN,일자별-시간대별-버스노선별-정류장별-운행횟수,"서울시 1일 1시간 단위로, 노선별 정류장별로 총 버스 운행횟수를 확인할 수 있음",0,컬럼명(한글)|기준_날짜|노선_ID|정류장_ID|버스운행횟수|버스운행횟수_00시|버스운행횟수_01시|버스운행횟수_02시|버스운행횟수_03시|버스운행횟수_04시|버스운행횟수_05시|버스운행횟수_06시|버스운행횟수_07시|버스운행횟수_08시|버스운행횟수_09시|버스운행횟수_10시|버스운행횟수_11시|버스운행횟수_12시|버스운행횟수_13시|버스운행횟수_14시|버스운행횟수_15시|버스운행횟수_16시|버스운행횟수_17시|버스운행횟수_18시|버스운행횟수_19시|버스운행횟수_20시|버스운행횟수_21시|버스운행횟수_22시|버스운행횟수_23시|정류장_순서,True,2025-07-15,기준_날짜-노선_ID-버스운행횟수-버스운행횟수_00시-버스운행횟수_01시-버스운행횟수_02시-버스운행횟수_03시-버스운행횟수_04시-버스운행횟수_05시-버스운행횟수_06시-버스운행횟수_07시-버스운행횟수_08시-버스운행횟수_09시-버스운행횟수_10시-버스운행횟수_11시-버스운행횟수_12시-버스운행횟수_13시-버스운행횟수_14시-버스운행횟수_15시-버스운행횟수_16시-버스운행횟수_17시-버스운행횟수_18시-버스운행횟수_19시-버스운행횟수_20시-버스운행횟수_21시-버스운행횟수_22시-버스운행횟수_23시-정류장_ID-정류장_순서-컬럼명(한글),서울특별시,융합,CSV / ZIP,"['TAIMS', '서울시', '대중교통', '따릉이', '교통데이터']",공공/행정,정책,공공데이터,"['TAIMS', '서울시', '대중교통', '따릉이', '교통데이터']",64.32 GB,-1,69063074119.0
bigdata-transportation,definition_20000.xlsx,KSCC_DX_TRNSF_PATH_SUM,일자별-정류장/역사별-사용자유형별-환승승객수,"서울시 1일 정류장별 사용자유형별(일반, 어린이, 경로, 장애인 등)로 환승한 승객수 및 환승시간을 확인할 수 있음",0,컬럼명(한글)|기준_날짜|하차_정류장/역사_ID|승차_정류장/역사_ID|시간대|환승_수_합|환승_수_합_일반|환승_수_합_어린이|환승_수_합_청소년|환승_수_합_경로|환승_수_합_장애인|환승_시간_평균|환승_시간_평균_일반|환승_시간_평균_어린이|환승_시간_평균_청소년|환승_시간_평균_경로|환승_시간_평균_장애인,True,2025-07-15,기준_날짜-승차_정류장/역사_ID-시간대-컬럼명(한글)-하차_정류장/역사_ID-환승_수_합-환승_수_합_경로-환승_수_합_어린이-환승_수_합_일반-환승_수_합_장애인-환승_수_합_청소년-환승_시간_평균-환승_시간_평균_경로-환승_시간_평균_어린이-환승_시간_평균_일반-환승_시간_평균_장애인-환승_시간_평균_청소년,서울특별시,융합,CSV / ZIP,"['TAIMS', '서울시', '대중교통', '따릉이', '교통데이터']",공공/행정,정책,공공데이터,"['TAIMS', '서울시', '대중교통', '따릉이', '교통데이터']",64.32 GB,-1,69063074119.0
bigdata-transportation,definition_20000.xlsx,KSCC_DX_RA_OD,일자별-시간대별-정류장/역사별-수단-OD,"서울시 1일 1시간 단위로, 정류장 혹은 역사별 수단 OD를 확인할 수 있음",0,컬럼명(한글)|기준_날짜|승차_정류장/역사_ID|하차_정류장/역사_ID|승객_수|승객_수_00시|승객_수_01시|승객_수_02시|승객_수_03시|승객_수_04시|승객_수_05시|승객_수_06시|승객_수_07시|승객_수_08시|승객_수_09시|승객_수_10시|승객_수_11시|승객_수_12시|승객_수_13시|승객_수_14시|승객_수_15시|승객_수_16시|승객_수_17시|승객_수_18시|승객_수_19시|승객_수_20시|승객_수_21시|승객_수_22시|승객_수_23시,True,2025-07-15,기준_날짜-승객_수-승객_수_00시-승객_수_01시-승객_수_02시-승객_수_03시-승객_수_04시-승객_수_05시-승객_수_06시-승객_수_07시-승객_수_08시-승객_수_09시-승객_수_10시-승객_수_11시-승객_수_12시-승객_수_13시-승객_수_14시-승객_수_15시-승객_수_16시-승객_수_17시-승객_수_18시-승객_수_19시-승객_수_20시-승객_수_21시-승객_수_22시-승객_수_23시-승차_정류장/역사_ID-컬럼명(한글)-하차_정류장/역사_ID,서울특별시,융합,CSV / ZIP,"['TAIMS', '서울시', '대중교통', '따릉이', '교통데이터']",공공/행정,정책,공공데이터,"['TAIMS', '서울시', '대중교통', '따릉이', '교통데이터']",64.32 GB,-1,69063074119.0
bigdata-transportation,definition_20000.xlsx,TPSS_EMD_INFO_H_PUBLIC,일자별-시간대별-행정동별-대중교통-승객수,"서울시 1일 1시간 단위로, 행정동별 대중교통 총 승차 승객수를 확인할 수 있음",0,컬럼명(한글)|기준_날짜|행정동_ID|승객_수|승객_수_00시|승객_수_01시|승객_수_02시|승객_수_03시|승객_수_04시|승객_수_05시|승객_수_06시|승객_수_07시|승객_수_08시|승객_수_09시|승객_수_10시|승객_수_11시|승객_수_12시|승객_수_13시|승객_수_14시|승객_수_15시|승객_수_16시|승객_수_17시|승객_수_18시|승객_수_19시|승객_수_20시|승객_수_21시|승객_수_22시|승객_수_23시,True,2025-07-15,기준_날짜-승객_수-승객_수_00시-승객_수_01시-승객_수_02시-승객_수_03시-승객_수_04시-승객_수_05시-승객_수_06시-승객_수_07시-승객_수_08시-승객_수_09시-승객_수_10시-승객_수_11시-승객_수_12시-승객_수_13시-승객_수_14시-승객_수_15시-승객_수_16시-승객_수_17시-승객_수_18시-승객_수_19시-승객_수_20시-승객_수_21시-승객_수_22시-승객_수_23시-컬럼명(한글)-행정동_ID,서울특별시,융합,CSV / ZIP,"['TAIMS', '서울시', '대중교통', '따릉이', '교통데이터']",공공/행정,정책,공공데이터,"['TAIMS', '서울시', '대중교통', '따릉이', '교통데이터']",64.32 GB,-1,69063074119.0
bigdata-transportation,definition_20000.xlsx,TPSS_EMD_INFO_H_SUBWAY,일자별-시간대별-행정동별-지하철-승객수,"서울시 1일 1시간 단위로, 행정동별 지하철 총 승차 승객수를 확인할 수 있음",0,컬럼명(한글)|기준_날짜|행정동_ID|지하철_승객_수|지하철_승객_수_00시|지하철_승객_수_01시|지하철_승객_수_02시|지하철_승객_수_03시|지하철_승객_수_04시|지하철_승객_수_05시|지하철_승객_수_06시|지하철_승객_수_07시|지하철_승객_수_08시|지하철_승객_수_09시|지하철_승객_수_10시|지하철_승객_수_11시|지하철_승객_수_12시|지하철_승객_수_13시|지하철_승객_수_14시|지하철_승객_수_15시|지하철_승객_수_16시|지하철_승객_수_17시|지하철_승객_수_18시|지하철_승객_수_19시|지하철_승객_수_20시|지하철_승객_수_21시|지하철_승객_수_22시|지하철_승객_수_23시,True,2025-07-15,기준_날짜-지하철_승객_수-지하철_승객_수_00시-지하철_승객_수_01시-지하철_승객_수_02시-지하철_승객_수_03시-지하철_승객_수_04시-지하철_승객_수_05시-지하철_승객_수_06시-지하철_승객_수_07시-지하철_승객_수_08시-지하철_승객_수_09시-지하철_승객_수_10시-지하철_승객_수_11시-지하철_승객_수_12시-지하철_승객_수_13시-지하철_승객_수_14시-지하철_승객_수_15시-지하철_승객_수_16시-지하철_승객_수_17시-지하철_승객_수_18시-지하철_승객_수_19시-지하철_승객_수_20시-지하철_승객_수_21시-지하철_승객_수_22시-지하철_승객_수_23시-컬럼명(한글)-행정동_ID,서울특별시,융합,CSV / ZIP,"['TAIMS', '서울시', '대중교통', '따릉이', '교통데이터']",공공/행정,정책,공공데이터,"['TAIMS', '서울시', '대중교통', '따릉이', '교통데이터']",64.32 GB,-1,69063074119.0
bigdata-transportation,definition_20000.xlsx,TPSS_EMD_INFO_H_BUS,일자별-시간대별-행정동별-버스-승객수,"서울시 1일 1시간 단위로, 행정동별 버스 총 승차 승객수를 확인할 수 있음",0,컬럼명(한글)|기준_날짜|행정동_ID|버스_승객_수|버스_승객_수_00시|버스_승객_수_01시|버스_승객_수_02시|버스_승객_수_03시|버스_승객_수_04시|버스_승객_수_05시|버스_승객_수_06시|버스_승객_수_07시|버스_승객_수_08시|버스_승객_수_09시|버스_승객_수_10시|버스_승객_수_11시|버스_승객_수_12시|버스_승객_수_13시|버스_승객_수_14시|버스_승객_수_15시|버스_승객_수_16시|버스_승객_수_17시|버스_승객_수_18시|버스_승객_수_19시|버스_승객_수_20시|버스_승객_수_21시|버스_승객_수_22시|버스_승객_수_23시,True,2025-07-15,기준_날짜-버스_승객_수-버스_승객_수_00시-버스_승객_수_01시-버스_승객_수_02시-버스_승객_수_03시-버스_승객_수_04시-버스_승객_수_05시-버스_승객_수_06시-버스_승객_수_07시-버스_승객_수_08시-버스_승객_수_09시-버스_승객_수_10시-버스_승객_수_11시-버스_승객_수_12시-버스_승객_수_13시-버스_승객_수_14시-버스_승객_수_15시-버스_승객_수_16시-버스_승객_수_17시-버스_승객_수_18시-버스_승객_수_19시-버스_승객_수_20시-버스_승객_수_21시-버스_승객_수_22시-버스_승객_수_23시-컬럼명(한글)-행정동_ID,서울특별시,융합,CSV / ZIP,"['TAIMS', '서울시', '대중교통', '따릉이', '교통데이터']",공공/행정,정책,공공데이터,"['TAIMS', '서울시', '대중교통', '따릉이', '교통데이터']",64.32 GB,-1,69063074119.0
bigdata-transportation,definition_20000.xlsx,TPSS_EMD_OD_H,일자별-시간대별-행정동별-목적-OD,"서울시 1일 1시간 단위로, 행정동 단위의 대중교통 O/D 승객수를 확인할 수 있음",0,컬럼명(한글)|기준_날짜|시작_행정동_ID|종료_행정동_ID|승객_수_00|승객_수_01|승객_수_02|승객_수_03|승객_수_04|승객_수_05|승객_수_06|승객_수_07|승객_수_08|승객_수_09|승객_수_10|승객_수_11|승객_수_12|승객_수_13|승객_수_14|승객_수_15|승객_수_16|승객_수_17|승객_수_18|승객_수_19|승객_수_20|승객_수_21|승객_수_22|승객_수_23,True,2025-07-15,기준_날짜-승객_수_00-승객_수_01-승객_수_02-승객_수_03-승객_수_04-승객_수_05-승객_수_06-승객_수_07-승객_수_08-승객_수_09-승객_수_10-승객_수_11-승객_수_12-승객_수_13-승객_수_14-승객_수_15-승객_수_16-승객_수_17-승객_수_18-승객_수_19-승객_수_20-승객_수_21-승객_수_22-승객_수_23-시작_행정동_ID-종료_행정동_ID-컬럼명(한글),서울특별시,융합,CSV / ZIP,"['TAIMS', '서울시', '대중교통', '따릉이', '교통데이터']",공공/행정,정책,공공데이터,"['TAIMS', '서울시', '대중교통', '따릉이', '교통데이터']",64.32 GB,-1,69063074119.0
bigdata-transportation,definition_20000.xlsx,TPSS_EMD_OD_PS,일자별-행정동별-수단-OD,"서울시 1일 단위로, 행정동 단위의 대중교통 수단O/D(버스, 지하철) 승객수를 확인할 수 있음",0,컬럼명(한글)|기준_날짜|시작_행정동_ID|종료_행정동_ID|전체_승객_수|지하철_승객_수|버스_승객_수,True,2025-07-15,기준_날짜-버스_승객_수-시작_행정동_ID-전체_승객_수-종료_행정동_ID-지하철_승객_수-컬럼명(한글),서울특별시,융합,CSV / ZIP,"['TAIMS', '서울시', '대중교통', '따릉이', '교통데이터']",공공/행정,정책,공공데이터,"['TAIMS', '서울시', '대중교통', '따릉이', '교통데이터']",64.32 GB,-1,69063074119.0
bigdata-transportation,definition_20000.xlsx,TPSS_EMD_OD_TC,일자별-행정동별-목적-OD,"서울시 1일 단위로, 행정동 단위의 대중교통 목적O/D 승객수를 확인할 수 있음",0,컬럼명(한글)|기준_날짜|시작_자치구_명칭|시작_행정동_명칭|종료_자치구_명칭|종료_행정동_명칭|전체_승객_수,True,2025-07-15,기준_날짜-시작_자치구_명칭-시작_행정동_명칭-전체_승객_수-종료_자치구_명칭-종료_행정동_명칭-컬럼명(한글),서울특별시,융합,CSV / ZIP,"['TAIMS', '서울시', '대중교통', '따릉이', '교통데이터']",공공/행정,정책,공공데이터,"['TAIMS', '서울시', '대중교통', '따릉이', '교통데이터']",64.32 GB,-1,69063074119.0
bigdata-transportation,definition_20000.xlsx,TPSS_BCYCL_OD_STATN_HM,일자별-시간대별-대여소별-따릉이-OD,"서울시 1일 1시간 단위로, 따릉이 대여소별 O/D 승객수를 확인할 수 있음",0,컬럼명(한글)|기준_날짜|기준_시간대|시작_대여소_ID|종료_대여소_ID|전체_건수|전체_이용_분|전체_이용_거리,True,2025-07-15,기준_날짜-기준_시간대-시작_대여소_ID-전체_건수-전체_이용_거리-전체_이용_분-종료_대여소_ID-컬럼명(한글),서울특별시,융합,CSV / ZIP,"['TAIMS', '서울시', '대중교통', '따릉이', '교통데이터']",공공/행정,정책,공공데이터,"['TAIMS', '서울시', '대중교통', '따릉이', '교통데이터']",64.32 GB,-1,69063074119.0
bigdata-transportation,definition_20000.xlsx,TBIS_MS_ROUTE,노선마스터,노선마스터 정보,0,컬럼명(한글)|노선_ID|노선_명칭|노선_유형|거리,True,2025-07-15,거리-노선_ID-노선_명칭-노선_유형-컬럼명(한글),서울특별시,융합,CSV / ZIP,"['TAIMS', '서울시', '대중교통', '따릉이', '교통데이터']",공공/행정,정책,공공데이터,"['TAIMS', '서울시', '대중교통', '따릉이', '교통데이터']",64.32 GB,-1,69063074119.0
bigdata-transportation,definition_20000.xlsx,TBIS_MS_STTN,정류장마스터,정류장마스터 정보,0,컬럼명(한글)|정류장_ID|정류장_명칭|정류장_유형|정류장_번호|좌표_X|좌표_Y|버스도착정보안내기_설치_여부,True,2025-07-15,버스도착정보안내기_설치_여부-정류장_ID-정류장_명칭-정류장_번호-정류장_유형-좌표_X-좌표_Y-컬럼명(한글),서울특별시,융합,CSV / ZIP,"['TAIMS', '서울시', '대중교통', '따릉이', '교통데이터']",공공/행정,정책,공공데이터,"['TAIMS', '서울시', '대중교통', '따릉이', '교통데이터']",64.32 GB,-1,69063074119.0
bigdata-transportation,definition_20000.xlsx,KSCC_DV_SUBWAY_STATION_GEOM,역사마스터,역사마스터 정보,0,컬럼명(한글)|역사_ID|역사명|호선|좌표_X|좌표_Y,True,2025-07-15,역사_ID-역사명-좌표_X-좌표_Y-컬럼명(한글)-호선,서울특별시,융합,CSV / ZIP,"['TAIMS', '서울시', '대중교통', '따릉이', '교통데이터']",공공/행정,정책,공공데이터,"['TAIMS', '서울시', '대중교통', '따릉이', '교통데이터']",64.32 GB,-1,69063074119.0
bigdata-transportation,definition_20000.xlsx,TBIS_MS_ROUTE_NODE,노선-정류장마스터,노선-정류장마스터 정보,0,컬럼명(한글)|노선_ID|정류장_ID|링크_구간거리(m)|정류장_순서,True,2025-07-15,노선_ID-링크_구간거리(m)-정류장_ID-정류장_순서-컬럼명(한글),서울특별시,융합,CSV / ZIP,"['TAIMS', '서울시', '대중교통', '따릉이', '교통데이터']",공공/행정,정책,공공데이터,"['TAIMS', '서울시', '대중교통', '따릉이', '교통데이터']",64.32 GB,-1,69063074119.0
bigdata-transportation,definition_20000.xlsx,DISTRICT_EMD,읍면동마스터,읍면동마스터 정보,0,컬럼명(한글)|행정동_ID|행정동_명칭|자치구_명칭|시도_명칭,True,2025-07-15,시도_명칭-자치구_명칭-컬럼명(한글)-행정동_ID-행정동_명칭,서울특별시,융합,CSV / ZIP,"['TAIMS', '서울시', '대중교통', '따릉이', '교통데이터']",공공/행정,정책,공공데이터,"['TAIMS', '서울시', '대중교통', '따릉이', '교통데이터']",64.32 GB,-1,69063074119.0
bigdata-transportation,definition_20000.xlsx,TB_OPR_STATION,따릉이대여소마스터,따릉이대여소마스터 정보,0,컬럼명(한글)|노선_ID|경유노드_ID|링크_거리_누계|정류장_순서,True,2025-07-15,경유노드_ID-노선_ID-링크_거리_누계-정류장_순서-컬럼명(한글),서울특별시,융합,CSV / ZIP,"['TAIMS', '서울시', '대중교통', '따릉이', '교통데이터']",공공/행정,정책,공공데이터,"['TAIMS', '서울시', '대중교통', '따릉이', '교통데이터']",64.32 GB,-1,69063074119.0
bigdata-transportation,definition_20000.xlsx,참고예제1) 행정구역_경계_행정구역 읍면동단위,2017년_행정구역경계_행정구역_읍면동단위,통계청 통계지리정보서비스에서 제공하고 있는 행정경계 데이터로 ITRF2000 좌표계 기준,0,컬럼명(한글)|존_ID|읍면동 명칭|행정구역 명칭|시도 코드|시군구 코드|X좌표|Y좌표|면적,True,2025-07-15,X좌표-Y좌표-면적-시군구 코드-시도 코드-읍면동 명칭-존_ID-컬럼명(한글)-행정구역 명칭,서울특별시,융합,CSV / ZIP,"['TAIMS', '서울시', '대중교통', '따릉이', '교통데이터']",공공/행정,정책,공공데이터,"['TAIMS', '서울시', '대중교통', '따릉이', '교통데이터']",64.32 GB,-1,69063074119.0
bigdata-transportation,definition_20455.xlsx,와인 판매매출(1개월 단위),와인 판매매출 데이터(1개월),"비티스의 월간 온/오프라인 판매 매출 데이터(결제일시, 연령대, 성별, 품목, 금액, 결제수단, 와인 원산지 정보 등)",1000000,컬럼명(한글)|년|월|일|시간대|결제요일|매출구분|구매처|연령대|성별|분류|구매수량|총금액대|제품단가대|결제수단|쿠폰사용여부|국가|지역|빈티지|규격|알코올도수|등급|포도품종|와인종류,True,2025-07-15,결제수단-결제요일-구매수량-구매처-국가-규격-년-등급-매출구분-분류-빈티지-성별-시간대-알코올도수-연령대-와인종류-월-일-제품단가대-지역-총금액대-컬럼명(한글)-쿠폰사용여부-포도품종,대한제분㈜,일반·기타,CSV / ZIP,"['비티스', '와인', '레드와인', '화이트와인', '로제와인', '스파클링와인', '원산지', '와이너리', '1개월', '영업', '매출', '판매', '결제', '연령', '성별']",소비/유통,상품,판매,"['비티스', '와인', '레드와인', '화이트와인', '로제와인', '스파클링와인', '원산지', '와이너리', '1개월', '영업', '매출', '판매', '결제', '연령', '성별']",-1,-1,1.0
bigdata-transportation,definition_20174.xlsx,데이터셋 명세서 양식,대전시 도시철도 운영기관 데이터,"대전 시내 도시철도 운영기관 데이터로서 도시철도 사업자 ID,도시철도 사업자명,도시철도 사업자 약명 데이터",0,컬럼명(한글)|도시철도 사업자 ID|도시철도 사업자 명|도시철도 사업자 약명|ETL_유형|ETL_DATE,True,2025-07-15,ETL_DATE-ETL_유형-도시철도 사업자 ID-도시철도 사업자 명-도시철도 사업자 약명-컬럼명(한글),대전시청,철도,CSV / ZIP,"['도시철도 사업자 ID', '도시철도 사업자명', '도시철도 사업자 약명', '운영기관', '대전']",공공/행정,정책,공공데이터,"['도시철도 사업자 ID', '도시철도 사업자명', '도시철도 사업자 약명', '운영기관', '대전']",222.00 B,-1,222.0
bigdata-transportation,definition_20242.xlsx,차량용 GPS 원시 데이터,(3월) 차량용 GPS Raw Data(PND),"차량에 부착된 아이나비 네비게이션(PND, Mobile)을 통해 수집된 GPS 원시(Raw) 데이터(위도, 경도, 차량, GPS 좌표, 교통량 등)",0,컬럼명(한글)|아이디|시간정보|x위치좌표|y위치좌표|속도|방향각|포인트 \n정확도,True,2025-07-15,x위치좌표-y위치좌표-방향각-속도-시간정보-아이디-컬럼명(한글)-포인트 \n정확도,아이나비시스템즈,도로,CSV / ZIP,"['네비게이션', '아이나비', '경도', 'PND', '위도', '차량', 'Mobile', '교통량', '교통', '차량이동', 'GPS', 'INAVI']",공간/위치,위치기반,위치데이터,"['네비게이션', '아이나비', '경도', 'PND', '위도', '차량', 'Mobile', '교통량', '교통', '차량이동', 'GPS', 'INAVI']",13.16 KB,-1,13475.0
bigdata-transportation,definition_20430.xlsx,길단위_업종별 점포 수,길단위 한식 음식점 수,도로 형상정보를 중심으로 영업 중인 한식 음식점 수를 집계하여 산출,0,컬럼명(한글)|시도코드|시도명|시군구코드|시군구명|도로명|도로번호|도로길이|점포수|형상정보,True,2025-07-15,도로길이-도로명-도로번호-시군구명-시군구코드-시도명-시도코드-점포수-컬럼명(한글)-형상정보,오픈메이트,융합,"CSV, SHP / ZIP","['길', '도로', '상권', '상권분석', '상가업소', '전국', '소상공인', '지역상권', '한식음식점']",소비/유통,소비행태,소비,"['길', '도로', '상권', '상권분석', '상가업소', '전국', '소상공인', '지역상권', '한식음식점']",299.88 MB,-1,314446970.0
bigdata-transportation,definition_20235.xlsx,차량용 GPS 원시 데이터,(11월) 차량용 GPS Raw Data(Mobile),"차량에 부착된 아이나비 네비게이션(PND, Mobile)을 통해 수집된 GPS 원시(Raw) 데이터(위도, 경도, 차량, GPS 좌표, 교통량 등)",0,컬럼명(한글)|아이디|시간정보|x위치좌표|y위치좌표|속도|방향각|포인트 \n정확도,True,2025-07-15,x위치좌표-y위치좌표-방향각-속도-시간정보-아이디-컬럼명(한글)-포인트 \n정확도,아이나비시스템즈,도로,CSV / ZIP,"['네비게이션', '아이나비', '경도', 'PND', '위도', '차량', 'Mobile', '교통량', '교통', '차량이동', 'GPS', 'INAVI']",공간/위치,위치기반,위치데이터,"['네비게이션', '아이나비', '경도', 'PND', '위도', '차량', 'Mobile', '교통량', '교통', '차량이동', 'GPS', 'INAVI']",1.23 KB,-1,1259.0
bigdata-transportation,definition_20371.xlsx,차량주행거리_행정구역_읍면동단위,2017년_차량주행거리_행정구역_읍면동단위,"차량주행거리는 추정교통량을 이용하여 도로를 주행하는 모든 차량들의 이동거리의 합을 의미하며, 읍면동 경계로 구분된 데이터로 단위는 km∙대/일",0,컬럼명(한글)|시도코드|시군구코드|읍면동코드|주_유형|전체_차량주행거리|승용차_차량주행거리|버스_차량주행거리|화물차_차량주행거리,True,2025-07-15,버스_차량주행거리-승용차_차량주행거리-시군구코드-시도코드-읍면동코드-전체_차량주행거리-주_유형-컬럼명(한글)-화물차_차량주행거리,한국교통연구원,도로,CSV / ZIP,"['행정구역읍면동단위', '평일', '속도지표', '2019년', '차량주행거리', 'View-T', '연평균']",공공/행정,정책,공공데이터,"['행정구역읍면동단위', '평일', '속도지표', '2019년', '차량주행거리', 'View-T', '연평균']",-1,-1,1.0
bigdata-transportation,definition_20081.xlsx,"33. 대전시 버스 정류장, 링크 매칭 데이터",대전시 버스 정류장 / 링크 매칭 데이터,"대전시 버스 정류장 / 링크 매칭 데이터 (버스 정류장 ID, 도로 링크 ID)",0,컬럼명(한글)|버스 노드 ID|링크_ID|ETL_유형|ETL_DATE,True,2025-07-15,ETL_DATE-ETL_유형-링크_ID-버스 노드 ID-컬럼명(한글),대전시청,버스,CSV / ZIP,"['단말기', '버스정보시스템', 'BIS', '버스', '노드', 'BUS', '버스 운전자', '휴대전화', '시내버스', '전광판', '정류장', '교통', '링크', 'Bus Information System', '대전시', '버스 내 승객', '링크 매칭 정보', '정류소 대기 승객', '인터넷']",공공/행정,정책,공공데이터,"['단말기', '버스정보시스템', 'BIS', '버스', '노드', 'BUS', '버스 운전자', '휴대전화', '시내버스', '전광판', '정류장', '교통', '링크', 'Bus Information System', '대전시', '버스 내 승객', '링크 매칭 정보', '정류소 대기 승객', '인터넷']",114.63 KB,-1,117381.0
bigdata-transportation,definition_20047.xlsx,데이터셋 명세서(아파트 분양 상세정보),아파트 분양 상세정보,일반공고에 의한 아파트 주택형별 분양 상세정보,0,컬럼명(한글)|주택관리번호|주택명|공급위치|공급규모|투기과열지구 여부|조정대상지역 여부|분양가상한제 여부|정비사업 여부|공공주택지구 여부|대규모택지개발지구 여부|수도권내민영공공주택지구 여부|모델번호|주택형|공급면적|일반공급세대수|특별공급세대수|다자녀가구수|신혼부부가구수|생애최초가구수|노부모부양가구수|기관추천수|기관추천기타수|이전기관수|공급금액|대출가능금액,True,2025-07-15,공공주택지구 여부-공급규모-공급금액-공급면적-공급위치-기관추천기타수-기관추천수-노부모부양가구수-다자녀가구수-대규모택지개발지구 여부-대출가능금액-모델번호-분양가상한제 여부-생애최초가구수-수도권내민영공공주택지구 여부-신혼부부가구수-이전기관수-일반공급세대수-정비사업 여부-조정대상지역 여부-주택관리번호-주택명-주택형-컬럼명(한글)-투기과열지구 여부-특별공급세대수,한국부동산원,공간,CSV / ZIP,"['전국', '청약', '아파트', '투기과열', '조정대상', '규제정보', '주택형', '평형타입', '공급면적', '세대수', '공급금액', '대출가능금액']",기타,기타,기타,"['전국', '청약', '아파트', '투기과열', '조정대상', '규제정보', '주택형', '평형타입', '공급면적', '세대수', '공급금액', '대출가능금액']",210.65 MB,-1,220882534.0
bigdata-transportation,definition_20401.xlsx,정상시평균속도_행정구역_읍면동단위,정상시평균속도_행정구역_읍면동단위,"정상시평균속도는 내비게이션 데이터를 이용하여 도로를 주행하는 모든 차량들 중 혼잡을 경험하지않은 차량들의 평균속도를 의미하며, 읍면동 경계로 구분된 데이터로 단위는 km/h",0,컬럼명(한글)|시도코드|시군구코드|읍면동코드|주_유형|정상시평균속도,True,2025-07-15,시군구코드-시도코드-읍면동코드-정상시평균속도-주_유형-컬럼명(한글),한국교통연구원,도로,CSV / ZIP,"['View-T', '속도지표', '정상시평균속도', '차량모빌리티기반속도', '연평균', '행정구역 읍면동단위']",공공/행정,정책,공공데이터,"['View-T', '속도지표', '정상시평균속도', '차량모빌리티기반속도', '연평균', '행정구역 읍면동단위']",117.66 KB,-1,120483.0
bigdata-transportation,definition_20485.xlsx,매출데이터,매출 데이터,"전국을 소지역코드 기준으로 카드, 현금사용량을 전수화한 매출 집계데이터, 소지역단위로 업종별 매출 발생량과 카드승인건수를 확인할 수 있는 현대 카드 기반의 매출데이터",0,컬럼명(한글)|기준년월|소지역코드|대분류명칭|중분류명칭|소분류명칭|남자10대미만 매출|남자20대 매출|남자30대 매출|남자40대 매출|남자50대 매출|남자60대이상 매출|여자10대미만 매출|여자20대 매출|여자30대 매출|여자40대 매출|여자50대 매출|여자60대이상 매출|남자10대미만 승인건수|남자20대 승인건수|남자30대 승인건수|남자40대 승인건수|남자50대 승인건수|남자60대이상 승인건수|여자10대미만 승인건수|여자20대 승인건수|여자30대 승인건수|여자40대 승인건수|여자50대 승인건수|여자60대이상 승인건수,True,2025-07-15,기준년월-남자10대미만 매출-남자10대미만 승인건수-남자20대 매출-남자20대 승인건수-남자30대 매출-남자30대 승인건수-남자40대 매출-남자40대 승인건수-남자50대 매출-남자50대 승인건수-남자60대이상 매출-남자60대이상 승인건수-대분류명칭-소분류명칭-소지역코드-여자10대미만 매출-여자10대미만 승인건수-여자20대 매출-여자20대 승인건수-여자30대 매출-여자30대 승인건수-여자40대 매출-여자40대 승인건수-여자50대 매출-여자50대 승인건수-여자60대이상 매출-여자60대이상 승인건수-중분류명칭-컬럼명(한글),한국도로공사,일반·기타,CSV / ZIP,"['카드', '현금', '매출']",소비/유통,소비행태,소비,"['카드', '현금', '매출']",2.16 KB,-1,2211.0
bigdata-transportation,definition_20491.xlsx,국토공간 가치지수_생활,국토공간 가치지수_생활,국토공간 가치지수는 교통ㆍ교육ㆍ생활 등 다양한 목적성을 고려한 공간가치를 재정립하여 최신 데이터 기반에 입지분석을 수행한 결과,0,컬럼명(한글)|PNU|시도 코드|시도 명|시군구 코드|시군구 명|읍면동 코드|읍면동 명|리 코드|리 명|지번|지목|편의점 지수|커피숍 지수|제과점 지수|백화점 지수|마트 지수|종합병원 지수|일반병원 지수|약국 지수|생활 지수,True,2025-07-15,PNU-리 명-리 코드-마트 지수-백화점 지수-생활 지수-시군구 명-시군구 코드-시도 명-시도 코드-약국 지수-읍면동 명-읍면동 코드-일반병원 지수-제과점 지수-종합병원 지수-지목-지번-커피숍 지수-컬럼명(한글)-편의점 지수,한국도로공사,융합,CSV / ZIP,"['국토공간가치지수', '생활']",공간/위치,위치기반,위치데이터,"['국토공간가치지수', '생활']",1.40 KB,-1,1433.0
bigdata-transportation,definition_20534.xlsx,테이블정의서,전기버스 운행이력 데이터(분기 단위),전기버스의 운행 시에 수집된 차량정보 데이터(전기차 충전기에서 생성된 원시데이터),849900,컬럼명(한글)|운행일시|차량번호|노선번호|노선유형|출차시간|정류장수|평균정류장간격|소요시간|주행거리|속도|브레이크유무|위도|경도|방위각|가속도X|가속도Y|비고|생산일시,True,2025-07-15,가속도X-가속도Y-경도-노선번호-노선유형-방위각-브레이크유무-비고-생산일시-소요시간-속도-운행일시-위도-정류장수-주행거리-차량번호-출차시간-컬럼명(한글)-평균정류장간격,주식회사 펌프킨,버스,CSV / ZIP,"['전기차', '전기버스', '주행정보', 'DTG', '주행거리', '속도', '브레이크 유무 위도', '경도', '방위각', '가속도']",데이터분석,빅데이터,데이터,"['전기차', '전기버스', '주행정보', 'DTG', '주행거리', '속도', '브레이크 유무 위도', '경도', '방위각', '가속도']",-1,-1,1.0
bigdata-transportation,definition_20206.xlsx,데이터 레이아웃,6대 광역시 행정동별 2주택자 이상 보유자 수,"- KCB에 정보등록된 신용정보를 기반으로 자가 보유(추정)를 한 사람들의 지역별 거주현황\n * KCB에 등록되는 부동산 정보는 해당 개인이 주택구매시 금융회사를 통해 담보대출을 받은 경우에만 파악 가능\n * 6대 광역시 (부산, 대구, 인천, 대전, 울산, 광주)",1000000,컬럼명(한글)|기준_년월|행정기관코드|성별_코드|연령대_코드|집계인구수,True,2025-07-15,기준_년월-성별_코드-연령대_코드-집계인구수-컬럼명(한글)-행정기관코드,코리아크레딧뷰로,융합,CSV / ZIP,"['신용', '부산', '대구', '인천', '대전', '울산', '광주', '6대도시', '광역시', '거주지', '자가']",공공/행정,지역,광역시,"['신용', '부산', '대구', '인천', '대전', '울산', '광주', '6대도시', '광역시', '거주지', '자가']",2.45 KB,-1,2508.0
bigdata-transportation,definition_20031.xlsx,데이터셋 명세서(공동주택 시세정보),공동주택 시세정보,"전국 공동주택(아파트)의 평형별 매매 및 전세 시세(상,하한가) 정보",0,컬럼명(한글)|최근 시군구 코드|최근 읍면동리 코드|최신 지번 구분|최신 본번지|최신 부번지|시도명|시군구명|읍면명|동리명|우편번호|최신 도로명 시군구 코드|최신 도로명 코드|최신 도로명|최신 도로명 읍면동 일련번호|최신 도로명 건물본번|최신 도로명 건물부번|아파트 단지코드|단지명|사용승인일|단지 평형 일련번호|평형정보|평형타입|전용면적|공용면적|기타면적|기준일자|매매상한가|매매하한가|전세상한가|전세하한가,True,2025-07-15,공용면적-기준일자-기타면적-단지 평형 일련번호-단지명-동리명-매매상한가-매매하한가-사용승인일-시군구명-시도명-아파트 단지코드-우편번호-읍면명-전세상한가-전세하한가-전용면적-최근 시군구 코드-최근 읍면동리 코드-최신 도로명-최신 도로명 건물본번-최신 도로명 건물부번-최신 도로명 시군구 코드-최신 도로명 읍면동 일련번호-최신 도로명 코드-최신 본번지-최신 부번지-최신 지번 구분-컬럼명(한글)-평형정보-평형타입,델리아이,철도,CSV / ZIP,[],공간/위치,인구이동,주거인구,[],7.18 MB,-1,7528775.0
bigdata-transportation,definition_20031.xlsx,데이터셋 명세서(아파트 분양 상세정보),아파트 분양 상세정보,일반공고에 의한 아파트 주택형별 분양 상세정보,0,컬럼명(한글)|주택관리번호|주택명|공급위치|공급규모|투기과열지구 여부|조정대상지역 여부|분양가상한제 여부|정비사업 여부|공공주택지구 여부|대규모택지개발지구 여부|수도권내민영공공주택지구 여부|모델번호|주택형|공급면적|일반공급세대수|특별공급세대수|다자녀가구수|신혼부부가구수|생애최초가구수|노부모부양가구수|기관추천수|기관추천기타수|이전기관수|공급금액|대출가능금액,True,2025-07-15,공공주택지구 여부-공급규모-공급금액-공급면적-공급위치-기관추천기타수-기관추천수-노부모부양가구수-다자녀가구수-대규모택지개발지구 여부-대출가능금액-모델번호-분양가상한제 여부-생애최초가구수-수도권내민영공공주택지구 여부-신혼부부가구수-이전기관수-일반공급세대수-정비사업 여부-조정대상지역 여부-주택관리번호-주택명-주택형-컬럼명(한글)-투기과열지구 여부-특별공급세대수,델리아이,철도,CSV / ZIP,[],공간/위치,인구이동,주거인구,[],7.18 MB,-1,7528775.0
bigdata-transportation,definition_20031.xlsx,데이터셋 명세서(아파트 분양 경쟁률정보),아파트 분양 경쟁률정보,전국 아파트의 주택형 및 순위별 경쟁률 정보,0,컬럼명(한글)|주택관리번호|주택명|모델번호|주택형|공급세대수|일반공급순위|거주지역|접수건수|경쟁률,True,2025-07-15,거주지역-경쟁률-공급세대수-모델번호-일반공급순위-접수건수-주택관리번호-주택명-주택형-컬럼명(한글),델리아이,철도,CSV / ZIP,[],공간/위치,인구이동,주거인구,[],7.18 MB,-1,7528775.0
bigdata-transportation,definition_20031.xlsx,데이터셋 명세서(아파트 분양 가점정보),아파트 분양 가점정보,전국 민영주택의 주택형 및 지역구분별 당첨가점 정보,0,컬럼명(한글)|주택관리번호|주택명|모델번호|주택형|거주지역|최저가점|최고가점|평균가점,True,2025-07-15,거주지역-모델번호-주택관리번호-주택명-주택형-최고가점-최저가점-컬럼명(한글)-평균가점,델리아이,철도,CSV / ZIP,[],공간/위치,인구이동,주거인구,[],7.18 MB,-1,7528775.0
bigdata-transportation,definition_20043.xlsx,"1. 전국 노상 노외 주차장 정보 데이터(주소, 좌표, ","전국 노상 노외 주차장 정보 데이터(주소, 좌표, 요금 등)","전국 공영 및 민간 주차장의 위치, 주차면 수, 요금 체계 등 이용 정보를  확인할 수 있습니다.",0,컬럼명(한글)|주차장 인덱스|주차장 타입|주차장 구분|주차장 명|위도|경도|우편번호|도로명 주소|지번 주소|상세 주소|주소 추가 필드|전화번호|설명|주차구획수|평일 영업 시작시간|평일 영업 종료시간|주말 영업 시작시간|주말 영업 종료시간|휴일 영업 시작시간|휴일 영업 종료시간|유료 여부|주차 기본 시간|주차 기본 요금|추가 단위 시간|추가 단위 요금|일 주차권 요금|월 정기권 요금|결제 방법|일 주차 최대요금|주차장 이미지 파일 확장자|주차장 이미지 파일 명|주차장 이미지 파일 경로|주차장 이미지 파일 사이즈|주차장 이미지 파일 타입|주차장 이미지 원본 파일명,True,2025-07-15,결제 방법-경도-도로명 주소-상세 주소-설명-우편번호-월 정기권 요금-위도-유료 여부-일 주차 최대요금-일 주차권 요금-전화번호-주말 영업 시작시간-주말 영업 종료시간-주소 추가 필드-주차 기본 시간-주차 기본 요금-주차구획수-주차장 구분-주차장 명-주차장 이미지 원본 파일명-주차장 이미지 파일 경로-주차장 이미지 파일 명-주차장 이미지 파일 사이즈-주차장 이미지 파일 타입-주차장 이미지 파일 확장자-주차장 인덱스-주차장 타입-지번 주소-추가 단위 시간-추가 단위 요금-컬럼명(한글)-평일 영업 시작시간-평일 영업 종료시간-휴일 영업 시작시간-휴일 영업 종료시간,KST플레이스,시설·안전,CSV / ZIP,"['주차장 기본요금', 'KST Place', '전국 기준', '하루 최대 요금', '유료여부', '주차장 영업시간', '평일 요금', '경도', '휴일 요금', '주차장 이름', '주차장위치', '교통', '주차 장의 주소와 좌표', '위도']",공공/행정,정책,공공데이터,"['주차장 기본요금', 'KST Place', '전국 기준', '하루 최대 요금', '유료여부', '주차장 영업시간', '평일 요금', '경도', '휴일 요금', '주차장 이름', '주차장위치', '교통', '주차 장의 주소와 좌표', '위도']",20.08 KB,-1,20561.0
bigdata-transportation,definition_20380.xlsx,정상시평균속도_행정구역_읍면동단위,정상시평균속도_행정구역_읍면동단위,"정상시평균속도는 내비게이션 데이터를 이용하여 도로를 주행하는 모든 차량들 중 혼잡을 경험하지않은 차량들의 평균속도를 의미하며, 읍면동 경계로 구분된 데이터로 단위는 km/h",0,컬럼명(한글)|시도코드|시군구코드|읍면동코드|주_유형|정상시평균속도,True,2025-07-15,시군구코드-시도코드-읍면동코드-정상시평균속도-주_유형-컬럼명(한글),한국교통연구원,도로,CSV / ZIP,"['View-T', '속도지표', '정상시평균속도', '차량모빌리티기반속도', '연평균', '행정구역 읍면동단위']",공공/행정,정책,공공데이터,"['View-T', '속도지표', '정상시평균속도', '차량모빌리티기반속도', '연평균', '행정구역 읍면동단위']",-1,-1,1.0
bigdata-transportation,definition_20246.xlsx,차량용 GPS 원시 데이터,(7월) 차량용 GPS Raw Data(PND),"차량에 부착된 아이나비 네비게이션(PND, Mobile)을 통해 수집된 GPS 원시(Raw) 데이터(위도, 경도, 차량, GPS 좌표, 교통량 등)",0,컬럼명(한글)|아이디|시간정보|x위치좌표|y위치좌표|속도|방향각|포인트 \n정확도,True,2025-07-15,x위치좌표-y위치좌표-방향각-속도-시간정보-아이디-컬럼명(한글)-포인트 \n정확도,아이나비시스템즈,도로,CSV / ZIP,"['네비게이션', '아이나비', '경도', 'PND', '위도', '차량', 'Mobile', '교통량', '교통', '차량이동', 'GPS', 'INAVI']",공간/위치,위치기반,위치데이터,"['네비게이션', '아이나비', '경도', 'PND', '위도', '차량', 'Mobile', '교통량', '교통', '차량이동', 'GPS', 'INAVI']",1.24 KB,-1,1269.0
bigdata-transportation,definition_20088.xlsx,위치기반 차량 데이터,위치기반 차량 데이터,"울산광역시에서 수집되고 있는 링크ID 기준 위치기반 차량 데이터(15분별,시간별,일별,월별 단위) 통계 정보",0,컬럼명(한글)|노드 ID|노드 명|회전 여부|노드 비고|단축 명|경도|위도|TM X좌표|TM Y좌표|기준일자,True,2025-07-15,TM X좌표-TM Y좌표-경도-기준일자-노드 ID-노드 명-노드 비고-단축 명-위도-컬럼명(한글)-회전 여부,울산정보산업진흥원,도로,CSV / ZIP,"['15분평균', '시간평균', '일평균', '월평균', '가공일시', '링크ID', '속도', '여행시간', '교통량']",공간/위치,위치기반,위치데이터,"['15분평균', '시간평균', '일평균', '월평균', '가공일시', '링크ID', '속도', '여행시간', '교통량']",3.36 MB,-1,3523215.0
bigdata-transportation,definition_20488.xlsx,도로상태데이터,도로상태 데이터,"도로인프라 센서(고정행)가 설치된 지역에 도로상태를 측정한 데이터(도로 미끄럼도, 노면온도, 습도, 대기압 등)",0,컬럼명(한글)|생성일자|h3좌표|미끄럼도|노면온도|습도|대기압,True,2025-07-15,h3좌표-노면온도-대기압-미끄럼도-생성일자-습도-컬럼명(한글),한국도로공사,도로,CSV / ZIP,"['도로', '센서']",산업/기술,IT기술,IoT,"['도로', '센서']",636.00 B,-1,636.0
bigdata-transportation,definition_20044.xlsx,2. 전국 주차장 입출차 및 이용 내역 정보 데이터,전국 주차장 입출차 및 이용 내역 정보 데이터,전국 주차장별 입출차 및 이용 내역을 확인할 수 있습니다.,0,컬럼명(한글)|주차장 인덱스|주차장 타입|주차장 구분|주차장 명|주차면 수|주차면 인덱스|주차면 명|태그 아이디|위도|경도|티켓 인덱스|입차시간|출차시간|차량번호|주차요금|차량종류|할인요금|지불요금|적용 할인,True,2025-07-15,경도-위도-입차시간-적용 할인-주차면 명-주차면 수-주차면 인덱스-주차요금-주차장 구분-주차장 명-주차장 인덱스-주차장 타입-지불요금-차량번호-차량종류-출차시간-컬럼명(한글)-태그 아이디-티켓 인덱스-할인요금,KST플레이스,시설·안전,CSV / ZIP,"['주차', '노상주차장', '노외주차장', '부설주차장', '공영주차장', '민영주차장', '주차장 회전율', '주차장 점유율', '주차장 이용 시간', '주차장 이용 빈도', '주차장 수익', '할인율']",공공/행정,정책,공공데이터,"['주차', '노상주차장', '노외주차장', '부설주차장', '공영주차장', '민영주차장', '주차장 회전율', '주차장 점유율', '주차장 이용 시간', '주차장 이용 빈도', '주차장 수익', '할인율']",269.69 KB,-1,276162.0
bigdata-transportation,definition_20172.xlsx,데이터셋 명세서 양식,대전시 도시철도역 관리 데이터,"대전 시내 도시철도역 관리 데이터로서 도시철도역 ID,도시철도역명,도시철도노선ID,도시철도사업자ID 데이터",0,컬럼명(한글)|도시철도역 ID|도시철도역 명|도시철도 노선 ID|도시철도 사업자 ID|ETL_유형|ETL_DATE,True,2025-07-15,ETL_DATE-ETL_유형-도시철도 노선 ID-도시철도 사업자 ID-도시철도역 ID-도시철도역 명-컬럼명(한글),대전시청,철도,CSV / ZIP,"['도시철도역 ID', '도시철도역명', '도시철도노선ID', '도시철도사업자ID', '도시철도', '대전']",공공/행정,정책,공공데이터,"['도시철도역 ID', '도시철도역명', '도시철도노선ID', '도시철도사업자ID', '도시철도', '대전']",458.00 B,-1,458.0
bigdata-transportation,definition_20415.xlsx,혼잡시평균속도_행정구역_읍면동단위,혼잡시평균속도_행정구역_읍면동단위,"혼잡시평균속도는 내비게이션 데이터를 이용하여 도로를 주행하는 모든 차량들 중 혼잡을 경험한 차량들의 평균속도를 의미하며, 읍면동 경계로 구분된 데이터로 단위는 km/h",0,컬럼명(한글)|시도코드|시군구코드|읍면동코드|주_유형|혼잡시평균속도,True,2025-07-15,시군구코드-시도코드-읍면동코드-주_유형-컬럼명(한글)-혼잡시평균속도,한국교통연구원,도로,CSV / ZIP,"['View-T', '속도지표', '혼잡시평균속도', '차량모빌리티기반속도', '연평균', '행정구역 읍면동단위']",공공/행정,정책,공공데이터,"['View-T', '속도지표', '혼잡시평균속도', '차량모빌리티기반속도', '연평균', '행정구역 읍면동단위']",117.91 KB,-1,120739.0
bigdata-transportation,definition_20566.xlsx,테이블정의서,전기버스 운행이력 데이터(분기 단위),전기버스의 운행 시에 수집된 차량정보 데이터(전기차 충전기에서 생성된 원시데이터),849900,컬럼명(한글)|운행일시|차량번호|노선번호|노선유형|출차시간|정류장수|평균정류장간격|소요시간|주행거리|속도|브레이크유무|위도|경도|방위각|가속도X|가속도Y|비고|생산일시,True,2025-07-15,가속도X-가속도Y-경도-노선번호-노선유형-방위각-브레이크유무-비고-생산일시-소요시간-속도-운행일시-위도-정류장수-주행거리-차량번호-출차시간-컬럼명(한글)-평균정류장간격,주식회사 펌프킨,버스,CSV / ZIP,"['전기차', '전기버스', '주행정보', 'DTG', '주행거리', '속도', '브레이크 유무 위도', '경도', '방위각', '가속도']",소비/유통,상품,물류,"['전기차', '전기버스', '주행정보', 'DTG', '주행거리', '속도', '브레이크 유무 위도', '경도', '방위각', '가속도']",21.87 KB,-1,22394.0
bigdata-transportation,definition_20053.xlsx,데이터셋 명세서(역세권 토지용도 분포정보),역세권 토지용도 분포정보,수도권 지하철역사로부터 반경 500m 내 토지의 이용상황 변화 정보,0,컬럼명(한글)|역세권명|기준연월|공시지가평균|주거면적비율|상업업무면적비율|주상복합면적비율|공업면적비율|기타면적비율,True,2025-07-15,공시지가평균-공업면적비율-기준연월-기타면적비율-상업업무면적비율-역세권명-주거면적비율-주상복합면적비율-컬럼명(한글),한국부동산원,공간,CSV / ZIP,"['서울', '인천', '경기', '역세권', '지하철역', '공시지가', '주거면적', '상업업무면적', '주상복합면적', '공업면적']",공간/위치,위치기반,위치데이터,"['서울', '인천', '경기', '역세권', '지하철역', '공시지가', '주거면적', '상업업무면적', '주상복합면적', '공업면적']",1.26 MB,-1,1321205.0
bigdata-transportation,definition_20419.xlsx,차량주행거리_행정구역_읍면동단위,2019년_차량주행거리_행정구역_읍면동단위,"차량주행거리는 추정교통량을 이용하여 도로를 주행하는 모든 차량들의 이동거리의 합을 의미하며, 읍면동 경계로 구분된 데이터로 단위는 km∙대/일",0,컬럼명(한글)|시도코드|시군구코드|읍면동코드|주_유형|전체_차량주행거리|승용차_차량주행거리|버스_차량주행거리|화물차_차량주행거리,True,2025-07-15,버스_차량주행거리-승용차_차량주행거리-시군구코드-시도코드-읍면동코드-전체_차량주행거리-주_유형-컬럼명(한글)-화물차_차량주행거리,한국교통연구원,도로,CSV / ZIP,"['View-T', '교통량지표', '차량주행거리', '차량모빌리티기반교통량', '연평균', '행정구역 읍면동단위']",공공/행정,정책,공공데이터,"['View-T', '교통량지표', '차량주행거리', '차량모빌리티기반교통량', '연평균', '행정구역 읍면동단위']",188.53 KB,-1,193054.0
bigdata-transportation,definition_20175.xlsx,데이터셋 명세서 양식,대전시 무인감시카메라 1시간 이력 데이터,"대전 시내 무인감시카메라 이력 데이터로서 일자,시간,교차로ID,교차로명,CCTVID,CCTV명,교통량,방향별 교통량,차량별 교통량 데이터",0,컬럼명(한글)|일자_ID|시_ID|교차로_ID|교차로_명|CCTV_ID|CCTV_명|교통량|직진_교통량|좌회전_교통량|우회전_교통량|유턴_교통량|오토바이_교통량|승용차_교통량|SUV_교통량|VAN_교통량|트럭_교통량|버스_교통량|ETL_유형|ETL_DATE,True,2025-07-15,CCTV_ID-CCTV_명-ETL_DATE-ETL_유형-SUV_교통량-VAN_교통량-교차로_ID-교차로_명-교통량-버스_교통량-승용차_교통량-시_ID-오토바이_교통량-우회전_교통량-유턴_교통량-일자_ID-좌회전_교통량-직진_교통량-컬럼명(한글)-트럭_교통량,대전시청,시설·안전,CSV / ZIP,"['일자', '시간', '교차로ID', '교차로명', 'CCTV ID', 'CCTV명', '교통량 방향별 교통량', '차량별 교통량']",공공/행정,정책,공공데이터,"['일자', '시간', '교차로ID', '교차로명', 'CCTV ID', 'CCTV명', '교통량 방향별 교통량', '차량별 교통량']",8.93 MB,-1,9363783.0
bigdata-transportation,definition_20528.xlsx,전기버스충전이력데이터(분기단위),전기버스 노선 운영지표 데이터(분기 단위),노선의 굴곡도 정보 및 운행에 사용된 전력을 제공하는 데이터,740300,컬럼명(한글)|운행시작일시|버스번호|노선ID|노선번호|기점|종점|시도코드|시군구코드|시도명|시군구명|정류장수|노선거리|최단거리|굴곡도|운행종료일시|SOC사용량|전력사용량|비고|생산일시,True,2025-07-15,SOC사용량-굴곡도-기점-노선ID-노선거리-노선번호-버스번호-비고-생산일시-시군구명-시군구코드-시도명-시도코드-운행시작일시-운행종료일시-전력사용량-정류장수-종점-최단거리-컬럼명(한글),주식회사 펌프킨,버스,CSV / ZIP,"['전기차', '전기버스', '노선거리', '최단거리', '굴곡도', '운행종료일시', 'SOC사용량', '전력사용량']",소비/유통,상품,물류,"['전기차', '전기버스', '노선거리', '최단거리', '굴곡도', '운행종료일시', 'SOC사용량', '전력사용량']",-1,-1,1.0
bigdata-transportation,definition_20148.xlsx,15.VDS기반고속도로지점별교통소통통계데이터(1개월단위),VDS기반 고속도로 지점별 교통 소통 통계 데이터(1개월 단위),"고속도로 노선상에 설치된 차량감지장치(VDS)에 의해 VDS지점별, 차로유형별, 교통량 및 점유율, 평균속도에 대해 1개월 단위로 통계 생성된 교통 데이터",0,컬럼명(한글)|집계년월|VDS_ID|차로유형구분코드|교통량|점유율|평균속도|정상건수|보정건수|최종변경시각,True,2025-07-15,VDS_ID-교통량-보정건수-점유율-정상건수-집계년월-차로유형구분코드-최종변경시각-컬럼명(한글)-평균속도,한국철도공사,철도,PDF / ZIP,"['철도', '카드', '통신', '신용정보', '여수', '관광객', '분석']",공간/위치,인구이동,유동인구,"['철도', '카드', '통신', '신용정보', '여수', '관광객', '분석']",7.10 MB,-1,7444889.0
bigdata-transportation,definition_20481.xlsx,요일별 유동인구 데이터,요일별 유동인구 데이터,"요일별 서울지역 50cm*50cm cell기준 상주/비상주인구의 보행인구 집계, cell 단위 유동량이 밀집되는 지역 및 시간대를 확인할 수 있는 중복 카운팅을 허용한 데이터",0,컬럼명(한글)|기준년월|X좌표|Y좌표|월요일 유동인구|화요일 유동인구|수요일 유동인구|목요일 유동인구|금요일 유동인구|토요일 유동인구|일요일 유동인구,True,2025-07-15,X좌표-Y좌표-금요일 유동인구-기준년월-목요일 유동인구-수요일 유동인구-월요일 유동인구-일요일 유동인구-컬럼명(한글)-토요일 유동인구-화요일 유동인구,한국도로공사,일반·기타,CSV / ZIP,['유동인구'],공간/위치,인구이동,유동인구,['유동인구'],-1,-1,1.0
bigdata-transportation,definition_20234.xlsx,차량용 GPS 원시 데이터,(10월) 차량용 GPS Raw Data(Mobile),"차량에 부착된 아이나비 네비게이션(PND, Mobile)을 통해 수집된 GPS 원시(Raw) 데이터(위도, 경도, 차량, GPS 좌표, 교통량 등)",0,컬럼명(한글)|아이디|시간정보|x위치좌표|y위치좌표|속도|방향각|포인트 \n정확도,True,2025-07-15,x위치좌표-y위치좌표-방향각-속도-시간정보-아이디-컬럼명(한글)-포인트 \n정확도,아이나비시스템즈,도로,CSV / ZIP,"['네비게이션', '아이나비', '경도', 'PND', '위도', '차량', 'Mobile', '교통량', '교통', '차량이동', 'GPS', 'INAVI']",공간/위치,위치기반,위치데이터,"['네비게이션', '아이나비', '경도', 'PND', '위도', '차량', 'Mobile', '교통량', '교통', '차량이동', 'GPS', 'INAVI']",1.23 KB,-1,1259.0
bigdata-transportation,definition_20546.xlsx,15.VDS기반고속도로지점별교통소통통계데이터(1개월단위),VDS기반 고속도로 지점별 교통 소통 통계 데이터(1개월 단위),"고속도로 노선상에 설치된 차량감지장치(VDS)에 의해 VDS지점별, 차로유형별, 교통량 및 점유율, 평균속도에 대해 1개월 단위로 통계 생성된 교통 데이터",0,컬럼명(한글)|집계년월|VDS_ID|차로유형구분코드|교통량|점유율|평균속도|정상건수|보정건수|최종변경시각,True,2025-07-15,VDS_ID-교통량-보정건수-점유율-정상건수-집계년월-차로유형구분코드-최종변경시각-컬럼명(한글)-평균속도,,시설·안전,CSV / ZIP,[],소비/유통,상품,물류,[],-1,-1,1.0
bigdata-transportation,definition_20523.xlsx,전기버스충전이력데이터(분기단위),개방충전소(승용 및 택시) 충전중 상태정보 데이터  데이터(분기 단위),"전기차 충전 데이터 중 개방충전소의 택시, 승용에 대한 충전 중 상태정보 데이터",740300,컬럼명(한글)|충전소ID|충전기ID|충전건ID|차종 분류|충전기상태|시작일시|상태갱신일시|최초차량충전율|진행SOC|공급전압|공급전류|비고|생산일시,True,2025-07-15,공급전류-공급전압-비고-상태갱신일시-생산일시-시작일시-진행SOC-차종 분류-최초차량충전율-충전건ID-충전기ID-충전기상태-충전소ID-컬럼명(한글),주식회사 펌프킨,융합,CSV / ZIP,"['전기차', '택시', '승용', '차종', '상태', 'SOC', '공급전압', '공급전류']",데이터분석,빅데이터,데이터,"['전기차', '택시', '승용', '차종', '상태', 'SOC', '공급전압', '공급전류']",-1,-1,1.0
bigdata-transportation,definition_20046.xlsx,데이터셋 명세서(아파트 분양 상세정보),아파트 분양 상세정보,일반공고에 의한 아파트 주택형별 분양 상세정보,0,컬럼명(한글)|주택관리번호|주택명|공급위치|공급규모|투기과열지구 여부|조정대상지역 여부|분양가상한제 여부|정비사업 여부|공공주택지구 여부|대규모택지개발지구 여부|수도권내민영공공주택지구 여부|모델번호|주택형|공급면적|일반공급세대수|특별공급세대수|다자녀가구수|신혼부부가구수|생애최초가구수|노부모부양가구수|기관추천수|기관추천기타수|이전기관수|공급금액|대출가능금액,True,2025-07-15,공공주택지구 여부-공급규모-공급금액-공급면적-공급위치-기관추천기타수-기관추천수-노부모부양가구수-다자녀가구수-대규모택지개발지구 여부-대출가능금액-모델번호-분양가상한제 여부-생애최초가구수-수도권내민영공공주택지구 여부-신혼부부가구수-이전기관수-일반공급세대수-정비사업 여부-조정대상지역 여부-주택관리번호-주택명-주택형-컬럼명(한글)-투기과열지구 여부-특별공급세대수,한국부동산원,공간,CSV / ZIP,"['전국', '청약', '아파트', '투기과열', '조정대상', '규제정보', '주택형', '평형타입', '공급면적', '세대수', '공급금액', '대출가능금액']",소비/유통,상품,구매,"['전국', '청약', '아파트', '투기과열', '조정대상', '규제정보', '주택형', '평형타입', '공급면적', '세대수', '공급금액', '대출가능금액']",-1,-1,1.0
bigdata-transportation,definition_20426.xlsx,데이터셋 명세서(주요 상권별 도로혼잡빈도 정보),주요 상권별 도로혼잡빈도 정보,주요 상권별로 차량의 혼잡 정도를 나타내는 교통정보인 도로혼잡빈도를 확인할 수 있는 정보,0,컬럼명(한글)|상권번호|상권명|시군구코드|시군구명|링크수|최소 도로혼잡빈도강도|최대 도로혼잡빈도강도|평균 도로혼잡빈도강도|상권별 도형좌표,True,2025-07-15,링크수-상권명-상권번호-상권별 도형좌표-시군구명-시군구코드-최대 도로혼잡빈도강도-최소 도로혼잡빈도강도-컬럼명(한글)-평균 도로혼잡빈도강도,한국부동산원,융합,CSV / ZIP,"['상권', '주요도로망', '도로혼잡빈도', '링크', '혼잡', '차량']",소비/유통,상품,물류,"['상권', '주요도로망', '도로혼잡빈도', '링크', '혼잡', '차량']",1.99 MB,-1,2086666.0
bigdata-transportation,definition_20537.xlsx,테이블정의서,전기차 충전기 대기 전력량 데이터(분기 단위),전기버스 충전기 운영 시에 청구전력량과 실제 충전사용전력량을 비교한 데이터,740300,컬럼명(한글)|충전일시|충전소ID|충전기ID|시도코드|시군구코드|시도명|시군구명|충전전력사용량|청구전력사용량|대기전력량|비고|생산일시,True,2025-07-15,대기전력량-비고-생산일시-시군구명-시군구코드-시도명-시도코드-청구전력사용량-충전기ID-충전소ID-충전일시-충전전력사용량-컬럼명(한글),주식회사 펌프킨,버스,CSV / ZIP,"['전기차', '전기버스', '시군구별', '충전소별', '충전전력량', '대기전력', '펌프킨']",공공/행정,정책,공공데이터,"['전기차', '전기버스', '시군구별', '충전소별', '충전전력량', '대기전력', '펌프킨']",-1,-1,1.0
bigdata-transportation,definition_20156.xlsx,경산시 공영주차장 입출차정보  ,경산시 공영주차장 입출차정보,"경산시 공영주차장의 입출차 기록 정보입니다. 공영주차장 식별자, 주차면번호, 시간, 주차유무 데이터를 제공합니다.",0,컬럼명(한글)|주차장명|입차시간|출차시간|설치 X좌표|설치 Y좌표,True,2025-07-15,설치 X좌표-설치 Y좌표-입차시간-주차장명-출차시간-컬럼명(한글),포항테크노파크,시설·안전,CSV / ZIP,"['포항테크노파크', '교통', '경산', '주차', '공영주차장', '입출차']",공공/행정,정책,공공데이터,"['포항테크노파크', '교통', '경산', '주차', '공영주차장', '입출차']",117.47 KB,-1,120289.0
bigdata-transportation,definition_20131.xlsx,혼잡빈도강도_행정구역_읍면동단위,혼잡빈도강도_행정구역_읍면동단위,"혼잡빈도강도는 도로를 주행하는 모든 차량 대수 중 혼잡을 경험한 차량 대수 비율을 의미하며, 읍면동 경계로 구분된 데이터로 단위는 %",0,컬럼명(한글)|시도코드|시군구코드|읍면동코드|주_유형|혼잡빈도강도,True,2025-07-15,시군구코드-시도코드-읍면동코드-주_유형-컬럼명(한글)-혼잡빈도강도,한국교통연구원,도로,CSV / ZIP,"['혼잡빈도강도', '행정구역읍면동단위', '평일', '연평균', '2018년', 'View-T', '속도지표']",공공/행정,정책,공공데이터,"['혼잡빈도강도', '행정구역읍면동단위', '평일', '연평균', '2018년', 'View-T', '속도지표']",107.93 KB,-1,110520.0
bigdata-transportation,definition_20090.xlsx,불법 주정차 구간 데이터,불법/주정차 구간 데이터,울산광역시에서 수집되고 있는 불법 주정차 차량 단속 이력 정보,0,컬럼명(한글)|법정동 코드|법정동 주소|기준일자,True,2025-07-15,기준일자-법정동 주소-법정동 코드-컬럼명(한글),울산정보산업진흥원,공간,CSV / ZIP,"['확정단속일시', '확정단속 위도', '확정단속 경도', '법정동 코드', '단속위치', '기준일자', '법정동 주소']",공공/행정,정책,공공데이터,"['확정단속일시', '확정단속 위도', '확정단속 경도', '법정동 코드', '단속위치', '기준일자', '법정동 주소']",1.54 KB,-1,1576.0
bigdata-transportation,definition_20519.xlsx,전기버스충전이력데이터(분기단위),기온/강수량과 충전전력요금 데이터(분기 단위),전기차 충전 당시의 날씨 정보를 포함한 데이터(날씨 정보와 융합),740300,컬럼명(한글)|시도명|시군구명|충전소ID|충전기ID|시작일시|종료일시|소요시간|차량번호|시작SOC|종료SOC|전력사용요금|전력사용요금경부하|전력사용요금중간부하|전력사용요금최대부하|최저기온|최고기온|평균기온|강수량|비고|생산일시,True,2025-07-15,강수량-비고-생산일시-소요시간-시군구명-시도명-시작SOC-시작일시-전력사용요금-전력사용요금경부하-전력사용요금중간부하-전력사용요금최대부하-종료SOC-종료일시-차량번호-최고기온-최저기온-충전기ID-충전소ID-컬럼명(한글)-평균기온,주식회사 펌프킨,융합,CSV / ZIP,"['전기차', '기온', '강수량', '충전', '전력요금']",기타,기타,기타,"['전기차', '기온', '강수량', '충전', '전력요금']",-1,-1,1.0
bigdata-transportation,definition_20506.xlsx,회전방향통계,인천시 스마트교차로 회전방향기준 차종별 교통량 통계,인천시 관내 스마트교차로 영상인식 장치에서 수집된 개별차량 데이터를 접근로별 회전방향 기준으로 집계한 차종별 교통량 통계 데이터(15분 단위),0,컬럼명(한글),True,2025-07-15,컬럼명(한글),인천시청,도로,XLSX / XLSX,"['15분', '교통량', '차로', '스마트교차로', '통계']",데이터분석,빅데이터,데이터,"['15분', '교통량', '차로', '스마트교차로', '통계']",-1,-1,1.0
bigdata-transportation,definition_20208.xlsx,데이터 레이아웃,전국 시군구별 개인사업자의 신용상태,- KCB에 정보등록된 개인사업자의 대표자가 거주하는 주소지를 기반으로 집계한 현황\n  * 사업자의 대표자가 개인인 경우 개인사업자로 판단,1000000,컬럼명(한글)|기준_년월|시군구 코드|성별_코드|연령대_코드|집계인구수|합산 총신용평점,True,2025-07-15,기준_년월-성별_코드-시군구 코드-연령대_코드-집계인구수-컬럼명(한글)-합산 총신용평점,코리아크레딧뷰로,융합,CSV / ZIP,"['거주', '신용', '전국', '거주지', '개인', '개인사업자', '사업자']",기타,기타,기타,"['거주', '신용', '전국', '거주지', '개인', '개인사업자', '사업자']",2.99 KB,-1,3061.0
bigdata-transportation,definition_20227.xlsx,차량용 GPS 원시 데이터,(3월) 차량용 GPS Raw Data(Mobile),"차량에 부착된 아이나비 네비게이션(PND, Mobile)을 통해 수집된 GPS 원시(Raw) 데이터(위도, 경도, 차량, GPS 좌표, 교통량 등)",0,컬럼명(한글)|아이디|시간정보|x위치좌표|y위치좌표|속도|방향각|포인트 \n정확도,True,2025-07-15,x위치좌표-y위치좌표-방향각-속도-시간정보-아이디-컬럼명(한글)-포인트 \n정확도,아이나비시스템즈,도로,CSV / ZIP,"['네비게이션', '아이나비', '경도', 'PND', '위도', '차량', 'Mobile', '교통량', '교통', '차량이동', 'GPS', 'INAVI']",공간/위치,위치기반,위치데이터,"['네비게이션', '아이나비', '경도', 'PND', '위도', '차량', 'Mobile', '교통량', '교통', '차량이동', 'GPS', 'INAVI']",1.23 KB,-1,1259.0
bigdata-transportation,definition_20504.xlsx,접근로통계,인천시 스마트교차로 접근로기준 차종별 교통량 통계,인천시 관내 스마트교차로 영상인식 장치에서 수집된 개별차량 데이터를 접근로 기준으로 집계한 차종별 교통량 통계 데이터(15분 단위),0,컬럼명(한글),True,2025-07-15,컬럼명(한글),인천시청,도로,XLSX / XLSX,"['15분', '교통량', '접근로', '스마트교차로', '통계']",데이터분석,빅데이터,데이터,"['15분', '교통량', '접근로', '스마트교차로', '통계']",-1,-1,1.0
bigdata-transportation,definition_20532.xlsx,테이블정의서,수소버스 운행이력 데이터(분기 단위),전기수소버스에 대한 운행 시 생성된 차량정보 데이터,822550,컬럼명(한글)|운행일시|차량번호|위도|경도|속도|가속도|가속도 페달|순간주행거리|누적주행거리|버스운용시간|주행환경온도|브레이크량|브레이크유무|브레이크압력|총수소충전수|수소누출 탱크1|수소누출 연료공급1|수소누출 스택1|수소누출 탱크2|수소누출 연료공급2|수소누출 스택2|스택전류|스택전압|스택전압 평균|스택전압 최대|스택전압 최대번호|스택전압 보조|연료전지 전체전압|연료전지 최대전압|스택공급공기유량1|스택공급공기유량2|연료공급압력 목표값1|연료공급압력 최대값1|연료공급압력 위치1_1|연료공급압력 위치1_2|연료공급압력 목표값2|연료공급압력 최대값2|연료공급압력 위치2_1|연료공급압력 위치2_2|연료공급밸브 개도량1|연료차단밸브 개도량1|연료공급밸브 개도량2|연료차단밸브 개도량2|연료탱크 압력1|연료탱크 압력2|연료공급라인 압력1|연료공급라인 압력2|연료저장량1|연료저장량2|연료저장량H1|연료저장량H2|연료탱크온도 전방H1|연료탱크온도 중앙H1|연료탱크온도 후방H1|연료탱크온도 전방H2|연료탱크온도 중앙H2|연료탱크온도 후방H2|연료탱크압력 최대H1|연료탱크압력 중간H1|연료탱크압력 최대H2|연료탱크압력 중간H2|수소라인 누출가능성H1|탱크밸브 누출가능성H1|스택냉각온도 입력1|스택냉각온도 출력1|스택냉각온도 입력2|스택냉각온도 출력2|스택에어컴퓨레이셔모터 온도1|스택에어컴퓨레이셔모터 목표속도1|스택에어컴퓨레이셔모터 반응속도1|스택에어컴퓨레이셔모터 온도2|스택에어컴퓨레이셔모터 목표속도2|스택에어컴퓨레이셔모터 반응속도2|수소탱크 저온알람|수소탱크 고온알람|수소탱크 충전알람|수소탱크 과압알람|수소탱크 고압센서 고장|수소탱크 중압센서 고장|수소탱크 온도센서 전방 고장|수소탱크 온도센서 중앙 고장|수소탱크 온도센서 후방 고장|수소탱크충전구 센서 고장|수소탱크밸브 전방 고장|수소탱크밸브 중앙 고장|수소탱크밸브 후방 고장|수소탱크 고장|수소탱크충전구 덮개센서 고장|수소탱크충전구 덮개장치 고장|수소탱크충전알림장치 고장|배터리셀 전압1|배터리팩 온도1|배터리팩 잔량|배터리팩 총충전전력량|배터리팩 총회생전력량|배터리팩 전류증가|배터리팩 충전전압|배터리균형장치 입력전압|배터리균형장치 출력전압|배터리균형장치 입력전류|비고|생산일시,True,2025-07-15,가속도-가속도 페달-경도-누적주행거리-배터리균형장치 입력전류-배터리균형장치 입력전압-배터리균형장치 출력전압-배터리셀 전압1-배터리팩 온도1-배터리팩 잔량-배터리팩 전류증가-배터리팩 총충전전력량-배터리팩 총회생전력량-배터리팩 충전전압-버스운용시간-브레이크량-브레이크압력-브레이크유무-비고-생산일시-속도-수소누출 스택1-수소누출 스택2-수소누출 연료공급1-수소누출 연료공급2-수소누출 탱크1-수소누출 탱크2-수소라인 누출가능성H1-수소탱크 고압센서 고장-수소탱크 고온알람-수소탱크 고장-수소탱크 과압알람-수소탱크 온도센서 전방 고장-수소탱크 온도센서 중앙 고장-수소탱크 온도센서 후방 고장-수소탱크 저온알람-수소탱크 중압센서 고장-수소탱크 충전알람-수소탱크밸브 전방 고장-수소탱크밸브 중앙 고장-수소탱크밸브 후방 고장-수소탱크충전구 덮개센서 고장-수소탱크충전구 덮개장치 고장-수소탱크충전구 센서 고장-수소탱크충전알림장치 고장-순간주행거리-스택공급공기유량1-스택공급공기유량2-스택냉각온도 입력1-스택냉각온도 입력2-스택냉각온도 출력1-스택냉각온도 출력2-스택에어컴퓨레이셔모터 목표속도1-스택에어컴퓨레이셔모터 목표속도2-스택에어컴퓨레이셔모터 반응속도1-스택에어컴퓨레이셔모터 반응속도2-스택에어컴퓨레이셔모터 온도1-스택에어컴퓨레이셔모터 온도2-스택전류-스택전압-스택전압 보조-스택전압 최대-스택전압 최대번호-스택전압 평균-연료공급라인 압력1-연료공급라인 압력2-연료공급밸브 개도량1-연료공급밸브 개도량2-연료공급압력 목표값1-연료공급압력 목표값2-연료공급압력 위치1_1-연료공급압력 위치1_2-연료공급압력 위치2_1-연료공급압력 위치2_2-연료공급압력 최대값1-연료공급압력 최대값2-연료저장량1-연료저장량2-연료저장량H1-연료저장량H2-연료전지 전체전압-연료전지 최대전압-연료차단밸브 개도량1-연료차단밸브 개도량2-연료탱크 압력1-연료탱크 압력2-연료탱크압력 중간H1-연료탱크압력 중간H2-연료탱크압력 최대H1-연료탱크압력 최대H2-연료탱크온도 전방H1-연료탱크온도 전방H2-연료탱크온도 중앙H1-연료탱크온도 중앙H2-연료탱크온도 후방H1-연료탱크온도 후방H2-운행일시-위도-주행환경온도-차량번호-총수소충전수-컬럼명(한글)-탱크밸브 누출가능성H1,주식회사 펌프킨,버스,CSV / ZIP,"['수소차', '수소에너지', '수소탱크', '연료탱크', '수소노출', '수소차특성', '펌프킨']",산업/기술,에너지,신재생에너지,"['수소차', '수소에너지', '수소탱크', '연료탱크', '수소노출', '수소차특성', '펌프킨']",-1,-1,1.0
bigdata-transportation,definition_20432.xlsx,길단위_업종별 점포 수,길단위 일식 음식점 수,도로 형상정보를 중심으로 영업 중인 일식 음식점 수를 집계하여 산출,0,컬럼명(한글)|시도코드|시도명|시군구코드|시군구명|도로명|도로번호|도로길이|점포수|형상정보,True,2025-07-15,도로길이-도로명-도로번호-시군구명-시군구코드-시도명-시도코드-점포수-컬럼명(한글)-형상정보,오픈메이트,융합,"CSV, SHP / ZIP","['길', '도로', '상권', '상권분석', '상가업소', '전국', '소상공인', '지역상권', '일식음식점수']",소비/유통,소비행태,소비트렌드,"['길', '도로', '상권', '상권분석', '상가업소', '전국', '소상공인', '지역상권', '일식음식점수']",299.57 MB,-1,314121912.0
bigdata-transportation,definition_20357.xlsx,차량 주행기록 데이터 관련 차량정보,차량 주행기록 데이터 관련 차량정보,"차량주행 기록 데이터 관련 차량정보(제조사, 모델, 연식, 연료, 배기량 등) 데이터료, 배기량 등) 데이터",0,컬럼명(한글)|자동차_빈|자동차_아이디|자동차_제조사코드|자동차_제조사|자동차_모델코드|자동차_모델|자동차_연식|자동차_연료|자동차_배기량|자동차_오토스탑|차량_글로벌타임|자동차_등록시간|자동차_업로드시간|자동차_업데이트시간|자동차_서버업데이트시간,True,2025-07-15,자동차_등록시간-자동차_모델-자동차_모델코드-자동차_배기량-자동차_빈-자동차_서버업데이트시간-자동차_아이디-자동차_업데이트시간-자동차_업로드시간-자동차_연료-자동차_연식-자동차_오토스탑-자동차_제조사-자동차_제조사코드-차량_글로벌타임-컬럼명(한글),한국도로공사,도로,CSV / ZIP,"['자동차', '제조사', '모델', '연식', '베기량']",데이터분석,빅데이터,데이터,"['자동차', '제조사', '모델', '연식', '베기량']",1.75 KB,-1,1792.0
bigdata-transportation,definition_20138.xlsx,데이터셋 명세서 양식,(5대 도시)주요 관광지 방문자의 세대구성 정보,"강릉, 경주, 부산, 여수, 전주  5개 지자체 관광지에 방문한 외지인을 대상으로 신한카드 라이프스테이지(가족구성) 비율 데이터 입니다.",0,"컬럼명(한글)|지자체명|관광지명|싱글|신혼|영유아,어린이자녀가족|청소년자녀가족|성인자녀가족|실버",True,2025-07-15,"관광지명-성인자녀가족-신혼-실버-싱글-영유아,어린이자녀가족-지자체명-청소년자녀가족-컬럼명(한글)",한국철도공사,철도,XLSX / ZIP,"['철도', '관광', '관광객', '세대구성', '5대 도시']",공간/위치,관광,관광지,"['철도', '관광', '관광객', '세대구성', '5대 도시']",17.97 KB,-1,18401.0
bigdata-transportation,definition_20228.xlsx,차량용 GPS 원시 데이터,(4월) 차량용 GPS Raw Data(Mobile),"차량에 부착된 아이나비 네비게이션(PND, Mobile)을 통해 수집된 GPS 원시(Raw) 데이터(위도, 경도, 차량, GPS 좌표, 교통량 등)",0,컬럼명(한글)|아이디|시간정보|x위치좌표|y위치좌표|속도|방향각|포인트 \n정확도,True,2025-07-15,x위치좌표-y위치좌표-방향각-속도-시간정보-아이디-컬럼명(한글)-포인트 \n정확도,아이나비시스템즈,도로,CSV / ZIP,"['네비게이션', '아이나비', '경도', 'PND', '위도', '차량', 'Mobile', '교통량', '교통', '차량이동', 'GPS', 'INAVI']",공간/위치,위치기반,위치데이터,"['네비게이션', '아이나비', '경도', 'PND', '위도', '차량', 'Mobile', '교통량', '교통', '차량이동', 'GPS', 'INAVI']",1.25 KB,-1,1280.0
bigdata-transportation,definition_20224.xlsx,차량용 GPS 원시 데이터,(주말) 차량용 GPS Raw Data(Mobile),"차량에 부착된 아이나비 네비게이션(PND, Mobile)을 통해 수집된 GPS 원시(Raw) 데이터(위도, 경도, 차량, GPS 좌표, 교통량 등)",0,컬럼명(한글)|아이디|시간정보|x위치좌표|y위치좌표|속도|방향각|포인트 \n정확도,True,2025-07-15,x위치좌표-y위치좌표-방향각-속도-시간정보-아이디-컬럼명(한글)-포인트 \n정확도,아이나비시스템즈,도로,CSV / ZIP,"['네비게이션', '아이나비', '경도', 'PND', '위도', '차량', 'Mobile', '교통량', '교통', '차량이동', 'GPS', 'INAVI']",공간/위치,위치기반,위치데이터,"['네비게이션', '아이나비', '경도', 'PND', '위도', '차량', 'Mobile', '교통량', '교통', '차량이동', 'GPS', 'INAVI']",1.25 KB,-1,1280.0
bigdata-transportation,definition_20461.xlsx,프랜차이즈 카페 인력운용현황(1년),프랜차이즈 카페 인력운용현황(1년),"프랜차이즈 카페(아티제)의 년간 근태현황을 파악할 수 있는 데이터(근무일, 근무시간, 휴식시간 등)",10920000,컬럼명(한글)|주소|상권|성별|근태일자|요일|근태유형|직위명|직무|출근시간|퇴근시간|휴게시간_외출|외출시작|외출종료|정상근무시간|연장근무시간_분단위|야간근무시간_분단위,True,2025-07-15,근태유형-근태일자-상권-성별-야간근무시간_분단위-연장근무시간_분단위-외출시작-외출종료-요일-정상근무시간-주소-직무-직위명-출근시간-컬럼명(한글)-퇴근시간-휴게시간_외출,대한제분㈜,일반·기타,CSV / ZIP,"['아티제', '카페', '베이커리', '디저트', '음료', '프랜차이즈', '커피', '빵', '브런치카페', '케이크', '음식', '1년', '인력', '인력운용', '아르바이트', '정규직', '근무', '근무시간', '스케줄', '시간', '근태', '출근', '퇴근']",소비/유통,소비행태,마케팅,"['아티제', '카페', '베이커리', '디저트', '음료', '프랜차이즈', '커피', '빵', '브런치카페', '케이크', '음식', '1년', '인력', '인력운용', '아르바이트', '정규직', '근무', '근무시간', '스케줄', '시간', '근태', '출근', '퇴근']",2.75 KB,-1,2816.0
bigdata-transportation,definition_20229.xlsx,차량용 GPS 원시 데이터,(5월) 차량용 GPS Raw Data(Mobile),"차량에 부착된 아이나비 네비게이션(PND, Mobile)을 통해 수집된 GPS 원시(Raw) 데이터(위도, 경도, 차량, GPS 좌표, 교통량 등)",0,컬럼명(한글)|아이디|시간정보|x위치좌표|y위치좌표|속도|방향각|포인트 \n정확도,True,2025-07-15,x위치좌표-y위치좌표-방향각-속도-시간정보-아이디-컬럼명(한글)-포인트 \n정확도,아이나비시스템즈,도로,CSV / ZIP,"['네비게이션', '아이나비', '경도', 'PND', '위도', '차량', 'Mobile', '교통량', '교통', '차량이동', 'GPS', 'INAVI']",공간/위치,위치기반,위치데이터,"['네비게이션', '아이나비', '경도', 'PND', '위도', '차량', 'Mobile', '교통량', '교통', '차량이동', 'GPS', 'INAVI']",1.24 KB,-1,1269.0
bigdata-transportation,definition_20541.xlsx,15.VDS기반고속도로지점별교통소통통계데이터(1개월단위),VDS기반 고속도로 지점별 교통 소통 통계 데이터(1개월 단위),"고속도로 노선상에 설치된 차량감지장치(VDS)에 의해 VDS지점별, 차로유형별, 교통량 및 점유율, 평균속도에 대해 1개월 단위로 통계 생성된 교통 데이터",0,컬럼명(한글)|집계년월|VDS_ID|차로유형구분코드|교통량|점유율|평균속도|정상건수|보정건수|최종변경시각,True,2025-07-15,VDS_ID-교통량-보정건수-점유율-정상건수-집계년월-차로유형구분코드-최종변경시각-컬럼명(한글)-평균속도,,일반·기타,CSV / ZIP,[],소비/유통,상품,물류,[],-1,-1,1.0
bigdata-transportation,definition_20545.xlsx,테이블정의서,전기버스 충전이력 데이터(분기 단위),"전기버스의 충전에 대한 이력, 지역별 충전에 사용한 전력사용량 기준의 분기별 충전 데이터(전기차 충전기에서 생성된 원시데이터)",740300,컬럼명(한글)|충전일시|충전소ID|충전기ID|시도코드|시군구코드|시도명|시군구명|충전소명|위도|경도|충전구분|충전방식|시작일시|종료일시|시작SOC|종료SOC|SOC충전량|전력사용량|충전시간|전력사용량(경부하)|전력사용량(중간부하)|전력사용량(최대부하)|비고|생산일시,True,2025-07-15,SOC충전량-경도-비고-생산일시-시군구명-시군구코드-시도명-시도코드-시작SOC-시작일시-위도-전력사용량-전력사용량(경부하)-전력사용량(중간부하)-전력사용량(최대부하)-종료SOC-종료일시-충전구분-충전기ID-충전방식-충전소ID-충전소명-충전시간-충전일시-컬럼명(한글),주식회사 펌프킨,버스,CSV / ZIP,"['전기차', '전기버스', '충전이력', '지역별', '충전전력', '펌프킨', '최대부하', '충전인프라']",데이터분석,빅데이터,데이터,"['전기차', '전기버스', '충전이력', '지역별', '충전전력', '펌프킨', '최대부하', '충전인프라']",6.12 KB,-1,6266.0
bigdata-transportation,definition_20166.xlsx,데이터셋 명세서 양식,대전시 VKT VHT 데이터(교통수요예측),"대전 시내 노선별 교통 수요 예측 데이터로서 요일,일자,시간,노선방향,구간연장,통행시간,교통량,VKT,VHT 데이터",0,컬럼명(한글)|일자_ID|주요_도로_ID|요일_구분|노선_방향|구간_길이|구간_통행_시간|교통량|VKT|VHT|VKT_률|VHT_률|ETL_유형|ETL_DATE,True,2025-07-15,ETL_DATE-ETL_유형-VHT-VHT_률-VKT-VKT_률-교통량-구간_길이-구간_통행_시간-노선_방향-요일_구분-일자_ID-주요_도로_ID-컬럼명(한글),대전시청,도로,CSV / ZIP,"['요일', '일자', '시간', '노선방향', '구간연장', '통행시간', '교통량', 'VKT', 'VHT 데이터']",데이터분석,빅데이터,빅데이터,"['요일', '일자', '시간', '노선방향', '구간연장', '통행시간', '교통량', 'VKT', 'VHT 데이터']",64.58 KB,-1,66129.0
bigdata-transportation,definition_20209.xlsx,데이터 레이아웃,전국 시군구별 개인사업자의 월환산 소득 통계,- KCB에 정보등록된 개인사업자의 대표자가 거주하는 주소지를 기반으로 집계한 현황\n  * 사업자의 대표자가 개인인 경우 개인사업자로 판단,1000000,컬럼명(한글)|기준_년월|시군구 코드|성별_코드|연령대_코드|집계인구수|합산 월평균총소득합계,True,2025-07-15,기준_년월-성별_코드-시군구 코드-연령대_코드-집계인구수-컬럼명(한글)-합산 월평균총소득합계,코리아크레딧뷰로,융합,CSV / ZIP,"['전국', '개인사업자', '개인', '사업자', '소득', '월별', '월', '통계', '신용', '수도권', '거주지']",기타,기타,기타,"['전국', '개인사업자', '개인', '사업자', '소득', '월별', '월', '통계', '신용', '수도권', '거주지']",3.06 KB,-1,3133.0
bigdata-transportation,definition_20535.xlsx,테이블정의서,전기버스 배터리상태 이력 데이터(분기 단위),전기버스의 충전 시 배터리상태 데이터(전기차 충전기에서 생성된 원시데이터),849900,컬럼명(한글)|차량번호|충전일시|차량제조사|차량모델|출고일자|배터리용량|배터리전압|배터리팩수|SOC|공급전압|공급전류|비고|생산일시,True,2025-07-15,SOC-공급전류-공급전압-배터리용량-배터리전압-배터리팩수-비고-생산일시-차량모델-차량번호-차량제조사-출고일자-충전일시-컬럼명(한글),주식회사 펌프킨,버스,CSV / ZIP,"['전기차', '전기버스', '차량번호', '차량배터리상태', '차량정보', '배터리정보', '평균공급전압', '평균공급전류', '펌프킨']",산업/기술,IT기술,IoT,"['전기차', '전기버스', '차량번호', '차량배터리상태', '차량정보', '배터리정보', '평균공급전압', '평균공급전류', '펌프킨']",-1,-1,1.0
bigdata-transportation,definition_20496.xlsx,병원동행서비스 이용 데이터,병원동행서비스 이용 데이터,"서울, 경기, 인천, 대전, 대구, 광주, 부산 지역 병원동행이 필요한 교통약자의 동행서비스 예약시점, 내원일시, 픽업요청 시간 및 위치, 이용병원 데이터",0,컬럼명(한글)|타임스탬프|방문하실 병원|픽업할 장소|병원동행서비스 예약날짜를 선택해주세요|병원동행서비스 픽업시간을 선택해주세요,True,2025-07-15,방문하실 병원-병원동행서비스 예약날짜를 선택해주세요-병원동행서비스 픽업시간을 선택해주세요-컬럼명(한글)-타임스탬프-픽업할 장소,한국도로공사,일반·기타,CSV / ZIP,['병원동행서비스'],공간/위치,인구이동,서비스인구,['병원동행서비스'],1.11 KB,-1,1136.0
bigdata-transportation,definition_20500.xlsx,전기차 주행 이력,GPS 기반 전기차 주행 Raw 데이터(1개월 단위),모바일 GPS 기반 전기차의 주행 데이터 (1개월 단위),5000000,컬럼명(한글)|로그 일시|로그 아이디|X좌표|Y좌표|주행일시|경로 그룹 ID,True,2025-07-15,X좌표-Y좌표-경로 그룹 ID-로그 아이디-로그 일시-주행일시-컬럼명(한글),스칼라데이터,도로,CSV / ZIP,"['스칼라데이터', '모두의충전', 'GPS', '교통량', 'Mobile', '위도', '경도', '차량이동']",공간/위치,위치기반,위치데이터,"['스칼라데이터', '모두의충전', 'GPS', '교통량', 'Mobile', '위도', '경도', '차량이동']",6.34 KB,-1,6492.0
bigdata-transportation,definition_20420.xlsx,추정교통량_행정구역_읍면동단위,추정교통량_행정구역_읍면동단위,"추정교통량은 관측교통량과 내비게이션 데이터를 이용하여 미관측 도로의 교통량을 추정하는 알고리즘을 통해 추정된 교통량으로 도로를 주행하는 차량의 수를 의미하며, 읍면동 경계로 구분된 데이터로 단위는 대/일",0,컬럼명(한글)|시도코드|시군구코드|읍면동코드|주_유형|전체_추정교통량|승용차_추정교통량|버스_추정교통량|화물차_추정교통량,True,2025-07-15,버스_추정교통량-승용차_추정교통량-시군구코드-시도코드-읍면동코드-전체_추정교통량-주_유형-컬럼명(한글)-화물차_추정교통량,한국교통연구원,도로,CSV / ZIP,"['View-T', '교통량지표', '추정교통량', '차량모빌리티기반교통량', '차종구분', '연평균', '행정구역 읍면동단위']",공간/위치,위치기반,위치데이터,"['View-T', '교통량지표', '추정교통량', '차량모빌리티기반교통량', '차종구분', '연평균', '행정구역 읍면동단위']",161.36 KB,-1,165232.0
bigdata-transportation,definition_20167.xlsx,데이터셋 명세서 양식,대전시 가변정보표지판(VMS) 소통 패턴 비교 데이터,"대전 시내 가변정보표지판 표출정보 데이터로서 요일,일자,시간,VMS,링크ID,정보표출범위,수집건수,구간통행속도,패턴통행속도 데이터",0,컬럼명(한글)|일자_ID|시_ID|분_ID|요일_구분|VMS_ID|VMS_LINK_ID|링크_ID|VMS_정보_표출_범위|수집_건수|구간_통행속도_5분|패턴_통행속도_5분,True,2025-07-15,VMS_ID-VMS_LINK_ID-VMS_정보_표출_범위-구간_통행속도_5분-링크_ID-분_ID-수집_건수-시_ID-요일_구분-일자_ID-컬럼명(한글)-패턴_통행속도_5분,대전시청,도로,CSV / ZIP,"['요일', '일자', '시간', 'VMS', '링크ID', '정보표출범위', '수집건수', '구간통행속도', '패턴통행속도', '속도오차']",공공/행정,정책,공공데이터,"['요일', '일자', '시간', 'VMS', '링크ID', '정보표출범위', '수집건수', '구간통행속도', '패턴통행속도', '속도오차']",223.81 MB,-1,234681794.0
bigdata-transportation,definition_20196.xlsx,데이터 레이아웃,전국 6대 광역시 외국인 거주 현황,"- KCB에 정보등록된 국내금융회사와 신용거래 중인 외국인 관련 통계성 상품\n  * 일반 거주 외국인이 아닌 금융회사와 직접적인 신용거래(대출, 카드 등)한 외국인만을 대상으로 하며 해당 외국인의 거주지 주소를 기반으로 함",1000000,컬럼명(한글)|기준_년월|지역구분 범위코드|성별_코드|연령대_코드|집계인구수,True,2025-07-15,기준_년월-성별_코드-연령대_코드-지역구분 범위코드-집계인구수-컬럼명(한글),코리아크레딧뷰로,융합,CSV / ZIP,"['외국인', '외국', '해외', '거주', '신용', '부산', '대구', '인천', '대전', '울산', '광주', '6대도시', '광역시', '거주지']",공간/위치,인구이동,주거인구,"['외국인', '외국', '해외', '거주', '신용', '부산', '대구', '인천', '대전', '울산', '광주', '6대도시', '광역시', '거주지']",1.35 KB,-1,1382.0
bigdata-transportation,definition_20460.xlsx,와인 판매매출(1개월 단위),와인 판매매출 데이터(1년),"비티스의 월간 온/오프라인 판매 매출 데이터(결제일시, 연령대, 성별, 품목, 금액, 결제수단, 와인 원산지 정보 등)",1235000,컬럼명(한글)|픽업일자|결제일시_년|결제일시_월|결제일시_일|결제일시_시간대|결제요일|영수증번호|매출구분|구매처|연령대|성별|품목분류|구매수량|제품단가대|결제수단|품목할인여부|주문할인여부(쿠폰 등)|국가|지역|빈티지|규격|알코올도수|등급|포도품종|와인종류,True,2025-07-15,결제수단-결제요일-결제일시_년-결제일시_시간대-결제일시_월-결제일시_일-구매수량-구매처-국가-규격-등급-매출구분-빈티지-성별-알코올도수-연령대-영수증번호-와인종류-제품단가대-주문할인여부(쿠폰 등)-지역-컬럼명(한글)-포도품종-품목분류-품목할인여부-픽업일자,대한제분㈜,일반·기타,CSV / ZIP,"['비티스', '와인', '레드와인', '화이트와인', '로제와인', '스파클링와인', '원산지', '와이너리', '1년', '영업', '매출', '판매', '결제', '연령', '성별']",소비/유통,상품,판매,"['비티스', '와인', '레드와인', '화이트와인', '로제와인', '스파클링와인', '원산지', '와이너리', '1년', '영업', '매출', '판매', '결제', '연령', '성별']",5.20 KB,-1,5324.0
bigdata-transportation,definition_20238.xlsx,차량용 GPS 원시 데이터,(평일) 차량용 GPS Raw Data(PND),"차량에 부착된 아이나비 네비게이션(PND, Mobile)을 통해 수집된 GPS 원시(Raw) 데이터(위도, 경도, 차량, GPS 좌표, 교통량 등)",0,컬럼명(한글)|아이디|시간정보|x위치좌표|y위치좌표|속도|방향각|포인트 \n정확도,True,2025-07-15,x위치좌표-y위치좌표-방향각-속도-시간정보-아이디-컬럼명(한글)-포인트 \n정확도,아이나비시스템즈,도로,CSV / ZIP,"['네비게이션', '아이나비', '경도', 'PND', '위도', '차량', 'Mobile', '교통량', '교통', '차량이동', 'GPS', 'INAVI']",공간/위치,위치기반,위치데이터,"['네비게이션', '아이나비', '경도', 'PND', '위도', '차량', 'Mobile', '교통량', '교통', '차량이동', 'GPS', 'INAVI']",1.22 KB,-1,1249.0
bigdata-transportation,definition_20521.xlsx,전기버스충전이력데이터(분기단위),개방충전소(택시) 사용전력  데이터(분기 단위),전기차 충전 데이터 중 개방충전소의 택시에 대한 충전 시 사용전력 정보,740300,컬럼명(한글)|충전소ID|충전기ID|충전건ID|차량번호|소요시간|시작일시|종료일시|시작SOC|종료SOC|전력사용량|전력사용량(경부하)|전력사용량(중간부하)|전력사용량(최대부하)|비고|생산일시,True,2025-07-15,비고-생산일시-소요시간-시작SOC-시작일시-전력사용량-전력사용량(경부하)-전력사용량(중간부하)-전력사용량(최대부하)-종료SOC-종료일시-차량번호-충전건ID-충전기ID-충전소ID-컬럼명(한글),주식회사 펌프킨,융합,CSV / ZIP,"['전기차', '택시', 'SOC', '전력사용량', '경부하', '중간부하', '최대부하']",기타,기타,기타,"['전기차', '택시', 'SOC', '전력사용량', '경부하', '중간부하', '최대부하']",-1,-1,1.0
bigdata-transportation,definition_20134.xlsx,행정구역_경계_행정구역 읍면동단위,행정구역_경계_읍면동단위,통계청 통계지리정보서비스에서 제공하고 있는 행정경계 데이터로 ITRF2000 좌표계 기준,0,컬럼명(한글)|존_ID|읍면동 명칭|행정구역 명칭|시도 코드|시군구 코드|X좌표|Y좌표|면적,True,2025-07-15,X좌표-Y좌표-면적-시군구 코드-시도 코드-읍면동 명칭-존_ID-컬럼명(한글)-행정구역 명칭,한국교통연구원,공간,SHP / ZIP,"['행정구역', 'shp', 'GIS', 'View-T', '2018년', '네트워크']",공간/위치,위치기반,위치데이터,"['행정구역', 'shp', 'GIS', 'View-T', '2018년', '네트워크']",89.88 MB,-1,94246010.0
bigdata-transportation,definition_20550.xlsx,테이블정의서,기온/강수량과 충전전력사용전력량 데이터(분기 단위),전기차 충전 당시의 날씨 정보를 포함한 데이터(날씨 정보와 융합),740300,컬럼명(한글)|시도명|시군구명|충전소ID|충전기ID|시작일시|종료일시|소요시간|차량번호|시작SOC|종료SOC|전력사용량|전력사용량경부하|전력사용량중간부하|전력사용량최대부하|최저기온|최고기온|평균기온|강수량|비고|생산일시,True,2025-07-15,강수량-비고-생산일시-소요시간-시군구명-시도명-시작SOC-시작일시-전력사용량-전력사용량경부하-전력사용량중간부하-전력사용량최대부하-종료SOC-종료일시-차량번호-최고기온-최저기온-충전기ID-충전소ID-컬럼명(한글)-평균기온,주식회사 펌프킨,융합,CSV / ZIP,"['전기차', '기온', '강수량', '충전', '전력사용량']",데이터분석,빅데이터,빅데이터,"['전기차', '기온', '강수량', '충전', '전력사용량']",29.27 KB,-1,29972.0
bigdata-transportation,definition_20451.xlsx,15.VDS기반고속도로지점별교통소통통계데이터(1개월단위),프랜차이즈 카페 영업매출 데이터(1개월 단위),"프랜차이즈 카페(아티제)의 POS 판매 매출 정보(주소, 상권, 주문유형, 결제일시, 품목, 판매금액, 할인율, 결제방식 등)",1000000,컬럼명(한글)|주소|상권|매출구분|오더유형명|오더유형상세명|결제시간_년|결제시간_월|결제시간_일|결제시간_시간|요일|품목대분류|품목중분류|품목소분류|총금액|판매수량|할인율|할인가격|할인명|결제분류,True,2025-07-15,결제분류-결제시간_년-결제시간_시간-결제시간_월-결제시간_일-매출구분-상권-오더유형명-오더유형상세명-요일-주소-총금액-컬럼명(한글)-판매수량-품목대분류-품목소분류-품목중분류-할인가격-할인명-할인율,대한제분㈜,일반·기타,CSV / ZIP,"['아티제', '카페', '베이커리', '디저트', '음료', '프랜차이즈', '커피', '빵', '브런치카페', '케이크', '음식', '1개월', '영업', '매출', '판매', '상권', '결제', '할인']",소비/유통,상품,판매,"['아티제', '카페', '베이커리', '디저트', '음료', '프랜차이즈', '커피', '빵', '브런치카페', '케이크', '음식', '1개월', '영업', '매출', '판매', '상권', '결제', '할인']",-1,-1,1.0
bigdata-transportation,definition_20352.xlsx,길단위_업종별 점포 수,길단위 학원 수,도로 형상정보를 중심으로 영업 중인 학원 수를 집계하여 산출,15000000,컬럼명(한글)|시도코드|시도명|시군구코드|시군구명|도로명|도로번호|도로길이|학원 점포수|형상정보,True,2025-07-15,도로길이-도로명-도로번호-시군구명-시군구코드-시도명-시도코드-컬럼명(한글)-학원 점포수-형상정보,오픈메이트,융합,CSV/ SHP / ZIP,"['길', '도로', '상권', '상권분석', '상가업소', '전국', '소상공인', '지역상권', '학원']",공간/위치,인구이동,유동인구,"['길', '도로', '상권', '상권분석', '상가업소', '전국', '소상공인', '지역상권', '학원']",-1,-1,1.0
bigdata-transportation,definition_20556.xlsx,테이블정의서,개방충전소(택시) 사용전력  데이터(분기 단위),전기차 충전 데이터 중 개방충전소의 택시에 대한 충전 시 사용전력 정보,740300,컬럼명(한글)|충전소ID|충전기ID|충전건ID|차량번호|소요시간|시작일시|종료일시|시작SOC|종료SOC|전력사용량|전력사용량(경부하)|전력사용량(중간부하)|전력사용량(최대부하)|비고|생산일시,True,2025-07-15,비고-생산일시-소요시간-시작SOC-시작일시-전력사용량-전력사용량(경부하)-전력사용량(중간부하)-전력사용량(최대부하)-종료SOC-종료일시-차량번호-충전건ID-충전기ID-충전소ID-컬럼명(한글),주식회사 펌프킨,융합,CSV / ZIP,"['전기차', '택시', 'SOC', '전력사용량', '경부하', '중간부하', '최대부하']",기타,기타,기타,"['전기차', '택시', 'SOC', '전력사용량', '경부하', '중간부하', '최대부하']",25.17 KB,-1,25774.0
bigdata-transportation,definition_20350.xlsx,정상시평균속도_행정구역_읍면동단위,정상시평균속도_행정구역_읍면동단위,"정상시평균속도는 내비게이션 데이터를 이용하여 도로를 주행하는 모든 차량들 중 혼잡을 경험하지않은 차량들의 평균속도를 의미하며, 읍면동 경계로 구분된 데이터로 단위는 km/h",0,컬럼명(한글)|시도코드|시군구코드|읍면동코드|주_유형|정상시평균속도,True,2025-07-15,시군구코드-시도코드-읍면동코드-정상시평균속도-주_유형-컬럼명(한글),한국교통연구원,도로,CSV / ZIP,"['행정구역읍면동단위', '평일', '정상시평균속도', 'View-T', '연평균', '속도지표', '2019년']",공공/행정,정책,공공데이터,"['행정구역읍면동단위', '평일', '정상시평균속도', 'View-T', '연평균', '속도지표', '2019년']",-1,-1,1.0
bigdata-transportation,definition_20551.xlsx,테이블정의서,지역별 충전 전력 소모량 데이터(분기 단위),전기차 충전전력 소모량을 지역별로 분류한 데이터(지역 정보와 융합),740300,컬럼명(한글)|시도명|시군구명|충전일시|전력량|전력사용량(경부하)|전력사용량(중간부하)|전력사용량(최대부하)|평균충전SOC|비고|생산일시,True,2025-07-15,비고-생산일시-시군구명-시도명-전력량-전력사용량(경부하)-전력사용량(중간부하)-전력사용량(최대부하)-충전일시-컬럼명(한글)-평균충전SOC,주식회사 펌프킨,융합,CSV / ZIP,"['전기차', '시도', '시군구', '충전', '전력사용량']",공공/행정,지역,지역,"['전기차', '시도', '시군구', '충전', '전력사용량']",12.70 KB,-1,13004.0
bigdata-transportation,definition_20245.xlsx,차량용 GPS 원시 데이터,(6월) 차량용 GPS Raw Data(PND),"차량에 부착된 아이나비 네비게이션(PND, Mobile)을 통해 수집된 GPS 원시(Raw) 데이터(위도, 경도, 차량, GPS 좌표, 교통량 등)",0,컬럼명(한글)|아이디|시간정보|x위치좌표|y위치좌표|속도|방향각|포인트 \n정확도,True,2025-07-15,x위치좌표-y위치좌표-방향각-속도-시간정보-아이디-컬럼명(한글)-포인트 \n정확도,아이나비시스템즈,도로,CSV / ZIP,"['네비게이션', '아이나비', '경도', 'PND', '위도', '차량', 'Mobile', '교통량', '교통', '차량이동', 'GPS', 'INAVI']",공간/위치,위치기반,위치데이터,"['네비게이션', '아이나비', '경도', 'PND', '위도', '차량', 'Mobile', '교통량', '교통', '차량이동', 'GPS', 'INAVI']",1.26 KB,-1,1290.0
bigdata-transportation,definition_20283.xlsx,데이터셋 명세서(주요 상권별 주차장 정보),주요 상권별 주차장 정보,전국 주요 상권 내에 위치한 주차장 정보,0,컬럼명(한글)|상권번호|상권번호 순번|상권명|시군구코드|시군구명|상권내 주차장수|상권내 주차장 순번|주차장 구분|주차장 유형|주차장관리번호|주차장명|주차단위구획수|요금 구분|주차장 경도|주차장 위도|상권별 도형좌표,True,2025-07-15,상권내 주차장 순번-상권내 주차장수-상권명-상권번호-상권번호 순번-상권별 도형좌표-시군구명-시군구코드-요금 구분-주차단위구획수-주차장 경도-주차장 구분-주차장 위도-주차장 유형-주차장관리번호-주차장명-컬럼명(한글),한국부동산원,공간,CSV / ZIP,"['상권', '주차장', '전국', '유동인구', '주차', '단위구획']",공간/위치,인구이동,유동인구,"['상권', '주차장', '전국', '유동인구', '주차', '단위구획']",18.09 MB,-1,18968739.0
bigdata-transportation,definition_20416.xlsx,교통혼잡비용_행정구역_읍면동단위,교통혼잡비용_행정구역_읍면동단위,"교통혼잡비용은 도로에서 교통혼잡으로 인해 발생하는 추가적인 사회적 손실을 산정한 비용을 의미하며, 읍면동 경계로 구분된 데이터로 단위는 원이다.",0,컬럼명(한글)|시도코드|시군구코드|읍면동코드|주_유형|전체_교통혼잡비용|승용차_교통혼잡비용|버스_교통혼잡비용|화물차_교통혼잡비용,True,2025-07-15,버스_교통혼잡비용-승용차_교통혼잡비용-시군구코드-시도코드-읍면동코드-전체_교통혼잡비용-주_유형-컬럼명(한글)-화물차_교통혼잡비용,한국교통연구원,일반·기타,CSV / ZIP,"['View-T', '교통혼잡지표', '교통혼잡비용', '차종구분', '연평균', '행정구역 읍면동단위']",공공/행정,정책,공공데이터,"['View-T', '교통혼잡지표', '교통혼잡비용', '차종구분', '연평균', '행정구역 읍면동단위']",247.95 KB,-1,253900.0
bigdata-transportation,definition_20562.xlsx,테이블정의서,전기차 배터리 충전 공급 전압/전류 데이터(분기 단위),"전기버스 충전기 충전 중의 전압, 전류 변화 데이터",740300,컬럼명(한글)|충전일시|충전소ID|충전기ID|충전건ID|시도코드|시군구코드|시도명|시군구명|시작일시|종료일시|시작SOC|공급전압|공급전류|비고|생산일시,True,2025-07-15,공급전류-공급전압-비고-생산일시-시군구명-시군구코드-시도명-시도코드-시작SOC-시작일시-종료일시-충전건ID-충전기ID-충전소ID-충전일시-컬럼명(한글),주식회사 펌프킨,버스,CSV / ZIP,"['전기차', '전기버스', '차량번호', '차량배터리상태', '차량정보', '베터리정보', '평균공급전압', '평균공급전류', '펌프킨']",산업/기술,IT기술,IoT,"['전기차', '전기버스', '차량번호', '차량배터리상태', '차량정보', '베터리정보', '평균공급전압', '평균공급전류', '펌프킨']",20.52 KB,-1,21012.0
bigdata-transportation,definition_20355.xlsx,차량별 자가진단 데이터,차량별 자가진단 데이터,측정된 차량주행 기록 데이터 관련 차량별 자가진단 데이터(2021년8월 기준),0,컬럼명(한글)|드라이브_키|진단_일시|진단_아이디|진단_프로필아이디|진단_수|진단_차량속도|진단_알피엠|진단_에이피에스|진단_티피에스|진단_알피에스|진단_엠에이에프|진단_연료레벨|진단_토크|진단_엔진부하|진단_단기뱅크1|진단_단기뱅크2|진단_장기뱅크1|진단_장기뱅크2|진단_매니폴드압력|진단_압력|진단_전압|진단_배기가스온도1|진단_배기가스온도2|진단_트러블코드|진단_펜딩코드|진단_펄머넌트코드|진단_냉각수온도|진단_흡기온도|진단_외기온도|진단_오일온도|진단_디피에프|진단_디피에프온도|진단_산소전압뱅크1_1|진단_산소전압뱅크1_2|진단_산소전압뱅크1_3|진단_산소전압뱅크1_4|진단_산소전압뱅크2_1|진단_산소전압뱅크2_2|진단_산소전압뱅크2_3|진단_산소전압뱅크2_4|진단_연료뱅크1_1|진단_연료뱅크1_2|진단_연료뱅크1_3|진단_연료뱅크1_4|진단_연료뱅크2_1|진단_연료뱅크2_2|진단_연료뱅크2_3|진단_연료뱅크2_4|진단_이상유무|진단_하이브리드배터리|진단_타이밍|진단_공연비|진단_증발식퍼지|진단_증기압|진단_글로벌타임|진단_업로드시간|진단_업데이트시간|진단_서버업데이트시간,True,2025-07-15,드라이브_키-진단_공연비-진단_글로벌타임-진단_냉각수온도-진단_단기뱅크1-진단_단기뱅크2-진단_디피에프-진단_디피에프온도-진단_매니폴드압력-진단_배기가스온도1-진단_배기가스온도2-진단_산소전압뱅크1_1-진단_산소전압뱅크1_2-진단_산소전압뱅크1_3-진단_산소전압뱅크1_4-진단_산소전압뱅크2_1-진단_산소전압뱅크2_2-진단_산소전압뱅크2_3-진단_산소전압뱅크2_4-진단_서버업데이트시간-진단_수-진단_아이디-진단_알피에스-진단_알피엠-진단_압력-진단_업데이트시간-진단_업로드시간-진단_에이피에스-진단_엔진부하-진단_엠에이에프-진단_연료레벨-진단_연료뱅크1_1-진단_연료뱅크1_2-진단_연료뱅크1_3-진단_연료뱅크1_4-진단_연료뱅크2_1-진단_연료뱅크2_2-진단_연료뱅크2_3-진단_연료뱅크2_4-진단_오일온도-진단_외기온도-진단_이상유무-진단_일시-진단_장기뱅크1-진단_장기뱅크2-진단_전압-진단_증기압-진단_증발식퍼지-진단_차량속도-진단_타이밍-진단_토크-진단_트러블코드-진단_티피에스-진단_펄머넌트코드-진단_펜딩코드-진단_프로필아이디-진단_하이브리드배터리-진단_흡기온도-컬럼명(한글),한국도로공사,도로,CSV / ZIP,"['자동차', '주행기록', '주행상태 정보']",데이터분석,빅데이터,데이터,"['자동차', '주행기록', '주행상태 정보']",4.79 KB,-1,4904.0
bigdata-transportation,definition_20563.xlsx,테이블정의서,전기차 충전기 대기 전력량 데이터(분기 단위),전기버스 충전기 운영 시에 청구전력량과 실제 충전사용전력량을 비교한 데이터,740300,컬럼명(한글)|충전일시|충전소ID|충전기ID|시도코드|시군구코드|시도명|시군구명|충전전력사용량|청구전력사용량|대기전력량|비고|생산일시,True,2025-07-15,대기전력량-비고-생산일시-시군구명-시군구코드-시도명-시도코드-청구전력사용량-충전기ID-충전소ID-충전일시-충전전력사용량-컬럼명(한글),주식회사 펌프킨,버스,CSV / ZIP,"['전기차', '전기버스', '시군구별', '충전소별', '충전전력량', '대기전력', '펌프킨']",공공/행정,정책,공공데이터,"['전기차', '전기버스', '시군구별', '충전소별', '충전전력량', '대기전력', '펌프킨']",16.11 KB,-1,16496.0
bigdata-transportation,definition_20413.xlsx,혼잡빈도강도_행정구역_읍면동단위,혼잡빈도강도_행정구역_읍면동단위,"혼잡빈도강도는 도로를 주행하는 모든 차량 대수 중 혼잡을 경험한 차량 대수 비율을 의미하며, 읍면동 경계로 구분된 데이터로 단위는 %",0,컬럼명(한글)|시도코드|시군구코드|읍면동코드|주_유형|혼잡빈도강도,True,2025-07-15,시군구코드-시도코드-읍면동코드-주_유형-컬럼명(한글)-혼잡빈도강도,한국교통연구원,도로,CSV / ZIP,"['View-T', '교통혼잡지표', '혼잡빈도강도', '혼잡강도', '연평균', '행정구역 읍면동 단위']",공공/행정,정책,공공데이터,"['View-T', '교통혼잡지표', '혼잡빈도강도', '혼잡강도', '연평균', '행정구역 읍면동 단위']",117.80 KB,-1,120627.0
bigdata-transportation,definition_20483.xlsx,성연령별 유동인구 데이터,성/연령별 유동인구 데이터,"서울지역 50cm*50cm cell기준 상주/비상주인구의 보행인구 집계, cell 단위 유동량이 밀집되는 지역 및 시간대를 확인할 수 있는 중복 카운팅을 허용한 데이터",0,컬럼명(한글)|기준년월|X좌표|Y좌표|남자10대미만 유동인구|남자20대 유동인구|남자30대 유동인구|남자40대 유동인구|남자50대 유동인구|남자60대이상 유동인구|여자10대미만 유동인구|여자20대 유동인구|여자30대 유동인구|여자40대 유동인구|여자50대 유동인구|여자60대이상 유동인구,True,2025-07-15,X좌표-Y좌표-기준년월-남자10대미만 유동인구-남자20대 유동인구-남자30대 유동인구-남자40대 유동인구-남자50대 유동인구-남자60대이상 유동인구-여자10대미만 유동인구-여자20대 유동인구-여자30대 유동인구-여자40대 유동인구-여자50대 유동인구-여자60대이상 유동인구-컬럼명(한글),한국도로공사,시설·안전,CSV / ZIP,['유동인구'],공간/위치,인구이동,유동인구,['유동인구'],1.16 KB,-1,1187.0
bigdata-transportation,definition_20285.xlsx,자전거 통행 안정성 지수,자전거 통행 안정성 지수,도로 형상정보를 중심으로 편의·교통 시설 등의 정보를 활용하여 자전거 통행 안정성 지수를 도출,0,컬럼명(한글)|시도코드|시도명|시군구코드|시군구명|도로명|도로번호|도로길이|지수|형상정보,True,2025-07-15,도로길이-도로명-도로번호-시군구명-시군구코드-시도명-시도코드-지수-컬럼명(한글)-형상정보,오픈메이트,융합,"CSV, SHP / ZIP","['길', '도로', '교통', '자전거', '안정성', '지수', '전국']",공공/행정,정책,공공데이터,"['길', '도로', '교통', '자전거', '안정성', '지수', '전국']",299.85 MB,-1,314415513.0
bigdata-transportation,definition_20527.xlsx,전기버스충전이력데이터(분기단위),전기버스 노선 운영지표 데이터(분기 단위),노선의 정류장별 이용현황을 볼 수 있는 운영지표 데이터,740300,컬럼명(한글)|운행일자|시간대|이용자유형|노선ID|노선번호|정류장번호|정류장ID|정류장명|이용량|혼잡도|탑승인원|비고|생산일시,True,2025-07-15,노선ID-노선번호-비고-생산일시-시간대-운행일자-이용량-이용자유형-정류장ID-정류장명-정류장번호-컬럼명(한글)-탑승인원-혼잡도,주식회사 펌프킨,버스,CSV / ZIP,"['전기차', '전기버스', '이용량', '혼잡도', '탑승인원', '펌프킨']",공간/위치,인구이동,유동인구,"['전기차', '전기버스', '이용량', '혼잡도', '탑승인원', '펌프킨']",-1,-1,1.0
bigdata-transportation,definition_20177.xlsx,데이터셋 명세서 양식,대전시 도시철도 1시간 이용자 데이터,"대전 시내 일자별 도시철도 이용자 데이터로서 일자,시간,도시철도역ID,교차로명,교통량,방향별 교통량,차량별 교통량 데이터",0,컬럼명(한글)|일자_ID|시_ID|도시철도역ID|사용자_유형|승차인원수|하차인원수|환승인원수|선후불 교통카드 승차인원|무임 승차인원|ETL_유형|ETL_DATE,True,2025-07-15,ETL_DATE-ETL_유형-도시철도역ID-무임 승차인원-사용자_유형-선후불 교통카드 승차인원-승차인원수-시_ID-일자_ID-컬럼명(한글)-하차인원수-환승인원수,대전시청,철도,CSV / ZIP,"['일자', '시간', '도시철도역ID', '교차로명', '교통량', '차량별 교통량']",공간/위치,인구이동,유동인구,"['일자', '시간', '도시철도역ID', '교차로명', '교통량', '차량별 교통량']",1.04 MB,-1,1090519.0
bigdata-transportation,definition_20395.xlsx,교통혼잡비용_행정구역_읍면동단위,교통혼잡비용_행정구역_읍면동단위,"교통혼잡비용은 도로에서 교통혼잡으로 인해 발생하는 추가적인 사회적 손실을 산정한 비용을 의미하며, 읍면동 경계로 구분된 데이터로 단위는 원이다.",0,컬럼명(한글)|시도코드|시군구코드|읍면동코드|주_유형|전체_교통혼잡비용|승용차_교통혼잡비용|버스_교통혼잡비용|화물차_교통혼잡비용,True,2025-07-15,버스_교통혼잡비용-승용차_교통혼잡비용-시군구코드-시도코드-읍면동코드-전체_교통혼잡비용-주_유형-컬럼명(한글)-화물차_교통혼잡비용,한국교통연구원,일반·기타,CSV / ZIP,"['View-T', '교통혼잡지표', '교통혼잡비용', '차종구분', '연평균', '행정구역 읍면동단위']",공공/행정,정책,공공데이터,"['View-T', '교통혼잡지표', '교통혼잡비용', '차종구분', '연평균', '행정구역 읍면동단위']",218.57 KB,-1,223815.0
bigdata-transportation,definition_20231.xlsx,차량용 GPS 원시 데이터,(7월) 차량용 GPS Raw Data(Mobile),"차량에 부착된 아이나비 네비게이션(PND, Mobile)을 통해 수집된 GPS 원시(Raw) 데이터(위도, 경도, 차량, GPS 좌표, 교통량 등)",0,컬럼명(한글)|아이디|시간정보|x위치좌표|y위치좌표|속도|방향각|포인트 \n정확도,True,2025-07-15,x위치좌표-y위치좌표-방향각-속도-시간정보-아이디-컬럼명(한글)-포인트 \n정확도,아이나비시스템즈,도로,CSV / ZIP,"['네비게이션', '아이나비', '경도', 'PND', '위도', '차량', 'Mobile', '교통량', '교통', '차량이동', 'GPS', 'INAVI']",공간/위치,위치기반,위치데이터,"['네비게이션', '아이나비', '경도', 'PND', '위도', '차량', 'Mobile', '교통량', '교통', '차량이동', 'GPS', 'INAVI']",1.24 KB,-1,1269.0
bigdata-transportation,definition_20567.xlsx,테이블정의서,전기버스 충전요금이력 데이터(분기 단위),전기버스의 충전에 사용한 전력사용량의 요금에 대한 분기별 충전 데이터(전기차 충전기에서 생성된 원시데이터),849900,컬럼명(한글)|충전일시|충전소ID|충전기ID|시도코드|시군구코드|시도명|시군구명|충전소명|위도|경도|충전구분|충전방식|시작일시|종료일시|시작SOC|종료SOC|SOC충전량|전력사용량|전력사용요금|전력사용요금(경부하)|전력사용요금(중간부하)|전력사용요금(최대부하)|비고|생산일시,True,2025-07-15,SOC충전량-경도-비고-생산일시-시군구명-시군구코드-시도명-시도코드-시작SOC-시작일시-위도-전력사용량-전력사용요금-전력사용요금(경부하)-전력사용요금(중간부하)-전력사용요금(최대부하)-종료SOC-종료일시-충전구분-충전기ID-충전방식-충전소ID-충전소명-충전일시-컬럼명(한글),주식회사 펌프킨,버스,CSV / ZIP,"['전기차', '전기버스', '충전이력', '지역별', '충전전력', '펌프킨', '최대부하 사용', '충전인프라']",공공/행정,통계,데이터개방,"['전기차', '전기버스', '충전이력', '지역별', '충전전력', '펌프킨', '최대부하 사용', '충전인프라']",25.79 KB,-1,26408.0
bigdata-transportation,definition_20492.xlsx,국토공간 가치지수_공공,국토공간 가치지수_공공,국토공간 가치지수는 교통ㆍ교육ㆍ생활 등 다양한 목적성을 고려한 공간가치를 재정립하여 최신 데이터 기반에 입지분석을 수행한 결과,0,컬럼명(한글)|PNU|시도 코드|시도 명|시군구 코드|시군구 명|읍면동 코드|읍면동 명|리 코드|리 명|지번|지목|도시공원 지수|산책/등산로 지수|공공도서관 지수|공공 지수,True,2025-07-15,PNU-공공 지수-공공도서관 지수-도시공원 지수-리 명-리 코드-산책/등산로 지수-시군구 명-시군구 코드-시도 명-시도 코드-읍면동 명-읍면동 코드-지목-지번-컬럼명(한글),한국도로공사,융합,CSV / ZIP,"['국토공간가치지수', '공공']",공공/행정,정책,공공데이터,"['국토공간가치지수', '공공']",1.24 KB,-1,1269.0
bigdata-transportation,definition_20220.xlsx,차량용 GPS 원시 데이터,(평일) 차량용 GPS Raw Data(Mobile),"차량에 부착된 아이나비 네비게이션(PND, Mobile)을 통해 수집된 GPS 원시(Raw) 데이터(위도, 경도, 차량, GPS 좌표, 교통량 등)",0,컬럼명(한글)|아이디|시간정보|x위치좌표|y위치좌표|속도|방향각|포인트 \n정확도,True,2025-07-15,x위치좌표-y위치좌표-방향각-속도-시간정보-아이디-컬럼명(한글)-포인트 \n정확도,아이나비시스템즈,도로,CSV / ZIP,"['네비게이션', '아이나비', '경도', 'PND', '위도', '차량', 'Mobile', '교통량', '교통', '차량이동', 'GPS', 'INAVI']",공간/위치,위치기반,위치데이터,"['네비게이션', '아이나비', '경도', 'PND', '위도', '차량', 'Mobile', '교통량', '교통', '차량이동', 'GPS', 'INAVI']",1.25 KB,-1,1280.0
bigdata-transportation,definition_20552.xlsx,테이블정의서,충전사업자 기준 전기택시정보 및 보유현황  데이터(분기 단위),택시운수의 차량 모델 등의 전기차량 보유 현황 정보 데이터,740300,컬럼명(한글)|차량번호|차량모델|사업자ID|차량제조사|최초생산일자|출고일자|비고|생산일시,True,2025-07-15,비고-사업자ID-생산일시-차량모델-차량번호-차량제조사-최초생산일자-출고일자-컬럼명(한글),주식회사 펌프킨,융합,CSV / ZIP,"['전기차', '택시', '차량모델']",데이터분석,빅데이터,데이터,"['전기차', '택시', '차량모델']",5.43 KB,-1,5560.0
bigdata-transportation,definition_20170.xlsx,데이터셋 명세서 양식,대전시 무인감시카메라 관리 데이터,"대전 시내 교통 무인감시카메라 관리 데이터로서 CCTV ID,CCTV 방향,카메라명,경위도좌표,교차로ID 데이터",0,컬럼명(한글)|CCTV ID|CCTV 방향|CCTV 카메라 명|경도 좌표|위도 좌표|교차로 아이디|ETL 유형|ETL_DATE,True,2025-07-15,CCTV ID-CCTV 방향-CCTV 카메라 명-ETL 유형-ETL_DATE-경도 좌표-교차로 아이디-위도 좌표-컬럼명(한글),대전시청,시설·안전,CSV / ZIP,"['CCTV ID', 'CCTV방향', '카메라명', '경위도좌표', '교차로ID']",공공/행정,정책,공공데이터,"['CCTV ID', 'CCTV방향', '카메라명', '경위도좌표', '교차로ID']",15.26 KB,-1,15626.0
bigdata-transportation,definition_20526.xlsx,전기버스충전이력데이터(분기단위),전기버스 노선별 충전이력 데이터(분기 단위),노선을 기준으로 전기버스의 충전이력을 볼 수 있는 데이터,740300,컬럼명(한글)|운행일자|노선ID|노선번호|충전수|SOC충전량|충전전력량|총충전소요시간|비고|생산일시,True,2025-07-15,SOC충전량-노선ID-노선번호-비고-생산일시-운행일자-총충전소요시간-충전수-충전전력량-컬럼명(한글),주식회사 펌프킨,버스,CSV / ZIP,"['전기차', '전기버스 노선번호', '충전수', 'SOC충전량 충전전력량', '총충전소요시간', '펌프킨']",소비/유통,상품,물류,"['전기차', '전기버스 노선번호', '충전수', 'SOC충전량 충전전력량', '총충전소요시간', '펌프킨']",-1,-1,1.0
bigdata-transportation,definition_20490.xlsx,국토공간 가치지수_교통,국토공간 가치지수_교통,국토공간 가치지수는 교통ㆍ교육ㆍ생활 등 다양한 목적성을 고려한 공간가치를 재정립하여 최신 데이터 기반에 입지분석을 수행한 결과,0,컬럼명(한글)|PNU|시도 코드|시도 명|시군구 코드|시군구 명|읍면동 코드|읍면동 명|리 코드|리 명|지번|지목|지하철입구 지수|버스정류장 지수|IC 지수|교통 지수,True,2025-07-15,IC 지수-PNU-교통 지수-리 명-리 코드-버스정류장 지수-시군구 명-시군구 코드-시도 명-시도 코드-읍면동 명-읍면동 코드-지목-지번-지하철입구 지수-컬럼명(한글),한국도로공사,융합,CSV / ZIP,"['국토공간가치지수', '교통']",공간/위치,위치기반,위치데이터,"['국토공간가치지수', '교통']",1.23 KB,-1,1259.0
bigdata-transportation,definition_20176.xlsx,데이터셋 명세서 양식,대전시 무인감시카메라 월별 이력 데이터,"대전 시내 무인감시카메라 이력 데이터로서 년월ID,교차로ID,교차로명,교통량,방향별 교통량,차량별 교통량 데이터",0,컬럼명(한글)|년월_ID|교차로_ID|교차로_명|교통량|직진_교통량|좌회전_교통량|우회전_교통량|유턴_교통량|오토바이_교통량|승용차_교통량|SUV_교통량|VAN_교통량|트럭_교통량|버스_교통량|ETL_유형|ETL_DATE,True,2025-07-15,ETL_DATE-ETL_유형-SUV_교통량-VAN_교통량-교차로_ID-교차로_명-교통량-년월_ID-버스_교통량-승용차_교통량-오토바이_교통량-우회전_교통량-유턴_교통량-좌회전_교통량-직진_교통량-컬럼명(한글)-트럭_교통량,대전시청,시설·안전,CSV / ZIP,"['년월ID', '교차로ID', '교차로명', '교통량', '방향별 교통량', '차량별 교통량']",공공/행정,정책,공공데이터,"['년월ID', '교차로ID', '교차로명', '교통량', '방향별 교통량', '차량별 교통량']",15.75 KB,-1,16128.0
bigdata-transportation,definition_20361.xlsx,차량 상세주행기록 데이터,차량 상세주행기록 데이터,"차량 주행기록 데이터(TB_RECDRV_{yymmdd}) 건별 상세주행 기록 관련 데이터(시간, 속력, rpm, 연행 기록 관련 데이터(시간, 속력, rpm, 연료레벨, 엔진부하, 온도, 기압 등)",0,컬럼명(한글)|상세주행기록_키|상세주행기록_실시간 시간|상세주행기록_속력|상세주행기록_에이피에스|상세주행기록_티피에스|상세주행기록_알피에스|상세주행기록_연료레벨|상세주행기록_토크|상세주행기록_엔진부하|상세주행기록_매니폴드압력|상세주행기록_냉각수온도|상세주행기록_오일온도|상세주행기록_대기온도|상세주행기록_기압|상세주행기록_하이브리드충전량|상세주행기록_디피에프|상세주행기록_디피에프온도|상세주행기록_흡기온도|상세주행기록_배기가스온도1|상세주행기록_배기가스온도2|상세주행기록_업로드시간|상세주행기록_배터리 전압|상세주행기록_자이로,True,2025-07-15,상세주행기록_기압-상세주행기록_냉각수온도-상세주행기록_대기온도-상세주행기록_디피에프-상세주행기록_디피에프온도-상세주행기록_매니폴드압력-상세주행기록_배기가스온도1-상세주행기록_배기가스온도2-상세주행기록_배터리 전압-상세주행기록_속력-상세주행기록_실시간 시간-상세주행기록_알피에스-상세주행기록_업로드시간-상세주행기록_에이피에스-상세주행기록_엔진부하-상세주행기록_연료레벨-상세주행기록_오일온도-상세주행기록_자이로-상세주행기록_키-상세주행기록_토크-상세주행기록_티피에스-상세주행기록_하이브리드충전량-상세주행기록_흡기온도-컬럼명(한글),한국도로공사,도로,CSV / ZIP,"['자동차', '주행기록', '차량상태']",산업/기술,IT기술,IoT,"['자동차', '주행기록', '차량상태']",2.55 KB,-1,2611.0
bigdata-transportation,definition_20376.xlsx,혼잡시평균속도_행정구역_읍면동단위,혼잡시평균속도_행정구역_읍면동단위,"혼잡시평균속도는 내비게이션 데이터를 이용하여 도로를 주행하는 모든 차량들 중 혼잡을 경험한 차량들의 평균속도를 의미하며, 읍면동 경계로 구분된 데이터로 단위는 km/h",0,컬럼명(한글)|시도코드|시군구코드|읍면동코드|주_유형|혼잡시평균속도,True,2025-07-15,시군구코드-시도코드-읍면동코드-주_유형-컬럼명(한글)-혼잡시평균속도,한국교통연구원,도로,CSV / ZIP,"['혼잡시평균속도', '행정구역읍면동단위', '평일', '연평균', 'View-T', '2019년', '속도지표']",공공/행정,정책,공공데이터,"['혼잡시평균속도', '행정구역읍면동단위', '평일', '연평균', 'View-T', '2019년', '속도지표']",118.39 KB,-1,121231.0
bigdata-transportation,definition_20349.xlsx,대기오염물질배출량_행정구역_읍면동단위,대기오염물질배출량_행정구역_읍면동단위,"대기오염물질배출량은 차량들로 인해 발생하는 도로의 대기오염물질 배출량을 의미하며, 이산화탄소 배출량, 일산화탄소 배출량, 질소산화물 배출량, 미세먼지 배출량, 휘발성 유기화합물 배출량이 있고, 읍면동 경계로 구분된 데이터로 g/일",0,컬럼명(한글)|시도코드|시군구코드|읍면동코드|주_유형|일산화탄소_배출량|이산화탄소_배출량|미세먼지_배출량|질소산화물_배출량|휘발성유기화합물_배출량,True,2025-07-15,미세먼지_배출량-시군구코드-시도코드-읍면동코드-이산화탄소_배출량-일산화탄소_배출량-주_유형-질소산화물_배출량-컬럼명(한글)-휘발성유기화합물_배출량,한국교통연구원,일반·기타,CSV / ZIP,"['행정구역읍면동단위', '평일', '연평균', '속도지표', '대기오염물질배출량', 'View-T', '2019년']",공공/행정,정책,공공데이터,"['행정구역읍면동단위', '평일', '연평균', '속도지표', '대기오염물질배출량', 'View-T', '2019년']",-1,-1,1.0
bigdata-transportation,definition_20363.xlsx,개별차량이동경로진단 데이터,개별차량이동경로,내비게이션 단말기를 부착한 차량이 주행한 이동궤적정보(GPS)를 상세도로망Level 네트워크 위에 통행 이동경로로 생성한 것으로 도로망 네트워크의 링크길이에 따른 속도정보를 산출한 데이터,0,컬럼명(한글)|통행ID|경로그룹번호|순서|상세도로망 Level6 링크 ID|진입시간|진출시간|링크길이|링크속도|읍면동 ID,True,2025-07-15,경로그룹번호-링크길이-링크속도-상세도로망 Level6 링크 ID-순서-읍면동 ID-진입시간-진출시간-컬럼명(한글)-통행ID,한국도로공사,도로,CSV / ZIP,"['차량', '자동차', '이동경로']",소비/유통,상품,물류,"['차량', '자동차', '이동경로']",674.00 B,-1,674.0
bigdata-transportation,definition_20144.xlsx,데이터셋 명세서,철도역 인근의 문화시설 정보,"351,263개 전국 문화시설별 주요역 및 주변역 정보",0,컬럼명(한글)|시군구코드|시군구명|주요역|주변역1|주변역2|주변역3|주변역4|주변역5|대분류|중분류|기준연도|문화시설별ID|대분류명|중분류명|시설명|시설위도|시설경도|추가설명,True,2025-07-15,기준연도-대분류-대분류명-문화시설별ID-시군구명-시군구코드-시설경도-시설명-시설위도-주변역1-주변역2-주변역3-주변역4-주변역5-주요역-중분류-중분류명-추가설명-컬럼명(한글),한국철도공사,철도,XLSX / ZIP,"['철도', '주요역', '주변역', '문화시설', '문화']",공간/위치,위치기반,위치데이터,"['철도', '주요역', '주변역', '문화시설', '문화']",30.42 MB,-1,31897681.0
bigdata-transportation,definition_20365.xlsx,차량 주행기록 데이터,차량 주행기록 데이터,"2023년8월1일~2023년8월25일 측정된 차량별 운행 시작부터 끝까지의 전체 주행 기록(운행시간, 거차량별 운행 시작부터 끝까지의 전체 주행 기록(운행시간, 거리, 속도, 연료 소모량 등) 에 대한 데이",0,컬럼명(한글)|주행기록_아이디|주행기록_시작일시|주행기록_종료일시|주행기록_운행시간|주행기록_운행거리|주행기록_평균속도|주행기록_연료소모량|주행기록_유류비|주행기록_연비|주행기록_연료차단주행시간|주행기록_평균알피엠|주행기록_주행묶음자|주행기록_공회전시간|주행기록_안전운전점수|주행기록_경제운전점수|주행기록_연비점수|주행기록_업로드시간|주행기록_냉각수온도|주행기록_오일온도|주행기록_공회전연료소모량|주행기록_등록시간|주행기록_평균에이피에스|주행기록_티피에스|주행기록_알피에스|주행기록_엠에이에프|주행기록_연료레벨|주행기록_토크|주행기록_단기뱅크1|주행기록_단기뱅크2|주행기록_장기뱅크1|주행기록_장기뱅크2|주행기록_엔진부하|주행기록_매니폴드압력|주행기록_외부온도|주행기록_절대압력|주행기록_배터리충전량|주행기록_디피에프|주행기록_디피에프온도|주행기록_내부온도|주행기록_배기가스온도1|주행기록_배기가스온도2|주행기록_전압|주행기록_시동후연비|주행기록_0제외속도|주행기록_속력변화량|주행기록_야간운행거리|주행기록_야간운행시간|주행기록_글로벌타임|주행기록_업데이트시간|주행기록_서버업데이트시간|상세주행기록 파일 존재여부,True,2025-07-15,상세주행기록 파일 존재여부-주행기록_0제외속도-주행기록_경제운전점수-주행기록_공회전시간-주행기록_공회전연료소모량-주행기록_글로벌타임-주행기록_내부온도-주행기록_냉각수온도-주행기록_단기뱅크1-주행기록_단기뱅크2-주행기록_등록시간-주행기록_디피에프-주행기록_디피에프온도-주행기록_매니폴드압력-주행기록_배기가스온도1-주행기록_배기가스온도2-주행기록_배터리충전량-주행기록_서버업데이트시간-주행기록_속력변화량-주행기록_시동후연비-주행기록_시작일시-주행기록_아이디-주행기록_안전운전점수-주행기록_알피에스-주행기록_야간운행거리-주행기록_야간운행시간-주행기록_업데이트시간-주행기록_업로드시간-주행기록_엔진부하-주행기록_엠에이에프-주행기록_연료레벨-주행기록_연료소모량-주행기록_연료차단주행시간-주행기록_연비-주행기록_연비점수-주행기록_오일온도-주행기록_외부온도-주행기록_운행거리-주행기록_운행시간-주행기록_유류비-주행기록_장기뱅크1-주행기록_장기뱅크2-주행기록_전압-주행기록_절대압력-주행기록_종료일시-주행기록_주행묶음자-주행기록_토크-주행기록_티피에스-주행기록_평균속도-주행기록_평균알피엠-주행기록_평균에이피에스-컬럼명(한글),한국도로공사,도로,CSV / ZIP,"['운행시간', '거리', '속도', '연료 소모량']",소비/유통,상품,물류,"['운행시간', '거리', '속도', '연료 소모량']",5.21 KB,-1,5335.0
bigdata-transportation,definition_20154.xlsx,7. 경주시 교통CCTV 인공지능 분석 데이터,경주시 교통CCTV 인공지능 분석 데이터,경주시 교통CCTV 인공지능 분석(차량검지수) 데이터입니다.,0,컬럼명(한글)|검지차량 수|검지시간|그룹이름(지역)|CCTV 번호|라벨,True,2025-07-15,CCTV 번호-검지시간-검지차량 수-그룹이름(지역)-라벨-컬럼명(한글),포항테크노파크,시설·안전,CSV / ZIP,"['영상', '경주', '차량이동수', '인공지능', '포항테크노파크', '차량종류', '교통']",산업/기술,IT기술,AI,"['영상', '경주', '차량이동수', '인공지능', '포항테크노파크', '차량종류', '교통']",17.40 MB,-1,18245222.0
bigdata-transportation,definition_20099.xlsx,지하철 실시간,인천교통공사 1호선 실시간 정보 로그,인천 1호선에서 발생하는 정차역별 출발/도착 실시간 정보 저장 로그,0,컬럼명(한글)|데이터 전송시점 기준 현재시간(HSE일시)|데이터 전송시점 기준 현재시간(표준일시)|상하행구분코드|상하행구분명|열차번호|열차종류코드|열차종류명|역사 코드|역사 명|종착역코드|종착역명|열차상태코드|열차상태명,True,2025-07-15,데이터 전송시점 기준 현재시간(HSE일시)-데이터 전송시점 기준 현재시간(표준일시)-상하행구분명-상하행구분코드-역사 명-역사 코드-열차번호-열차상태명-열차상태코드-열차종류명-열차종류코드-종착역명-종착역코드-컬럼명(한글),한국철도기술연구원,철도,XLSX / XLSX,"['한국철도기술연구원', '지하철', '인천교통공사', '인천', '출발', '도착', '정차역', '시간별']",공공/행정,정책,공공데이터,"['한국철도기술연구원', '지하철', '인천교통공사', '인천', '출발', '도착', '정차역', '시간별']",14.44 MB,-1,15141437.0
bigdata-transportation,definition_20549.xlsx,테이블정의서,기온/강수량과 충전전력요금 데이터(분기 단위),전기차 충전 당시의 날씨 정보를 포함한 데이터(날씨 정보와 융합),740300,컬럼명(한글)|시도명|시군구명|충전소ID|충전기ID|시작일시|종료일시|소요시간|차량번호|시작SOC|종료SOC|전력사용요금|전력사용요금경부하|전력사용요금중간부하|전력사용요금최대부하|최저기온|최고기온|평균기온|강수량|비고|생산일시,True,2025-07-15,강수량-비고-생산일시-소요시간-시군구명-시도명-시작SOC-시작일시-전력사용요금-전력사용요금경부하-전력사용요금중간부하-전력사용요금최대부하-종료SOC-종료일시-차량번호-최고기온-최저기온-충전기ID-충전소ID-컬럼명(한글)-평균기온,주식회사 펌프킨,융합,CSV / ZIP,"['전기차', '기온', '강수량', '충전', '전력요금']",기타,기타,기타,"['전기차', '기온', '강수량', '충전', '전력요금']",29.52 KB,-1,30228.0
bigdata-transportation,definition_20265.xlsx,길단위_업종별 폐업 점포 수,길단위 업종별 폐업 점포 수,도로 형상정보를 중심으로 1년 내 폐업한 점포 수를 업종별로 집계하여 정의,0,컬럼명(한글)|시도코드|시도명|시군구코드|시군구명|도로명|도로번호|도로길이|폐업점포수|형상정보,True,2025-07-15,도로길이-도로명-도로번호-시군구명-시군구코드-시도명-시도코드-컬럼명(한글)-폐업점포수-형상정보,오픈메이트,공간,CSV / EGG,"['길', '도로', '상권', '상권분석', '상가업소', '폐업', '전국', '소상공인', '지역상권', '안정성']",소비/유통,소비행태,소비,"['길', '도로', '상권', '상권분석', '상가업소', '폐업', '전국', '소상공인', '지역상권', '안정성']",2.66 GB,-1,2856153251.0
bigdata-transportation,definition_20163.xlsx,데이터셋 명세서 양식,대전시 통행 지체 비율 데이터,"대전 시내 노선별 통행 지체 데이터로서 제한최고속도,통행속도,지체률,지체비율 데이터",0,컬럼명(한글)|일자_ID|시_ID|주요_도로_ID|요일_구분|노선_방향|제한최고_속도|통행_속도|통행_률|허용_통행_률|지체_률|지체_비|ETL_유형|ETL_DATE,True,2025-07-15,ETL_DATE-ETL_유형-노선_방향-시_ID-요일_구분-일자_ID-제한최고_속도-주요_도로_ID-지체_률-지체_비-컬럼명(한글)-통행_률-통행_속도-허용_통행_률,대전시청,도로,CSV / ZIP,"['통행률', '제한최고속도', '통행속도', '지체비율', '지체률']",공공/행정,정책,공공데이터,"['통행률', '제한최고속도', '통행속도', '지체비율', '지체률']",654.36 KB,-1,670064.0
bigdata-transportation,definition_20122.xlsx,전기버스 배터리정보,전기버스 배터리정보,"(주)피엠그로우의 전기버스 배터리 데이터 샘플입니다. 200ms마다 모터 전압, 전류, RPM, 인버터 온도, 엑셀레이터 및 페달 스위치 등의 정보를 제공합니다.\n해당 데이터는 무료로 공개된 데이터(샘플)입니다. 유료 데이터 구매를 원할 시 문의전화를 이용해 연락주시길 바랍니다.\n- 문의전화 : 054-223-2185",0,컬럼명(한글)|나노초 단위 유닉스 시간|측정시간|액셀레이터 페달 스위치|보조 인버터 온도|보조 모터 파워|모터 RPM|보조 모터 온도|보조 파워|브레이크 페달 스위치|전류|구동계 파워|총 주행거리|모터1번 인버터 온도|모터1번 온도|모터2번 인버터 온도|모터2번 온도|기압|리타더 레벨|RPM|시스템 파워|토크|전압|엑셀 페달 포지션|엑셀 페달 스위치|브레이크 스위치|브레이크 포지션|속도|n번째 모듈 온도|n번째 배터리 전압,True,2025-07-15,RPM-n번째 모듈 온도-n번째 배터리 전압-구동계 파워-기압-나노초 단위 유닉스 시간-리타더 레벨-모터 RPM-모터1번 온도-모터1번 인버터 온도-모터2번 온도-모터2번 인버터 온도-보조 모터 온도-보조 모터 파워-보조 인버터 온도-보조 파워-브레이크 스위치-브레이크 페달 스위치-브레이크 포지션-속도-시스템 파워-액셀레이터 페달 스위치-엑셀 페달 스위치-엑셀 페달 포지션-전류-전압-총 주행거리-측정시간-컬럼명(한글)-토크,포항테크노파크,일반·기타,CSV / ZIP,"['포항테크노파크', '전기버스', '모터', '전압', '배터리', '(주)피엠그로우']",데이터분석,빅데이터,데이터,"['포항테크노파크', '전기버스', '모터', '전압', '배터리', '(주)피엠그로우']",487.75 KB,-1,499456.0
bigdata-transportation,definition_20113.xlsx,경주시 정류장별 교통카드 사용내역 데이터,경주시 정류장별 교통카드 사용내역 데이터,"경주시 정류장별 교통카드 사용내역 데이터입니다. 정류장명, 일반건수, 일반금액, 청소년건수, 청소년금액, 어린이건수, 어린이금액 정보가 포함되어 있습니다.",0,컬럼명(한글)|거래일자|버스정류장|정류장코드|합계건수(환승)|합계금액|일반건수|일반금액|청소년건수|청소년금액|어린이건수|어린이금액|합계건수(비환승)|합계금액|일반건수|일반금액|청소년건수|청소년금액|어린이건수|어린이금액|합계건수(계)|합계금액|일반건수|일반금액|청소년건수|청소년금액|어린이건수|어린이금액,True,2025-07-15,거래일자-버스정류장-어린이건수-어린이건수-어린이건수-어린이금액-어린이금액-어린이금액-일반건수-일반건수-일반건수-일반금액-일반금액-일반금액-정류장코드-청소년건수-청소년건수-청소년건수-청소년금액-청소년금액-청소년금액-컬럼명(한글)-합계건수(계)-합계건수(비환승)-합계건수(환승)-합계금액-합계금액-합계금액,포항테크노파크,버스,CSV / ZIP,"['포항테크노파크', '교통', '경주', '사용내역', '결제건수', '결제금액', '교통카드', '버스', '정류장']",소비/유통,소비행태,소비,"['포항테크노파크', '교통', '경주', '사용내역', '결제건수', '결제금액', '교통카드', '버스', '정류장']",679.82 KB,-1,696135.0
bigdata-transportation,definition_20128.xlsx,정상시평균속도_행정구역_읍면동단위,정상시평균속도_행정구역_읍면동단위,"정상시평균속도는 내비게이션 데이터를 이용하여 도로를 주행하는 모든 차량들 중 혼잡을 경험하지않은 차량들의 평균속도를 의미하며, 읍면동 경계로 구분된 데이터로 단위는 km/h",0,컬럼명(한글)|시도코드|시군구코드|읍면동코드|주_유형|정상시평균속도,True,2025-07-15,시군구코드-시도코드-읍면동코드-정상시평균속도-주_유형-컬럼명(한글),한국교통연구원,도로,CSV / ZIP,"['행정구역읍면동단위', '평일', '속도지표', '2018년', '차량주행거리', 'View-T', '연평균']",공공/행정,정책,공공데이터,"['행정구역읍면동단위', '평일', '속도지표', '2018년', '차량주행거리', 'View-T', '연평균']",169.04 KB,-1,173096.0
bigdata-transportation,definition_20520.xlsx,전기버스충전이력데이터(분기단위),지역별 충전 전력 소모량 데이터(분기 단위),전기차 충전전력 소모량을 지역별로 분류한 데이터(지역 정보와 융합),740300,컬럼명(한글)|시도명|시군구명|충전일시|전력량|전력사용량(경부하)|전력사용량(중간부하)|전력사용량(최대부하)|평균충전SOC|비고|생산일시,True,2025-07-15,비고-생산일시-시군구명-시도명-전력량-전력사용량(경부하)-전력사용량(중간부하)-전력사용량(최대부하)-충전일시-컬럼명(한글)-평균충전SOC,주식회사 펌프킨,융합,CSV / ZIP,"['전기차', '시도', '시군구', '충전', '전력사용량']",공공/행정,정책,공공데이터,"['전기차', '시도', '시군구', '충전', '전력사용량']",-1,-1,1.0
bigdata-transportation,definition_20126.xlsx,대기오염물질배출량_행정구역_읍면동단위,대기오염물질배출량_행정구역_읍면동단위,"대기오염물질배출량은 차량들로 인해 발생하는 도로의 대기오염물질 배출량을 의미하며, 이산화탄소 배출량, 일산화탄소 배출량, 질소산화물 배출량, 미세먼지 배출량, 휘발성 유기화합물 배출량이 있고, 읍면동 경계로 구분된 데이터로 g/일",0,컬럼명(한글)|시도코드|시군구코드|읍면동코드|주_유형|일산화탄소_배출량|이산화탄소_배출량|미세먼지_배출량|질소산화물_배출량|휘발성유기화합물_배출량,True,2025-07-15,미세먼지_배출량-시군구코드-시도코드-읍면동코드-이산화탄소_배출량-일산화탄소_배출량-주_유형-질소산화물_배출량-컬럼명(한글)-휘발성유기화합물_배출량,한국교통연구원,일반·기타,CSV / ZIP,"['행정구역읍면동단위', '평일', '연평균', '속도지표', '대기오염물질배출량', 'View-T', '2018년']",공공/행정,정책,공공데이터,"['행정구역읍면동단위', '평일', '연평균', '속도지표', '대기오염물질배출량', 'View-T', '2018년']",195.84 KB,-1,200540.0
bigdata-transportation,definition_20149.xlsx,15.VDS기반고속도로지점별교통소통통계데이터(1개월단위),VDS기반 고속도로 지점별 교통 소통 통계 데이터(1개월 단위),"고속도로 노선상에 설치된 차량감지장치(VDS)에 의해 VDS지점별, 차로유형별, 교통량 및 점유율, 평균속도에 대해 1개월 단위로 통계 생성된 교통 데이터",0,컬럼명(한글)|집계년월|VDS_ID|차로유형구분코드|교통량|점유율|평균속도|정상건수|보정건수|최종변경시각,True,2025-07-15,VDS_ID-교통량-보정건수-점유율-정상건수-집계년월-차로유형구분코드-최종변경시각-컬럼명(한글)-평균속도,한국철도공사,철도,PDF / ZIP,"['철도', '카드', '통신', '신용정보', '전주', '관광객', '분석']",데이터분석,빅데이터,분석,"['철도', '카드', '통신', '신용정보', '전주', '관광객', '분석']",6.89 MB,-1,7224688.0
bigdata-transportation,definition_20213.xlsx,데이터 레이아웃,전국 시군구별 운수업종 관련 개인사업자의 부채상태,- KCB에 정보등록된 개인사업자의 대표자가 거주하는 주소지를 기반으로 집계한 현황\n  * 사업자의 대표자가 개인인 경우 개인사업자로 판단,1000000,컬럼명(한글)|기준_년월|시군구 코드|성별_코드|연령대_코드|집계인구수|총대출잔액합계,True,2025-07-15,기준_년월-성별_코드-시군구 코드-연령대_코드-집계인구수-총대출잔액합계-컬럼명(한글),코리아크레딧뷰로,융합,CSV / ZIP,"['전국', '개인사업자', '사업자', '시군구', '개인', '부채', '소득', '사업자', '화물', '운송', '운수']",소비/유통,상품,물류,"['전국', '개인사업자', '사업자', '시군구', '개인', '부채', '소득', '사업자', '화물', '운송', '운수']",2.85 KB,-1,2918.0
bigdata-transportation,definition_20456.xlsx,일자별-사용자유형별-대중교통-승객수,일자별-사용자유형별-대중교통-승객수,"서울시 1일 단위로, 사용자유형별 대중교통 승객수를 확인할 수 있음",0,컬럼명(한글)|기준_날짜|시간|대중교통_구분|승객수_전체|승객수_일반|승객수_어린이|승객수_청소년|승객수_대학생|승객수_경로|승객수_장애인|승객수_국가유공자|승객수_직원|승객수_외국인경로,True,2025-07-15,기준_날짜-대중교통_구분-승객수_경로-승객수_국가유공자-승객수_대학생-승객수_어린이-승객수_외국인경로-승객수_일반-승객수_장애인-승객수_전체-승객수_직원-승객수_청소년-시간-컬럼명(한글),서울특별시,융합,CSV / ZIP,"['서울시', '대중교통', '버스', '지하철', '사용자 유형', '유형']",공간/위치,인구이동,유동인구,"['서울시', '대중교통', '버스', '지하철', '사용자 유형', '유형']",86.80 MB,-1,91016396.0
bigdata-transportation,definition_20456.xlsx,일자별-자치구별-버스유형별-승객수,일자별-자치구별-버스유형별-승객수,"서울시 1일 단위로, 자치구별 버스유형별 승객수를 확인할 수 있음",0,컬럼명(한글)|기준_날짜|자치구_ID|자치구_명칭|승객수_버스전체|승객수_마을버스|승객수_간선버스|승객수_지선버스|승객수_광역버스|승객수_순환버스,True,2025-07-15,기준_날짜-승객수_간선버스-승객수_광역버스-승객수_마을버스-승객수_버스전체-승객수_순환버스-승객수_지선버스-자치구_ID-자치구_명칭-컬럼명(한글),서울특별시,융합,CSV / ZIP,"['서울시', '대중교통', '버스', '지하철', '사용자 유형', '유형']",공간/위치,인구이동,유동인구,"['서울시', '대중교통', '버스', '지하철', '사용자 유형', '유형']",86.80 MB,-1,91016396.0
bigdata-transportation,definition_20456.xlsx,일자별-정류장별-버스유형별-정차노선수,일자별-정류장별-버스유형별-정차노선수,"서울시 1일 단위로, 정류장별 버스유형별 정차노선수를 확인할 수 있음",0,컬럼명(한글)|기준_날짜|정류장_ID|정류장_번호|정류장_명칭|정차노선수|정차노선수_공항|정차노선수_마을|정차노선수_간선|정차노선수_지선|정차노선수_순환|정차노선수_광역|정차노선수_인천|정차노선수_경기,True,2025-07-15,기준_날짜-정류장_ID-정류장_명칭-정류장_번호-정차노선수-정차노선수_간선-정차노선수_경기-정차노선수_공항-정차노선수_광역-정차노선수_마을-정차노선수_순환-정차노선수_인천-정차노선수_지선-컬럼명(한글),서울특별시,융합,CSV / ZIP,"['서울시', '대중교통', '버스', '지하철', '사용자 유형', '유형']",공공/행정,정책,공공데이터,"['서울시', '대중교통', '버스', '지하철', '사용자 유형', '유형']",86.80 MB,-1,91016396.0
bigdata-transportation,definition_20456.xlsx,참고예제1) 행정구역_경계_행정구역 읍면동단위,2017년_행정구역경계_행정구역_읍면동단위,통계청 통계지리정보서비스에서 제공하고 있는 행정경계 데이터로 ITRF2000 좌표계 기준,0,컬럼명(한글)|존_ID|읍면동 명칭|행정구역 명칭|시도 코드|시군구 코드|X좌표|Y좌표|면적,True,2025-07-15,X좌표-Y좌표-면적-시군구 코드-시도 코드-읍면동 명칭-존_ID-컬럼명(한글)-행정구역 명칭,서울특별시,융합,CSV / ZIP,"['서울시', '대중교통', '버스', '지하철', '사용자 유형', '유형']",공공/행정,정책,공공데이터,"['서울시', '대중교통', '버스', '지하철', '사용자 유형', '유형']",86.80 MB,-1,91016396.0
bigdata-transportation,definition_20199.xlsx,데이터 레이아웃,수도권 행정동별 외제차 보유자 수,"- KCB에 정보등록된 신용정보를 기반으로 외제차 보유자의 지역별 거주현황\n * KCB에 등록되는 차량정보는 해당 개인이 차량구매시 금융거래(오토론)를 한 경우에만 파악 가능\n* 수도권 = 서울, 경기, 인천",1000000,컬럼명(한글)|기준_년월|행정기관코드|성별_코드|연령대_코드|집계인구수,True,2025-07-15,기준_년월-성별_코드-연령대_코드-집계인구수-컬럼명(한글)-행정기관코드,코리아크레딧뷰로,융합,CSV / ZIP,"['외제차', '수도권', '행정동', '신용', '지역', '거주', '현황']",소비/유통,소비행태,소비트렌드,"['외제차', '수도권', '행정동', '신용', '지역', '거주', '현황']",2.41 KB,-1,2467.0
bigdata-transportation,definition_20082.xlsx,3.진주시 CCTV 기반 차량번호인식 및 영상분석 데이터,진주시 CCTV 정지교통량,"진주시 관내 산업단지 및 주요도로에 설치된 CCTV의 영상을 분석하여 차로별로 지정한 단위면적 안에 머물러 있는 정지차량의 수를 측정한 데이터로 카메라가 설치된 관측지점(위도,경도,지점명칭), 관측한 시간과 함께 기록함",0,컬럼명(한글)|기준_일시분초|무인감시카메라_범세계 위치식별체계_위도|무인감시카메라_범세계 위치식별체계_경도|무인감시카메라_위치_설명|승용차_정지_교통량|버스_정지_교통량|트럭_정지_교통량|위도|경도|위도|경도|시도|군구|동,True,2025-07-15,경도-경도-군구-기준_일시분초-동-무인감시카메라_범세계 위치식별체계_경도-무인감시카메라_범세계 위치식별체계_위도-무인감시카메라_위치_설명-버스_정지_교통량-승용차_정지_교통량-시도-위도-위도-컬럼명(한글)-트럭_정지_교통량,진주시청,도로,CSV / ZIP,"['단말기', '버스정보시스템', 'BIS', '버스', '노드', 'BUS', '버스 운전자', '휴대전화', '시내버스', '전광판', '정류장', '교통', '링크', 'Bus Information System', '대전시', '버스 내 승객', '링크 매칭 정보', '정류소 대기 승객', '인터넷']",공공/행정,정책,공공데이터,"['단말기', '버스정보시스템', 'BIS', '버스', '노드', 'BUS', '버스 운전자', '휴대전화', '시내버스', '전광판', '정류장', '교통', '링크', 'Bus Information System', '대전시', '버스 내 승객', '링크 매칭 정보', '정류소 대기 승객', '인터넷']",1.77 GB,-1,1900523028.0
bigdata-transportation,definition_20164.xlsx,데이터셋 명세서 양식,대전시 통행 시간 지체 데이터,"대전 시내 노선별 통행 지체 시간 데이터로서 혼잡속도구분,요일,일자,시간,노선방향,통행속도,통행시간,기준지체시간,지체시간 데이터",0,컬럼명(한글)|일자_ID|시_ID|링크_ID|CONGT_적용_속도_구분|요일_구분|주요_도로_ID|노선_방향|통행_속도|통행_시간|기준_지체_통행_시간|지체_시간|ETL_유형|ETL_DATE,True,2025-07-15,CONGT_적용_속도_구분-ETL_DATE-ETL_유형-기준_지체_통행_시간-노선_방향-링크_ID-시_ID-요일_구분-일자_ID-주요_도로_ID-지체_시간-컬럼명(한글)-통행_속도-통행_시간,대전시청,도로,CSV / ZIP,"['지체시간', '통행속도', '기준지체시간', '통행시간', '혼잡속도구분', '노선방향', '일자', '시간']",공공/행정,정책,공공데이터,"['지체시간', '통행속도', '기준지체시간', '통행시간', '혼잡속도구분', '노선방향', '일자', '시간']",11.44 MB,-1,11995709.0
bigdata-transportation,definition_20330.xlsx,길단위_업종별 점포 수,길단위 학원 수,도로 형상정보를 중심으로 영업 중인 학원 수를 집계하여 산출,15000000,컬럼명(한글)|시도코드|시도명|시군구코드|시군구명|도로명|도로번호|도로길이|학원 점포수|형상정보,True,2025-07-15,도로길이-도로명-도로번호-시군구명-시군구코드-시도명-시도코드-컬럼명(한글)-학원 점포수-형상정보,오픈메이트,융합,"CSV, SHP / ZIP","['길', '도로', '상권', '상권분석', '상가업소', '전국', '소상공인', '지역상권', '학원수']",공간/위치,인구이동,유동인구,"['길', '도로', '상권', '상권분석', '상가업소', '전국', '소상공인', '지역상권', '학원수']",299.58 MB,-1,314132398.0
bigdata-transportation,definition_20565.xlsx,테이블정의서,전기버스 배터리상태 이력 데이터(분기 단위),전기버스의 충전 시 배터리상태 데이터(전기차 충전기에서 생성된 원시데이터),849900,컬럼명(한글)|차량번호|충전일시|차량제조사|차량모델|출고일자|배터리용량|배터리전압|배터리팩수|SOC|공급전압|공급전류|비고|생산일시,True,2025-07-15,SOC-공급전류-공급전압-배터리용량-배터리전압-배터리팩수-비고-생산일시-차량모델-차량번호-차량제조사-출고일자-충전일시-컬럼명(한글),주식회사 펌프킨,버스,CSV / ZIP,"['전기차', '전기버스', '차량번호', '차량배터리상태', '차량정보', '배터리정보', '평균공급전압', '평균공급전류', '펌프킨']",데이터분석,빅데이터,데이터,"['전기차', '전기버스', '차량번호', '차량배터리상태', '차량정보', '배터리정보', '평균공급전압', '평균공급전류', '펌프킨']",22.54 KB,-1,23080.0
bigdata-transportation,definition_20360.xlsx,공유 킥보드 운행 데이터,공유 킥보드 운행 데이터,"행 시작부터 끝까지의 전체 주행 기록(운행시간, 거리, 속도, 연료 소모량 등) 에 대한 데이터",0,컬럼명(한글)|라이드 ID|유저 ID|라이드 시작 시간|라이드 종료 시간|라이드 운행 시간|라이드 운행 거리|시작 법정동 코드|끝 법정동 코드|기기 타입|생성시간,True,2025-07-15,기기 타입-끝 법정동 코드-라이드 ID-라이드 시작 시간-라이드 운행 거리-라이드 운행 시간-라이드 종료 시간-생성시간-시작 법정동 코드-유저 ID-컬럼명(한글),한국도로공사,도로,CSV / ZIP,"['PM', '공유킥보드']",소비/유통,상품,물류,"['PM', '공유킥보드']",869.00 B,-1,869.0
bigdata-transportation,definition_20409.xlsx,정상시평균속도_행정구역_읍면동단위,정상시평균속도_행정구역_읍면동단위,"정상시평균속도는 내비게이션 데이터를 이용하여 도로를 주행하는 모든 차량들 중 혼잡을 경험하지않은 차량들의 평균속도를 의미하며, 읍면동 경계로 구분된 데이터로 단위는 km/h",0,컬럼명(한글)|시도코드|시군구코드|읍면동코드|주_유형|정상시평균속도,True,2025-07-15,시군구코드-시도코드-읍면동코드-정상시평균속도-주_유형-컬럼명(한글),한국교통연구원,도로,CSV / ZIP,"['View-T', '속도지표', '정상시평균속도', '차량모빌리티기반속도', '연평균', '행정구역 읍면동단위']",공공/행정,정책,공공데이터,"['View-T', '속도지표', '정상시평균속도', '차량모빌리티기반속도', '연평균', '행정구역 읍면동단위']",117.94 KB,-1,120770.0
bigdata-transportation,definition_20223.xlsx,차량용 GPS 원시 데이터,(추석연휴) 차량용 GPS Raw Data(Mobile),"차량에 부착된 아이나비 네비게이션(PND, Mobile)을 통해 수집된 GPS 원시(Raw) 데이터(위도, 경도, 차량, GPS 좌표, 교통량 등)",0,컬럼명(한글)|아이디|시간정보|x위치좌표|y위치좌표|속도|방향각|포인트 \n정확도,True,2025-07-15,x위치좌표-y위치좌표-방향각-속도-시간정보-아이디-컬럼명(한글)-포인트 \n정확도,아이나비시스템즈,도로,CSV / ZIP,"['네비게이션', '아이나비', '경도', 'PND', '위도', '차량', 'Mobile', '교통량', '교통', '차량이동', 'GPS', 'INAVI']",공간/위치,위치기반,위치데이터,"['네비게이션', '아이나비', '경도', 'PND', '위도', '차량', 'Mobile', '교통량', '교통', '차량이동', 'GPS', 'INAVI']",1.23 KB,-1,1259.0
bigdata-transportation,definition_20529.xlsx,테이블정의서,전기차 충전기 DR 운영 이력 데이터(분기 단위),전기버스 충전기를 통한 DR 운영에 따른 데이터,849900,컬럼명(한글)|실행일자|시험유형|충전사업자|충전기ID|기준년월|공급전류|SOC|감축기준값(CBL)|전력사용량|전력감축량|기여도|정산금전력량|총수익금|기본수익금|실적수익금|위약금|비고|생산일시,True,2025-07-15,SOC-감축기준값(CBL)-공급전류-기본수익금-기여도-기준년월-비고-생산일시-시험유형-실적수익금-실행일자-위약금-전력감축량-전력사용량-정산금전력량-총수익금-충전기ID-충전사업자-컬럼명(한글),주식회사 펌프킨,버스,CSV / ZIP,"['DR', 'Demand Reponse', '전력시장', '에너지절감', '감축기준값(CBL)', '감축전력']",기타,기타,기타,"['DR', 'Demand Reponse', '전력시장', '에너지절감', '감축기준값(CBL)', '감축전력']",-1,-1,1.0
bigdata-transportation,definition_20145.xlsx,15.VDS기반고속도로지점별교통소통통계데이터(1개월단위),VDS기반 고속도로 지점별 교통 소통 통계 데이터(1개월 단위),"고속도로 노선상에 설치된 차량감지장치(VDS)에 의해 VDS지점별, 차로유형별, 교통량 및 점유율, 평균속도에 대해 1개월 단위로 통계 생성된 교통 데이터",0,컬럼명(한글)|집계년월|VDS_ID|차로유형구분코드|교통량|점유율|평균속도|정상건수|보정건수|최종변경시각,True,2025-07-15,VDS_ID-교통량-보정건수-점유율-정상건수-집계년월-차로유형구분코드-최종변경시각-컬럼명(한글)-평균속도,한국철도공사,철도,PDF / ZIP,"['철도', '카드', '통신', '신용정보', '강릉', '관광객', '분석']",공간/위치,인구이동,유동인구,"['철도', '카드', '통신', '신용정보', '강릉', '관광객', '분석']",4.44 MB,-1,4655677.0
bigdata-transportation,definition_20411.xlsx,추정교통량_행정구역_읍면동단위,추정교통량_행정구역_읍면동단위,"추정교통량은 관측교통량과 내비게이션 데이터를 이용하여 미관측 도로의 교통량을 추정하는 알고리즘을 통해 추정된 교통량으로 도로를 주행하는 차량의 수를 의미하며, 읍면동 경계로 구분된 데이터로 단위는 대/일",0,컬럼명(한글)|시도코드|시군구코드|읍면동코드|주_유형|전체_추정교통량|승용차_추정교통량|버스_추정교통량|화물차_추정교통량,True,2025-07-15,버스_추정교통량-승용차_추정교통량-시군구코드-시도코드-읍면동코드-전체_추정교통량-주_유형-컬럼명(한글)-화물차_추정교통량,한국교통연구원,도로,CSV / ZIP,"['View-T', '교통량지표', '추정교통량', '차량모빌리티기반교통량', '차종구분', '연평균', '행정구역 읍면동단위']",공공/행정,정책,공공데이터,"['View-T', '교통량지표', '추정교통량', '차량모빌리티기반교통량', '차종구분', '연평균', '행정구역 읍면동단위']",160.39 KB,-1,164239.0
bigdata-transportation,definition_20412.xlsx,평균속도_행정구역_읍면동단위,평균속도_행정구역_읍면동단위,"평균속도는 내비게이션 데이터를 이용하여 도로를 주행하는 모든 차량들의 평균속도를 의미하며, 읍면동 경계로 구분된 데이터로 단위는 km/h",0,컬럼명(한글)|시도코드|시군구코드|읍면동코드|주_유형|평균속도,True,2025-07-15,시군구코드-시도코드-읍면동코드-주_유형-컬럼명(한글)-평균속도,한국교통연구원,도로,CSV / ZIP,"['View-T', '속도지표', '평균속도', '차량모빌리티기반속도', '연평균', '행정구역 읍면동 단위']",공공/행정,정책,공공데이터,"['View-T', '속도지표', '평균속도', '차량모빌리티기반속도', '연평균', '행정구역 읍면동 단위']",117.91 KB,-1,120739.0
bigdata-transportation,definition_20284.xlsx,자전거 통행 쾌적함 지수,자전거 통행 쾌적함 지수,도로 형상정보를 중심으로 편의·교통 시설 등의 정보를 활용하여 자전거 통행 쾌적함 지수를 도출,0,컬럼명(한글)|시도코드|시도명|시군구코드|시군구명|도로명|도로번호|도로길이|지수|형상정보,True,2025-07-15,도로길이-도로명-도로번호-시군구명-시군구코드-시도명-시도코드-지수-컬럼명(한글)-형상정보,오픈메이트,융합,"CSV, SHP / ZIP","['길', '도로', '교통', '자전거', '쾌적함', '지수', '전국']",공간/위치,인구이동,유동인구,"['길', '도로', '교통', '자전거', '쾌적함', '지수', '전국']",299.75 MB,-1,314310656.0
bigdata-transportation,definition_20226.xlsx,차량용 GPS 원시 데이터,(2월) 차량용 GPS Raw Data(Mobile),"차량에 부착된 아이나비 네비게이션(PND, Mobile)을 통해 수집된 GPS 원시(Raw) 데이터(위도, 경도, 차량, GPS 좌표, 교통량 등)",0,컬럼명(한글)|아이디|시간정보|x위치좌표|y위치좌표|속도|방향각|포인트 \n정확도,True,2025-07-15,x위치좌표-y위치좌표-방향각-속도-시간정보-아이디-컬럼명(한글)-포인트 \n정확도,아이나비시스템즈,도로,CSV / ZIP,"['네비게이션', '아이나비', '경도', 'PND', '위도', '차량', 'Mobile', '교통량', '교통', '차량이동', 'GPS', 'INAVI']",공간/위치,위치기반,위치데이터,"['네비게이션', '아이나비', '경도', 'PND', '위도', '차량', 'Mobile', '교통량', '교통', '차량이동', 'GPS', 'INAVI']",1.23 KB,-1,1259.0
bigdata-transportation,definition_20429.xlsx,데이터셋 명세서(서울시 필지별 표준링크 매핑정보),서울시 필지별 표준링크 매핑정보,"부동산과 교통분야의 정보를 쉽게 융합‧활용할 수 있도록 각 분야의 키값(필지고유번호, 링크ID)을 매핑할 수 있는 정보",0,컬럼명(한글)|필지고유번호|필지별 순번|시군구코드|읍면동리코드|지번구분|본번|부번|지번주소|링크ID|링크 등급코드|링크 유형코드|링크까지의 거리,True,2025-07-15,링크 등급코드-링크 유형코드-링크ID-링크까지의 거리-본번-부번-시군구코드-읍면동리코드-지번구분-지번주소-컬럼명(한글)-필지고유번호-필지별 순번,한국부동산원,융합,CSV / ZIP,"['서울시', '부동산', '교통', '필지', '표준', '링크', 'ID', '매핑']",공공/행정,정책,공공데이터,"['서울시', '부동산', '교통', '필지', '표준', '링크', 'ID', '매핑']",462.17 MB,-1,484620369.0
bigdata-transportation,definition_20422.xlsx,정상시평균속도_행정구역_읍면동단위,정상시평균속도_행정구역_읍면동단위,"정상시평균속도는 내비게이션 데이터를 이용하여 도로를 주행하는 모든 차량들 중 혼잡을 경험하지않은 차량들의 평균속도를 의미하며, 읍면동 경계로 구분된 데이터로 단위는 km/h",0,컬럼명(한글)|시도코드|시군구코드|읍면동코드|주_유형|정상시평균속도,True,2025-07-15,시군구코드-시도코드-읍면동코드-정상시평균속도-주_유형-컬럼명(한글),한국교통연구원,버스,CSV / ZIP,['test6G'],공공/행정,정책,공공데이터,['test6G'],6.00 GB,-1,6442450944.0
bigdata-transportation,definition_20538.xlsx,테이블정의서,전기차 배터리 충전 공급 전압/전류 데이터(분기 단위),"전기버스 충전기 충전 중의 전압, 전류 변화 데이터",740300,컬럼명(한글)|충전일시|충전소ID|충전기ID|충전건ID|시도코드|시군구코드|시도명|시군구명|시작일시|종료일시|시작SOC|공급전압|공급전류|비고|생산일시,True,2025-07-15,공급전류-공급전압-비고-생산일시-시군구명-시군구코드-시도명-시도코드-시작SOC-시작일시-종료일시-충전건ID-충전기ID-충전소ID-충전일시-컬럼명(한글),주식회사 펌프킨,버스,CSV / ZIP,"['전기차', '전기버스', '차량번호', '차량배터리상태', '차량정보', '베터리정보', '평균공급전압', '평균공급전류', '펌프킨']",기타,기타,기타,"['전기차', '전기버스', '차량번호', '차량배터리상태', '차량정보', '베터리정보', '평균공급전압', '평균공급전류', '펌프킨']",-1,-1,1.0
bigdata-transportation,definition_20212.xlsx,데이터 레이아웃,전국 시군구별 운수업종 개인사업자의 신용상태,- KCB에 정보등록된 개인사업자의 대표자가 거주하는 주소지를 기반으로 집계한 현황\n  * 사업자의 대표자가 개인인 경우 개인사업자로 판단,1000000,컬럼명(한글)|기준_년월|시군구 코드|성별_코드|연령대_코드|집계인구수|합산 총신용평점,True,2025-07-15,기준_년월-성별_코드-시군구 코드-연령대_코드-집계인구수-컬럼명(한글)-합산 총신용평점,코리아크레딧뷰로,융합,CSV / ZIP,"['전국', '개인사업자', '사업자', '시군구', '개인', '화물', '운수', '운송', '신용']",소비/유통,상품,물류,"['전국', '개인사업자', '사업자', '시군구', '개인', '화물', '운수', '운송', '신용']",2.69 KB,-1,2754.0
bigdata-transportation,definition_20487.xlsx,주차장정보_x0009__x0009_,주차장정보,전국 한국전자금융이 운영하는 주차장의 정보데이터,0,컬럼명(한글)|주차장번호|도로명주소|건물형태|주차면수,True,2025-07-15,건물형태-도로명주소-주차면수-주차장번호-컬럼명(한글),한국도로공사,공간,CSV / ZIP,"['주차장', '차량']",공간/위치,위치기반,위치데이터,"['주차장', '차량']",998.00 B,-1,998.0
bigdata-transportation,definition_20114.xlsx,구미시 BIS 버스 이벤트 로그,구미시 BIS 버스 이벤트 로그,"구미시 버스정보시스템(BIS)에서 수집한 데이터입니다. 노선번호, 정류장명, 정류장도착시각, 정류장출발시각, 정류장위치 등의 정보를 제공합니다.",0,컬럼명(한글)|버스노선|노선방향|노선정보|정류장 도착시각|정류장 출발시각|정류장명|정류장 GPS X|정류장 GPS Y,True,2025-07-15,노선방향-노선정보-버스노선-정류장 GPS X-정류장 GPS Y-정류장 도착시각-정류장 출발시각-정류장명-컬럼명(한글),포항테크노파크,버스,CSV / ZIP,"['포항테크노파크', '교통', '구미', '버스', '정류장위치', '정류장', '정류장도착시각', '정류장출발시각']",공간/위치,위치기반,위치데이터,"['포항테크노파크', '교통', '구미', '버스', '정류장위치', '정류장', '정류장도착시각', '정류장출발시각']",29.68 MB,-1,31121735.0
bigdata-transportation,definition_20493.xlsx,국토공간 가치지수_토지,국토공간 가치지수_토지,국토공간 가치지수는 교통ㆍ교육ㆍ생활 등 다양한 목적성을 고려한 공간가치를 재정립하여 최신 데이터 기반에 입지분석을 수행한 결과,0,컬럼명(한글)|PNU|시도 코드|시도 명|시군구 코드|시군구 명|읍면동 코드|읍면동 명|리 코드|리 명|지번|지목|도시공원 지수|산책/등산로 지수|공공도서관 지수|토지 지수,True,2025-07-15,PNU-공공도서관 지수-도시공원 지수-리 명-리 코드-산책/등산로 지수-시군구 명-시군구 코드-시도 명-시도 코드-읍면동 명-읍면동 코드-지목-지번-컬럼명(한글)-토지 지수,한국도로공사,융합,CSV / ZIP,"['국토공간가치지수', '토지']",공간/위치,위치기반,위치데이터,"['국토공간가치지수', '토지']",1.21 KB,-1,1239.0
bigdata-transportation,definition_20427.xlsx,데이터셋 명세서(미개발 고속도로 나들목 인근정보),미개발 고속도로 나들목(IC) 인근 정보,"물류시설, 창고시설 등 교통접근성이 중요한 부동산의 신규 입지를 위한 가용토지 파악이 가능한 토지특성 정보",0,컬럼명(한글)|필지고유번호|필지별 순번|시군구코드|읍면동리코드|지번구분|본번|부번|지번주소|지목코드|지목명|토지면적|소유구분코드|소유인수|용도지역코드1|용도지역코드2|토지이용상황코드|토지고저구분코드|지형구분코드|도로접면코드|기준연도|기준월|공시지가|노드ID|나들목명|나들목 거리,True,2025-07-15,공시지가-기준연도-기준월-나들목 거리-나들목명-노드ID-도로접면코드-본번-부번-소유구분코드-소유인수-시군구코드-용도지역코드1-용도지역코드2-읍면동리코드-지목명-지목코드-지번구분-지번주소-지형구분코드-컬럼명(한글)-토지고저구분코드-토지면적-토지이용상황코드-필지고유번호-필지별 순번,한국부동산원,융합,CSV / ZIP,"['광역시', '미개발', '고속도로', '나들목', '교통접근성', '부동산', '토지특성']",소비/유통,상품,물류,"['광역시', '미개발', '고속도로', '나들목', '교통접근성', '부동산', '토지특성']",91.26 MB,-1,95693045.0
bigdata-transportation,definition_20348.xlsx,교통혼잡비용_행정구역_읍면동단위,교통혼잡비용_행정구역_읍면동단위,"교통혼잡비용은 도로에서 교통혼잡으로 인해 발생하는 추가적인 사회적 손실을 산정한 비용을 의미하며, 읍면동 경계로 구분된 데이터로 단위는 만원/일",0,컬럼명(한글)|시도코드|시군구코드|읍면동코드|주_유형|전체_교통혼잡비용|승용차_교통혼잡비용|버스_교통혼잡비용|화물차_교통혼잡비용,True,2025-07-15,버스_교통혼잡비용-승용차_교통혼잡비용-시군구코드-시도코드-읍면동코드-전체_교통혼잡비용-주_유형-컬럼명(한글)-화물차_교통혼잡비용,한국교통연구원,일반·기타,CSV / ZIP,"['View-T', '교통혼잡지표', '교통혼잡비용', '차종구분', '연평균', '행정구역읍면동단위', '2019년']",공공/행정,정책,공공데이터,"['View-T', '교통혼잡지표', '교통혼잡비용', '차종구분', '연평균', '행정구역읍면동단위', '2019년']",-1,-1,1.0
bigdata-transportation,definition_20417.xlsx,대기오염물질배출량_행정구역_읍면동단위,대기오염물질배출량_행정구역_읍면동단위,"대기오염물질배출량은 차량들로 인해 발생하는 도로의 대기오염물질 배출량을 의미하며, 이산화탄소 배출량, 일산화탄소 배출량, 질소산화물 배출량, 미세먼지 배출량, 휘발성 유기화합물 배출량이 있고, 읍면동 경계로 구분된 데이터로 g/일",0,컬럼명(한글)|시도코드|시군구코드|읍면동코드|주_유형|일산화탄소_배출량|이산화탄소_배출량|미세먼지_배출량|질소산화물_배출량|휘발성유기화합물_배출량,True,2025-07-15,미세먼지_배출량-시군구코드-시도코드-읍면동코드-이산화탄소_배출량-일산화탄소_배출량-주_유형-질소산화물_배출량-컬럼명(한글)-휘발성유기화합물_배출량,한국교통연구원,일반·기타,CSV / ZIP,"['View-T', '교통환경지표', '대기오염물질배출량', '연평균', '행정구역 읍면동단위']",공공/행정,정책,공공데이터,"['View-T', '교통환경지표', '대기오염물질배출량', '연평균', '행정구역 읍면동단위']",187.61 KB,-1,192112.0
KDX,page_26707.html,-,202009 전국 시도단위 하이엔드 데이터,본 데이터는 KCB가 각 금융사들로부터 매일 수집하는 최신 금융 데이터를 공간 단위로 재가공해 월별로 제공하고 있습니다.,0,,True,2025-07-15,,코리아크레딧뷰로,금융/증권,csv,"['kdx', '유통소비', 'kcb', '코리아크레딧뷰로', '202009', '전국', '시도', '법인대표자비율', '전문직비율', '외제차보유비율', '소비전국3비율', '하이엔드엔자비율']",소비/유통,소비행태,소비트렌드,"['kdx', '유통소비', 'kcb', '코리아크레딧뷰로', '202009', '전국', '시도', '법인대표자비율', '전문직비율', '외제차보유비율', '소비전국3비율', '하이엔드엔자비율']",890Bytes,-1,890.0
KDX,page_41427.html,-,[NH농협카드] 일자별 소비현황_경남_2024년 12월,2024년 12월 경남 지역 개인/기업별 카드 이용현황,0,,True,2025-07-15,,농협은행(농협카드),소비/상권,csv,"['NH농협카드', '카드', '일자별', '소비트렌드']",소비/유통,소비행태,소비트렌드,"['NH농협카드', '카드', '일자별', '소비트렌드']",1.40KB,-1,1433.0
KDX,page_40717.html,-,202406 전국 시도단위 소비정보 데이터,본 데이터는 KCB가 각 금융사들로부터 매일 수집하는 최신 금융 데이터를 공간 단위로 재가공해 월별로 제공하고 있습니다.,0,기준년월 STD_YM; 블록구분코드 BLCK_SP_CD; 시도코드 CTPV_CD; 시도명 CTPV_NM; 카드보유자수(명) CARD_HLDR_CT; 평균카드개수(개) AVG_CARD_CNT; 평균카드한도금액(원) AVG_CARD_LMT_AMT; 카드이용금액(원) CARD_USE_AMT; 신용판매이용금액(원) CRD_SLE_USE_AMT; 일시불이용금액(원) LSP_USE_AMT; 할부이용금액(원) INSTL_USE_AMT; 현금서비스이용금액(원) CASH_SVC_SUE_AMT; 해외소비금액(원) OVSEA_CSMP_AMT,True,2025-07-15,기준년월 STD_YM; 블록구분코드 BLCK_SP_CD; 시도코드 CTPV_CD; 시도명 CTPV_NM; 카드보유자수(명) CARD_HLDR_CT; 평균카드개수(개) AVG_CARD_CNT; 평균카드한도금액(원) AVG_CARD_LMT_AMT; 카드이용금액(원) CARD_USE_AMT; 신용판매이용금액(원) CRD_SLE_USE_AMT; 일시불이용금액(원) LSP_USE_AMT; 할부이용금액(원) INSTL_USE_AMT; 현금서비스이용금액(원) CASH_SVC_SUE_AMT; 해외소비금액(원) OVSEA_CSMP_AMT,코리아크레딧뷰로,금융/증권,csv,"['소비정보', '시도', 'KCB', 'KDX', '전국', '2024', '카드', '금액']",소비/유통,소비행태,소비,"['소비정보', '시도', 'KCB', 'KDX', '전국', '2024', '카드', '금액']",1.85KB,-1,1894.0
KDX,page_26202.html,-,가족 연결망,"MK / MBN 보도, 교양, 예능 원천 데이터를 활용하여 인공지능 학습용 데이터 구축 할 수 있게 데이터 제공",10000000,,True,2025-07-15,,MBN,미디어,"png, xlsx","['ai', 'data', 'mbn', 'mk', '학습', '데이터', '가족', '연결', '러닝', '머신', '딥러닝']",산업/기술,IT기술,AI,"['ai', 'data', 'mbn', 'mk', '학습', '데이터', '가족', '연결', '러닝', '머신', '딥러닝']",13.23MB,-1,13872660.0
KDX,page_620.html,-,[SKT]전라남도-여수시_201910_서비스인구,"SK텔레콤 기지국 데이터를 GIRAF에서 수집, 가공하여 공간통계로서 해당 지역 내의 총인구, 거주인구, 방문인구, 근무자 인구를 추정 제공합니다.       \n \n 해당 데이터는 전체 MS 50%를 차지하는 고객의 네트워크 데이터를 기초로, 통계청 등 공공데이터를 결합, 전국 250개 시군구 단위로 가공되었습니다.\n \n 50M 의 가상격자 내에 존재하는 인구수를 월별/성연령별/목적별(거주,직장 등) 로 집계하여 전체 인구 기준으로 환산하였으며,\n \n 세부항목은 거주인구 (야간체류) / 직장인구 (주간체류) / 유입인구 ( 거주와 직장을 제외한 순수방문인구 ) 로 이루어져 있으며, 이 세개의 필드를 합산하면 해당 장소에 존재하는\n \n 전체 인구를 추정 가능합니다.\n \n (시간대별, 일별, 요일별 데이터가 필요하신 경우 별도 요청을 부탁드립니다)\n \n GIRAF는 Geo Intelligence Rapid Analytic Framework의 약자로 SK텔레콤의 가장 스마트한 위치 빅데이터 분석 플랫폼입니다. SK텔레콤의 GIRAF 데이터를 활용하면 시간대 별 해당지역 존재인구 추이를 볼 수 있고, 평일과 공휴일의 유동인구 비교 분석이  가능하며  지역내 거주인구 특성을 이해할 수 있고, 유동인구의 추이를 파악 가능합니다.",2000000,,True,2025-07-15,,SK텔레콤,통신/인구,"zip, xlsx","['유동인구', '직장인구', '주거인구', '방문인구', '서비스인구', '통신데이터', '위치데이터']",공간/위치,인구이동,유동인구,"['유동인구', '직장인구', '주거인구', '방문인구', '서비스인구', '통신데이터', '위치데이터']",1.32GB,-1,1417339207.0
KDX,page_28097.html,-,[이커머스] 2021년 2월 일별 e커머스 드럼세탁기 가격 순위 현황 정보,"※ 데이터 소개\n - 국내 17개 온라인 마켓에 판매되고 있는 드럼세탁기 제품 가격, 할인, 순위 정보 제공\n - 제조사, 모델명, 판매자 별 판매 가격(최저가) 현황, 할인, 순위, 평점 분석 가능",2514000,,True,2025-07-15,,빌트온,이커머스,"csv, xlsx","['e커머스', '이커머스', '가격현황', '가격정보', '인기순위', '등록순위', '가전제품', '온라인상품', '상품현황', '유통', '빌트온', '드럼세탁기', '세탁기', '최저가격']",소비/유통,상품,쇼핑,"['e커머스', '이커머스', '가격현황', '가격정보', '인기순위', '등록순위', '가전제품', '온라인상품', '상품현황', '유통', '빌트온', '드럼세탁기', '세탁기', '최저가격']",19.57MB,-1,20520632.0
KDX,page_39603.html,-,[NH농협카드] 소득구간별 업종별 소비현황_202310_월소득 100만원대 30대 남성,"월소득 100만원대 30대 남성의 시간대별, 주중/주말별, 거주지별, 소비 업종 및 지역별 카드 이용 현황을 분석할 수 있는 데이터",-2,,True,2025-07-15,,농협은행(농협카드),소비/상권,csv,"['NH농협카드', '농협', '카드', '소비', '소비형태', '업종', '상권', '지역', '시군구', '소득', '소득구간', '월소득', '30대', '남성']",소비/유통,소비행태,소비트렌드,"['NH농협카드', '농협', '카드', '소비', '소비형태', '업종', '상권', '지역', '시군구', '소득', '소득구간', '월소득', '30대', '남성']",2.71KB,-1,2775.0
KDX,page_2803.html,-,[SKT]경상북도-문경시[47280]_201906_서비스인구,"SK텔레콤 기지국 데이터를 GIRAF에서 수집, 가공하여 공간통계로서 해당 지역 내의 총인구, 거주인구, 방문인구, 근무자 인구를 추정 제공합니다.       \n해당 데이터는 전체 MS 50%를 차지하는 고객의 네트워크 데이터를 기초로, 통계청 등 공공데이터를 결합, 전국 250개 시군구 단위로 가공되었습니다.\n50M 의 가상격자 내에 존재하는 인구수를 월별/성연령별/목적별(거주,직장 등) 로 집계하여 전체 인구 기준으로 환산하였으며,\n세부항목은 거주인구 (야간체류) / 직장인구 (주간체류) / 유입인구 ( 거주와 직장을 제외한 순수방문인구 ) 로 이루어져 있으며, 이 세개의 필드를 합산하면 해당 장소에 존재하는\n전체 인구를 추정 가능합니다.\n(시간대별, 일별, 요일별 데이터가 필요하신 경우 별도 요청을 부탁드립니다)\nGIRAF는 Geo Intelligence Rapid Analytic Framework의 약자로 SK텔레콤의 가장 스마트한 위치 빅데이터 분석 플랫폼입니다. SK텔레콤의 GIRAF 데이터를 활용하면 시간대 별 해당지역 존재인구 추이를 볼 수 있고, 평일과 공휴일의 유동인구 비교 분석이  가능하며  지역내 거주인구 특성을 이해할 수 있고, 유동인구의 추이를 파악 가능합니다.",2000000,,True,2025-07-15,,SK텔레콤,통신/인구,"xlsx, zip","['유동인구', '직장인구', '주거인구', '방문인구', '서비스인구', '통신데이터', '위치데이터']",공간/위치,인구이동,유동인구,"['유동인구', '직장인구', '주거인구', '방문인구', '서비스인구', '통신데이터', '위치데이터']",378.52MB,-1,396906987.0
KDX,page_34792.html,-,2022년 09월 레저 관련 키워드 버즈추이,"레저 관련 키워드에 대한 일별/채널별 버즈추이\n- 기간 : 2022.09.01 ~ 2022.09.30\n- 채널 : 뉴스, 블로그, 트위터, 인스타그램, 전체\n\n※ 레저 관련 키워드는 ""분류별 키워드 셋""(무료 상품)을 참고하세요.",55200,,True,2025-07-15,,바이브컴퍼니,SNS,"csv, xlsx","['바이브컴퍼니', '바이브', '다음소프트', '소셜', '미디어', 'SNS', '뉴스', '블로그', '트위터', '인스타그램', '빅데이터', '분석', '2022년', '9월', '일별', '레저', '키워드', '빈도수', '버즈추이']",소비/유통,소비행태,소비트렌드,"['바이브컴퍼니', '바이브', '다음소프트', '소셜', '미디어', 'SNS', '뉴스', '블로그', '트위터', '인스타그램', '빅데이터', '분석', '2022년', '9월', '일별', '레저', '키워드', '빈도수', '버즈추이']",481.52KB,-1,493076.0
KDX,page_34025.html,-,K패션 트랜드 데이터_W220720,"패션 트렌드 및 전망데이터로서 주별 의류 품목별 판매점유율 및 연관키워드, 트렌드 랭킹(컬러, 소재, 프린트&패턴, 디테일 & 핏 등) 등 데이터를 통해 소비패턴의 흐름을 이해하고 미래 아이템을 준비할 수 있는 적중률 높은 데이터",0,,True,2025-07-15,,어반유니온,유통/마케팅,csv,"['패션빅데이터', '패션트렌드', '판매점유율', '베스트셀링', '트렌드랭킹', '아이템트렌드', '컬러트렌드', '소재트렌드', '프린트트렌드', '디테일트렌드', '상의', '팬츠', '원피스', '스커트아우터', '패션', '속성']",소비/유통,소비행태,소비트렌드,"['패션빅데이터', '패션트렌드', '판매점유율', '베스트셀링', '트렌드랭킹', '아이템트렌드', '컬러트렌드', '소재트렌드', '프린트트렌드', '디테일트렌드', '상의', '팬츠', '원피스', '스커트아우터', '패션', '속성']",84.70MB,-1,88814387.0
KDX,page_34795.html,-,2022년 09월 뷰티 관련 키워드 버즈추이,"뷰티 관련 키워드에 대한 일별/채널별 버즈추이\n- 기간 : 2022.09.01 ~ 2022.09.30\n- 채널 : 뉴스, 블로그, 트위터, 인스타그램, 전체\n\n※ 뷰티 관련 키워드는 ""분류별 키워드 셋""(무료 상품)을 참고하세요.",143000,,True,2025-07-15,,바이브컴퍼니,SNS,"csv, xlsx","['바이브컴퍼니', '바이브', '다음소프트', '소셜', '미디어', 'SNS', '뉴스', '블로그', '트위터', '인스타그램', '빅데이터', '분석', '2022년', '9월', '일별', '뷰티', '키워드', '빈도수', '버즈추이']",소비/유통,소비행태,마케팅,"['바이브컴퍼니', '바이브', '다음소프트', '소셜', '미디어', 'SNS', '뉴스', '블로그', '트위터', '인스타그램', '빅데이터', '분석', '2022년', '9월', '일별', '뷰티', '키워드', '빈도수', '버즈추이']",1.24MB,-1,1300234.0
KDX,page_41221.html,-,[NH농협카드] 일자별 소비현황_대구_2024년 10월,2024년 10월 대구 지역 개인/기업별 카드 이용현황,0,,True,2025-07-15,,농협은행(농협카드),소비/상권,csv,"['NH농협카드', '카드', '일자별', '소비트렌드']",소비/유통,소비행태,소비트렌드,"['NH농협카드', '카드', '일자별', '소비트렌드']",1.43KB,-1,1464.0
KDX,page_39020.html,-,[농산물/식품] 온라인 마켓별 판매데이터와 구매자별 소비행태,"온라인 시장 동향 파악을 위한 이커머스 소비 데이터입니다.\n연령,성별,지역 등 구매자 분류를 통해 주요 상품의 소비 현황과 트렌드, 쇼핑 플랫폼 등을 분석하여\n최적화된 운영 전략을 수립할 수 있습니다.",-2,,True,2025-07-15,,써머스플랫폼,이커머스,csv,"['식품', '농산물', '과일', '유통데이터', '소비행태', '판매데이터', '구매데이터', '소비데이터', '온라인쇼핑', '쇼핑트렌드', '쇼핑데이터', '소비동향', '시장동향', '소비트렌드', '온라인거래']",소비/유통,소비행태,소비트렌드,"['식품', '농산물', '과일', '유통데이터', '소비행태', '판매데이터', '구매데이터', '소비데이터', '온라인쇼핑', '쇼핑트렌드', '쇼핑데이터', '소비동향', '시장동향', '소비트렌드', '온라인거래']",2.03KB,-1,2078.0
KDX,page_28864.html,-,시럽 사용자 연령대 비중,시럽 서비스 사용자 연령대 비중,0,,True,2025-07-15,,SK플래닛,소비/상권,csv,"['시럽', '시럽서비스']",소비/유통,소비행태,마케팅,"['시럽', '시럽서비스']",2.61KB,-1,2672.0
KDX,page_31351.html,-,2021년 11월 음향가전 관련 키워드의 연관어,"음향가전 관련 키워드에 대한 일별/채널별 연관어\n- 기간 : 2021.11.01 ~ 2021.11.30\n- 채널 : 뉴스, 블로그, 트위터, 인스타그램, 전체\n\n※ 음향가전 관련 키워드는 ""분류별 키워드 셋""(무료 상품)을 참고하세요.",26000,,True,2025-07-15,,바이브컴퍼니,SNS,"csv, xlsx","['바이브컴퍼니', '바이브', '다음소프트', '소셜', '미디어', 'SNS', '뉴스', '블로그', '트위터', '인스타그램', '빅데이터', '분석', '2021년', '11월', '일별', '음향가전', '키워드', '연관어', '연관키워드']",소비/유통,소비행태,마케팅,"['바이브컴퍼니', '바이브', '다음소프트', '소셜', '미디어', 'SNS', '뉴스', '블로그', '트위터', '인스타그램', '빅데이터', '분석', '2021년', '11월', '일별', '음향가전', '키워드', '연관어', '연관키워드']",5.87MB,-1,6155141.0
KDX,page_29596.html,-,202106 전국 행정동단위 소비정보 데이터,본 데이터는 KCB가 각 금융사들로부터 매일 수집하는 최신 금융 데이터를 공간 단위로 재가공해 월별로 제공하고 있습니다.,22000000,"기준년월 STD_YM; 블록구분코드 BLCK_SP_CD; 시도코드 CTPV_CD; 시도명 CTPV_NM; 시군구코드 CTGG_CD; 시군구명 CTGG_NM; 행정동코드 ADSTRD_CD; 행정동명 ADSTRD_NM; 성별코드 SEXD_CD (1: 남성 2:여성); 연령대코드 AGGRD_CD (20:20대 이하 30:30대 40:40대 50:50대 60:60대 70:70대 이상); 직업군코드 JOBG_CD (1:급여소득자 2:자영업자 3:기타(주부,학생,무직); 카드보유자수(명) CARD_HLDR_CT; 평균카드개수(개) AVG_CARD_CNT; 평균카드한도금액(원) AVG_CARD_LMT_AMT; 카드이용금액(원) CARD_USE_AMT; 신용판매이용금액(원) CRD_SLE_USE_AMT; 일시불이용금액(원) LSP_USE_AMT; 할부이용금액(원) INSTL_USE_AMT; 현금서비스이용금액(원) CASH_SVC_SUE_AMT; 해외소비금액(원) OVSEA_CSMP_AMT",True,2025-07-15,"기준년월 STD_YM; 블록구분코드 BLCK_SP_CD; 시도코드 CTPV_CD; 시도명 CTPV_NM; 시군구코드 CTGG_CD; 시군구명 CTGG_NM; 행정동코드 ADSTRD_CD; 행정동명 ADSTRD_NM; 성별코드 SEXD_CD (1: 남성 2:여성); 연령대코드 AGGRD_CD (20:20대 이하 30:30대 40:40대 50:50대 60:60대 70:70대 이상); 직업군코드 JOBG_CD (1:급여소득자 2:자영업자 3:기타(주부,학생,무직); 카드보유자수(명) CARD_HLDR_CT; 평균카드개수(개) AVG_CARD_CNT; 평균카드한도금액(원) AVG_CARD_LMT_AMT; 카드이용금액(원) CARD_USE_AMT; 신용판매이용금액(원) CRD_SLE_USE_AMT; 일시불이용금액(원) LSP_USE_AMT; 할부이용금액(원) INSTL_USE_AMT; 현금서비스이용금액(원) CASH_SVC_SUE_AMT; 해외소비금액(원) OVSEA_CSMP_AMT",코리아크레딧뷰로,금융/증권,csv,"['KDX', '유통소비', 'KCB', '코리아크레딧뷰로', '전국', '행정동', '성별', '연령별', '직업군별', '카드소비', '신용정보', '202106']",소비/유통,소비행태,소비트렌드,"['KDX', '유통소비', 'KCB', '코리아크레딧뷰로', '전국', '행정동', '성별', '연령별', '직업군별', '카드소비', '신용정보', '202106']",10.59MB,-1,11104419.0
KDX,page_36651.html,-,202302 전국 행정동단위 하이엔드 데이터,본 데이터는 KCB가 각 금융사들로부터 매일 수집하는 최신 금융 데이터를 공간 단위로 재가공해 월별로 제공하고 있습니다.,22000000,"기준년월 STD_YM; 블록구분코드 BLCK_SP_CD; 시도코드 CTPV_CD; 시도명 CTPV_NM; 시군구코드 CTGG_CD; 시군구명 CTGG_NM; 행정동코드 ADSTRD_CD; 행정동명 ADSTRD_NM; 성별코드 SEXD_CD (1: 남성 2:여성); 연령대코드 AGGRD_CD (20:20대 이하 30:30대 40:40대 50:50대 60:60대 70:70대 이상); 직업군코드 JOBG_CD (1:급여소득자 2:자영업자 3:기타(주부,학생,무직); 하이엔드 대상자 비율 HIGHEND_RT",True,2025-07-15,"기준년월 STD_YM; 블록구분코드 BLCK_SP_CD; 시도코드 CTPV_CD; 시도명 CTPV_NM; 시군구코드 CTGG_CD; 시군구명 CTGG_NM; 행정동코드 ADSTRD_CD; 행정동명 ADSTRD_NM; 성별코드 SEXD_CD (1: 남성 2:여성); 연령대코드 AGGRD_CD (20:20대 이하 30:30대 40:40대 50:50대 60:60대 70:70대 이상); 직업군코드 JOBG_CD (1:급여소득자 2:자영업자 3:기타(주부,학생,무직); 하이엔드 대상자 비율 HIGHEND_RT",코리아크레딧뷰로,금융/증권,csv,"['KDX', 'KCB', '202301', '유통소비', '코리아크레딧뷰로', '전국', '행정동', '신용정보', '성별', '연령별', '직업군별', '하이엔드대상자비율']",소비/유통,소비행태,소비,"['KDX', 'KCB', '202301', '유통소비', '코리아크레딧뷰로', '전국', '행정동', '신용정보', '성별', '연령별', '직업군별', '하이엔드대상자비율']",9.76MB,-1,10234101.0
KDX,page_6566.html,-,[SKT]전라북도-완주군[45710]_202007_서비스인구,"SK텔레콤 기지국 데이터를 GIRAF에서 수집, 가공하여 공간통계로서 해당 지역 내의 총인구, 거주인구, 방문인구, 근무자 인구를 추정 제공합니다.       \n해당 데이터는 전체 MS 50%를 차지하는 고객의 네트워크 데이터를 기초로, 통계청 등 공공데이터를 결합, 전국 250개 시군구 단위로 가공되었습니다.\n50M 의 가상격자 내에 존재하는 인구수를 월별/성연령별/목적별(거주,직장 등) 로 집계하여 전체 인구 기준으로 환산하였으며,\n세부항목은 거주인구 (야간체류) / 직장인구 (주간체류) / 유입인구 ( 거주와 직장을 제외한 순수방문인구 ) 로 이루어져 있으며, 이 세개의 필드를 합산하면 해당 장소에 존재하는\n전체 인구를 추정 가능합니다.\n(시간대별, 일별, 요일별 데이터가 필요하신 경우 별도 요청을 부탁드립니다)\nGIRAF는 Geo Intelligence Rapid Analytic Framework의 약자로 SK텔레콤의 가장 스마트한 위치 빅데이터 분석 플랫폼입니다. SK텔레콤의 GIRAF 데이터를 활용하면 시간대 별 해당지역 존재인구 추이를 볼 수 있고, 평일과 공휴일의 유동인구 비교 분석이  가능하며  지역내 거주인구 특성을 이해할 수 있고, 유동인구의 추이를 파악 가능합니다.",2000000,,True,2025-07-15,,SK텔레콤,통신/인구,zip,"['유동인구', '직장인구', '주거인구', '방문인구', '서비스인구', '통신데이터', '위치데이터']",공간/위치,인구이동,서비스인구,"['유동인구', '직장인구', '주거인구', '방문인구', '서비스인구', '통신데이터', '위치데이터']",629.86MB,-1,660456079.0
KDX,page_2344.html,-,[SKT]광주광역시-서구[29140]_201907_서비스인구,"SK텔레콤 기지국 데이터를 GIRAF에서 수집, 가공하여 공간통계로서 해당 지역 내의 총인구, 거주인구, 방문인구, 근무자 인구를 추정 제공합니다.       \n해당 데이터는 전체 MS 50%를 차지하는 고객의 네트워크 데이터를 기초로, 통계청 등 공공데이터를 결합, 전국 250개 시군구 단위로 가공되었습니다.\n50M 의 가상격자 내에 존재하는 인구수를 월별/성연령별/목적별(거주,직장 등) 로 집계하여 전체 인구 기준으로 환산하였으며,\n세부항목은 거주인구 (야간체류) / 직장인구 (주간체류) / 유입인구 ( 거주와 직장을 제외한 순수방문인구 ) 로 이루어져 있으며, 이 세개의 필드를 합산하면 해당 장소에 존재하는\n전체 인구를 추정 가능합니다.\n(시간대별, 일별, 요일별 데이터가 필요하신 경우 별도 요청을 부탁드립니다)\nGIRAF는 Geo Intelligence Rapid Analytic Framework의 약자로 SK텔레콤의 가장 스마트한 위치 빅데이터 분석 플랫폼입니다. SK텔레콤의 GIRAF 데이터를 활용하면 시간대 별 해당지역 존재인구 추이를 볼 수 있고, 평일과 공휴일의 유동인구 비교 분석이  가능하며  지역내 거주인구 특성을 이해할 수 있고, 유동인구의 추이를 파악 가능합니다.",2000000,,True,2025-07-15,,SK텔레콤,통신/인구,"xlsx, zip","['유동인구', '직장인구', '주거인구', '방문인구', '서비스인구', '통신데이터', '위치데이터']",공간/위치,인구이동,유동인구,"['유동인구', '직장인구', '주거인구', '방문인구', '서비스인구', '통신데이터', '위치데이터']",250.56MB,-1,262731202.0
KDX,page_5328.html,-,[SKT]부산광역시-서구[26140]_202003_서비스인구,"SK텔레콤 기지국 데이터를 GIRAF에서 수집, 가공하여 공간통계로서 해당 지역 내의 총인구, 거주인구, 방문인구, 근무자 인구를 추정 제공합니다.       \n해당 데이터는 전체 MS 50%를 차지하는 고객의 네트워크 데이터를 기초로, 통계청 등 공공데이터를 결합, 전국 250개 시군구 단위로 가공되었습니다.\n50M 의 가상격자 내에 존재하는 인구수를 월별/성연령별/목적별(거주,직장 등) 로 집계하여 전체 인구 기준으로 환산하였으며,\n세부항목은 거주인구 (야간체류) / 직장인구 (주간체류) / 유입인구 ( 거주와 직장을 제외한 순수방문인구 ) 로 이루어져 있으며, 이 세개의 필드를 합산하면 해당 장소에 존재하는\n전체 인구를 추정 가능합니다.\n(시간대별, 일별, 요일별 데이터가 필요하신 경우 별도 요청을 부탁드립니다)\nGIRAF는 Geo Intelligence Rapid Analytic Framework의 약자로 SK텔레콤의 가장 스마트한 위치 빅데이터 분석 플랫폼입니다. SK텔레콤의 GIRAF 데이터를 활용하면 시간대 별 해당지역 존재인구 추이를 볼 수 있고, 평일과 공휴일의 유동인구 비교 분석이  가능하며  지역내 거주인구 특성을 이해할 수 있고, 유동인구의 추이를 파악 가능합니다.",2000000,,True,2025-07-15,,SK텔레콤,통신/인구,zip,"['유동인구', '직장인구', '주거인구', '방문인구', '서비스인구', '통신데이터', '위치데이터']",공간/위치,인구이동,유동인구,"['유동인구', '직장인구', '주거인구', '방문인구', '서비스인구', '통신데이터', '위치데이터']",56.18MB,-1,58908999.0
KDX,page_3634.html,-,[이커머스] 2020년 3월 일별 e커머스 전기밥솥 리뷰 정보,"※ 데이터 소개\n - 국내 17개 온라인 마켓에 판매되고 있는 전기밥솥 제품의 구매후기 정보\n - 제조사, 모델, 채널, 판매자 별 구매후기 현황 분석 가능\n\n - 제공되는 데이터는 빌트온의 데이터 전처리 품질관리 기술로 정제 가공한 데이터\n - 제공되는 데이터는 사용자의 목적에 따라 분석/가공이 가능한 Raw Data\n	\n※ 활용 분야 \n - 온라인 마켓의 고객 성향 분석 - 온라인 마켓, 상품, 제조사, 판매자 별 텍스트 마이닝, 고객 만족도 분석, 긍/부정, 가성비, 가심비 등 감성 분석",2694000,,True,2025-07-15,,빌트온,이커머스,"xlsx, csv","['e커머스', '리뷰현황', '구매후기', '후기정보', '텍스트마이닝', '가전제품', '온라인상품', '상품현황', '유통', '빌트온', '전기밥솥']",소비/유통,거래정보,구매후기,"['e커머스', '리뷰현황', '구매후기', '후기정보', '텍스트마이닝', '가전제품', '온라인상품', '상품현황', '유통', '빌트온', '전기밥솥']",4.35MB,-1,4561305.0
KDX,page_38066.html,-,202307 연령대별 선호카테고리 TOP10,편의점 이용 고객의 연령대/성별에 따른 선호 데이터 제공\n- 연령대별 편의점 선호 카테고리를 파악하여 타겟대상에 따른 마케팅 수단으로 활용가능\n- 카테고리의 선호대상을 확인하여 상품개발시 활용가능,10000000,,True,2025-07-15,,지에스리테일,유통/마케팅,csv,"['KDX', '유통', '소비', 'GS', '지에스', 'GS25', 'gs25', '연령대별']",소비/유통,소비행태,마케팅,"['KDX', '유통', '소비', 'GS', '지에스', 'GS25', 'gs25', '연령대별']",12.89KB,-1,13199.0
KDX,page_891.html,-,[SKT]경상북도-영양군_201909_서비스인구,"SK텔레콤 기지국 데이터를 GIRAF에서 수집, 가공하여 공간통계로서 해당 지역 내의 총인구, 거주인구, 방문인구, 근무자 인구를 추정 제공합니다.       \n \n 해당 데이터는 전체 MS 50%를 차지하는 고객의 네트워크 데이터를 기초로, 통계청 등 공공데이터를 결합, 전국 250개 시군구 단위로 가공되었습니다.\n \n 50M 의 가상격자 내에 존재하는 인구수를 월별/성연령별/목적별(거주,직장 등) 로 집계하여 전체 인구 기준으로 환산하였으며,\n \n 세부항목은 거주인구 (야간체류) / 직장인구 (주간체류) / 유입인구 ( 거주와 직장을 제외한 순수방문인구 ) 로 이루어져 있으며, 이 세개의 필드를 합산하면 해당 장소에 존재하는\n \n 전체 인구를 추정 가능합니다.\n \n (시간대별, 일별, 요일별 데이터가 필요하신 경우 별도 요청을 부탁드립니다)\n \n GIRAF는 Geo Intelligence Rapid Analytic Framework의 약자로 SK텔레콤의 가장 스마트한 위치 빅데이터 분석 플랫폼입니다. SK텔레콤의 GIRAF 데이터를 활용하면 시간대 별 해당지역 존재인구 추이를 볼 수 있고, 평일과 공휴일의 유동인구 비교 분석이  가능하며  지역내 거주인구 특성을 이해할 수 있고, 유동인구의 추이를 파악 가능합니다.",2000000,,True,2025-07-15,,SK텔레콤,통신/인구,"zip, xlsx","['유동인구', '직장인구', '주거인구', '방문인구', '서비스인구', '통신데이터', '위치데이터']",공간/위치,인구이동,유동인구,"['유동인구', '직장인구', '주거인구', '방문인구', '서비스인구', '통신데이터', '위치데이터']",127.12MB,-1,133294981.0
KDX,page_34124.html,-,[NH농협카드] 온라인 업종별 소비 트렌드_#13 게임,온라인 게임사이트 결제 고객의 속성 및 소비현황 데이터,-2,,True,2025-07-15,,농협은행(농협카드),소비/상권,csv,"['NH농협카드', '온라인쇼핑', '온라인소비', '카드', '소비', '비대면', '시간대', '업종', '요일', '연령대', '성별', '게임', '온라인게임', 'GAME']",소비/유통,소비행태,소비트렌드,"['NH농협카드', '온라인쇼핑', '온라인소비', '카드', '소비', '비대면', '시간대', '업종', '요일', '연령대', '성별', '게임', '온라인게임', 'GAME']",3.98KB,-1,4075.0
KDX,page_4087.html,-,[이커머스] 2020년 5월 일별 e커머스 양문형냉장고 리뷰 정보,"※ 데이터 소개\n - 국내 17개 온라인 마켓에 판매되고 있는 양문형냉장고 제품의 구매후기 정보\n - 제조사, 모델, 채널, 판매자 별 구매후기 현황 분석 가능",1251000,,True,2025-07-15,,빌트온,이커머스,"xlsx, csv","['e커머스', '리뷰현황', '구매후기', '후기정보', '텍스트마이닝', '가전제품', '온라인상품', '상품현황', '유통', '빌트온', '양문형냉장고']",소비/유통,거래정보,구매후기,"['e커머스', '리뷰현황', '구매후기', '후기정보', '텍스트마이닝', '가전제품', '온라인상품', '상품현황', '유통', '빌트온', '양문형냉장고']",1.39MB,-1,1457520.0
KDX,page_27278.html,-,2020년도 4분기 온누리회원약국 제품공급 내역 - 모든 카테고리,2020년도 4분기 온누리회원약국 제품공급 내역 - 모든 카테고리\n:해당 자료는 전국 2200여개의 온누리 약국체인으로 공급되고 있는 온누리에이치엔씨의 제품의 약 47개 카테고리 정보입니다.,500000,,True,2025-07-15,,온누리에이치엔씨,보건의료,csv,"['의약품', '일반약품', '의약외품', '건강기능식품', '건기식', '약국', '헬스케어', '온누리에이치엔씨', '온누리hnc', '건강']",소비/유통,상품,유통,"['의약품', '일반약품', '의약외품', '건강기능식품', '건기식', '약국', '헬스케어', '온누리에이치엔씨', '온누리hnc', '건강']",2.73MB,-1,2862612.0
KDX,page_36615.html,-,[2023-01호] NH트렌드+ 소주 편,NH트렌드+는 NH농협은행의 데이터를 통해 사회 이슈와 트렌드를 알아보는 리포트입니다.,0,,True,2025-07-15,,농협은행(농협카드),유통/마케팅,pdf,"['NH트렌드', '소주', '주류', 'NH멤버스', '유통']",소비/유통,소비행태,소비트렌드,"['NH트렌드', '소주', '주류', 'NH멤버스', '유통']",1.53MB,-1,1604321.0
KDX,page_32841.html,-,202201 전국 시군구단위 연체정보 데이터,본 데이터는 KCB가 각 금융사들로부터 매일 수집하는 최신 금융 데이터를 공간 단위로 재가공해 월별로 제공하고 있습니다.,17600000,"기준년월 STD_YM; 블록구분코드 BLCK_SP_CD; 시도코드 CTPV_CD; 시도명 CTPV_NM; 시군구코드 CTGG_CD; 시군구명 CTGG_NM; 성별코드 SEXD_CD (1: 남성 2:여성); 연령대코드 AGGRD_CD (20:20대 이하 30:30대 40:40대 50:50대 60:60대 70:70대 이상); 직업군코드 JOBG_CD (1:급여소득자 2:자영업자 3:기타(주부,학생,무직); 전체연체보유자수(명) ALL_ARR_HLDR_CT; 평균연체건수(건)  AVG_ARR_CONT; 평균연체일수(일)  AVG_ARR_DACT; 평균연체금액(천원) AVG_ARR_AMT; 중위연체금액(천원) MED_ARR_AMT",True,2025-07-15,"기준년월 STD_YM; 블록구분코드 BLCK_SP_CD; 시도코드 CTPV_CD; 시도명 CTPV_NM; 시군구코드 CTGG_CD; 시군구명 CTGG_NM; 성별코드 SEXD_CD (1: 남성 2:여성); 연령대코드 AGGRD_CD (20:20대 이하 30:30대 40:40대 50:50대 60:60대 70:70대 이상); 직업군코드 JOBG_CD (1:급여소득자 2:자영업자 3:기타(주부,학생,무직); 전체연체보유자수(명) ALL_ARR_HLDR_CT; 평균연체건수(건)  AVG_ARR_CONT; 평균연체일수(일)  AVG_ARR_DACT; 평균연체금액(천원) AVG_ARR_AMT; 중위연체금액(천원) MED_ARR_AMT",코리아크레딧뷰로,금융/증권,csv,"['KDX', '유통소비', 'KCB', '코리아크레딧뷰로', '전국', '시군구', '성별', '연령별', '직업군별', '연체', '신용정보', '202201']",데이터분석,빅데이터,데이터,"['KDX', '유통소비', 'KCB', '코리아크레딧뷰로', '전국', '시군구', '성별', '연령별', '직업군별', '연체', '신용정보', '202201']",589.21KB,-1,603351.0
KDX,page_41026.html,-,[NH농협카드] 업종별 카드이용현황_2020년 5월,2020년 5월의 업종별 카드 이용현황,0,,True,2025-07-15,,농협은행(농협카드),소비/상권,csv,"['NH농협카드', '업종', '5월', '소비']",소비/유통,소비행태,소비트렌드,"['NH농협카드', '업종', '5월', '소비']",1.79KB,-1,1832.0
KDX,page_26750.html,-,"2020년도 3분기 온누리스토어(온라인몰) 판매 내역 - 생수,음료,주류,커피 카테고리","2020년도 3분기 온누리스토어(온라인몰) 판매 내역 - 생수,음료,주류,커피카테고리\n\n: 해당 자료는 국내 최대규모의 온라인 헬스케어 단독몰 온누리 스토어의 해당 카테고리 판매자료입니다. 생수,음료,주류,커피 관련 카테고리 매출과 판매 내역 및 금액",300000,,True,2025-07-15,,온누리에이치엔씨,보건의료,csv,"['온누리스토어헬스케어', '의료', '온누리', '건강기능식품', '건기식', '의약품', '의약외품', '판매내역', '매출', '판매', '온라인몰', '온라인판매내역온누리약국', '약국']",소비/유통,상품,온라인몰,"['온누리스토어헬스케어', '의료', '온누리', '건강기능식품', '건기식', '의약품', '의약외품', '판매내역', '매출', '판매', '온라인몰', '온라인판매내역온누리약국', '약국']",13.10MB,-1,13736345.0
KDX,page_33959.html,-,202206 전국 시군구단위 자산평가 데이터,본 데이터는 KCB가 각 금융사들로부터 매일 수집하는 최신 금융 데이터를 공간 단위로 재가공해 월별로 제공하고 있습니다.,17600000,"해당지역 고객들이 보유한 자산의 평가금액을 바탕으로 구축된 데이터; 기준년월 STD_YM; 블록구분코드 BLCK_SP_CD; 시도코드 CTPV_CD; 시도명 CTPV_NM; 시군구코드 CTGG_CD; 시군구명 CTGG_NM; 성별코드 SEXD_CD (1: 남성 2:여성); 연령대코드 AGGRD_CD (20:20대 이하 30:30대 40:40대 50:50대 60:60대 70:70대 이상); 직업군코드 JOBG_CD (1:급여소득자 2:자영업자 3:기타(주부,학생,무직); 월평균 총자산평가금액(만원) TOT_ASST_AMT; 월평균 순자산평가금액(만원) NET_ASST_AMT",True,2025-07-15,"해당지역 고객들이 보유한 자산의 평가금액을 바탕으로 구축된 데이터; 기준년월 STD_YM; 블록구분코드 BLCK_SP_CD; 시도코드 CTPV_CD; 시도명 CTPV_NM; 시군구코드 CTGG_CD; 시군구명 CTGG_NM; 성별코드 SEXD_CD (1: 남성 2:여성); 연령대코드 AGGRD_CD (20:20대 이하 30:30대 40:40대 50:50대 60:60대 70:70대 이상); 직업군코드 JOBG_CD (1:급여소득자 2:자영업자 3:기타(주부,학생,무직); 월평균 총자산평가금액(만원) TOT_ASST_AMT; 월평균 순자산평가금액(만원) NET_ASST_AMT",코리아크레딧뷰로,금융/증권,csv,"['KDX', '유통소비', 'KCB', '코리아크레딧뷰로', '전국', '시군구', '신용정보', '성별', '연령별', '직업군별', '자산평가', '202206']",소비/유통,소비행태,소비,"['KDX', '유통소비', 'KCB', '코리아크레딧뷰로', '전국', '시군구', '신용정보', '성별', '연령별', '직업군별', '자산평가', '202206']",531.62KB,-1,544378.0
KDX,page_28569.html,-,2021년 04월 기타 소비품목 관련 키워드 버즈추이,"기타 소비품목 관련 키워드에 대한 일별/채널별 버즈추이\n- 기간 : 2021.04.01 ~ 2021.04.30\n- 채널 : 뉴스, 블로그, 트위터, 인스타그램, 전체\n\n※ 기타 소비품목 관련 키워드는 ""분류별 키워드 셋""(무료 상품)을 참고하세요.",27900,,True,2025-07-15,,바이브컴퍼니,SNS,"csv, xlsx","['바이브컴퍼니', '바이브', '다음소프트', '소셜', '미디어', 'SNS', '뉴스', '블로그', '트위터', '인스타그램', '빅데이터', '분석', '2021년', '4월', '일별', '기타소비품목', '키워드', '빈도수', '버즈추이']",소비/유통,소비행태,소비트렌드,"['바이브컴퍼니', '바이브', '다음소프트', '소셜', '미디어', 'SNS', '뉴스', '블로그', '트위터', '인스타그램', '빅데이터', '분석', '2021년', '4월', '일별', '기타소비품목', '키워드', '빈도수', '버즈추이']",247.61KB,-1,253552.0
KDX,page_40233.html,-,[NH농협카드] 일자별 소비현황_전남_2023년 11월,2023년 11월 전남 지역 개인/기업별 카드 이용현황,0,,True,2025-07-15,,농협은행(농협카드),소비/상권,csv,"['NH농협카드', '카드', '일자별', '소비트렌드']",소비/유통,소비행태,소비트렌드,"['NH농협카드', '카드', '일자별', '소비트렌드']",1.36KB,-1,1392.0
KDX,page_5133.html,-,[SKT]경기도-의정부시[41150]_202002_서비스인구,"SK텔레콤 기지국 데이터를 GIRAF에서 수집, 가공하여 공간통계로서 해당 지역 내의 총인구, 거주인구, 방문인구, 근무자 인구를 추정 제공합니다.       \n해당 데이터는 전체 MS 50%를 차지하는 고객의 네트워크 데이터를 기초로, 통계청 등 공공데이터를 결합, 전국 250개 시군구 단위로 가공되었습니다.\n50M 의 가상격자 내에 존재하는 인구수를 월별/성연령별/목적별(거주,직장 등) 로 집계하여 전체 인구 기준으로 환산하였으며,\n세부항목은 거주인구 (야간체류) / 직장인구 (주간체류) / 유입인구 ( 거주와 직장을 제외한 순수방문인구 ) 로 이루어져 있으며, 이 세개의 필드를 합산하면 해당 장소에 존재하는\n전체 인구를 추정 가능합니다.\n(시간대별, 일별, 요일별 데이터가 필요하신 경우 별도 요청을 부탁드립니다)\nGIRAF는 Geo Intelligence Rapid Analytic Framework의 약자로 SK텔레콤의 가장 스마트한 위치 빅데이터 분석 플랫폼입니다. SK텔레콤의 GIRAF 데이터를 활용하면 시간대 별 해당지역 존재인구 추이를 볼 수 있고, 평일과 공휴일의 유동인구 비교 분석이  가능하며  지역내 거주인구 특성을 이해할 수 있고, 유동인구의 추이를 파악 가능합니다.",2000000,,True,2025-07-15,,SK텔레콤,통신/인구,zip,"['유동인구', '직장인구', '주거인구', '방문인구', '서비스인구', '통신데이터', '위치데이터']",공간/위치,인구이동,유동인구,"['유동인구', '직장인구', '주거인구', '방문인구', '서비스인구', '통신데이터', '위치데이터']",260.71MB,-1,273374248.0
KDX,page_40285.html,-,202402 전국 행정동단위 SOHO 데이터,본 데이터는 KCB가 각 금융사들로부터 매일 수집하는 최신 금융 데이터를 공간 단위로 재가공해 월별로 제공하고 있습니다.,22000000,기준년월 STD_YM; 블록구분코드 BLCK_SP_CD; 시도코드 CTPV_CD; 시도명 CTPV_NM; 시군구코드 CTGG_CD; 시군구명 CTGG_NM; 행정동코드 ADSTRD_CD; 행정동명 ADSTRD_NM; 업종(대분류) CAT01_CD; 현재 사업체수(개) OPN_CNT; 폐업 사업체수(개) CLSD_CNT; 창업 사업체수(개) NEW_CNT; 6개월 이하 업력 사업체수(개) MANAGE01_CNT; 6개월 초과 3년 이하 업력 사업체수(개) MANAGE02_CNT; 3년 초과 5년 이하 업력 사업체수(개) MANAGE03_CNT; 5년 초과 업력 사업체수(개) MANAGE04_CNT,True,2025-07-15,기준년월 STD_YM; 블록구분코드 BLCK_SP_CD; 시도코드 CTPV_CD; 시도명 CTPV_NM; 시군구코드 CTGG_CD; 시군구명 CTGG_NM; 행정동코드 ADSTRD_CD; 행정동명 ADSTRD_NM; 업종(대분류) CAT01_CD; 현재 사업체수(개) OPN_CNT; 폐업 사업체수(개) CLSD_CNT; 창업 사업체수(개) NEW_CNT; 6개월 이하 업력 사업체수(개) MANAGE01_CNT; 6개월 초과 3년 이하 업력 사업체수(개) MANAGE02_CNT; 3년 초과 5년 이하 업력 사업체수(개) MANAGE03_CNT; 5년 초과 업력 사업체수(개) MANAGE04_CNT,코리아크레딧뷰로,금융/증권,csv,"['전국', '소호', 'soho', 'kcb']",소비/유통,소비행태,소비트렌드,"['전국', '소호', 'soho', 'kcb']",52.51MB,-1,55060725.0
KDX,page_31725.html,-,2021년1월_POS_판매데이터(샘플데이터),해당 자료는 전국 2200여개의 온누리 약국체인중 500여개 POS 판매 정보 무료 샘플자료 입니다.,0,,True,2025-07-15,,온누리에이치엔씨,보건의료,csv,"['의약품', '일반약품', '의약외품', '건강기능식품', '건기식', '약국', '헬스케어', '온누리에이치엔씨', '온누리hnc', '건강']",소비/유통,상품,유통,"['의약품', '일반약품', '의약외품', '건강기능식품', '건기식', '약국', '헬스케어', '온누리에이치엔씨', '온누리hnc', '건강']",5.08KB,-1,5201.0
KDX,page_35704.html,-,2022년 11월 레저 관련 키워드에 대한 원문정보,"레저 관련 키워드에 대한 일별/채널별 원문정보\n- 기간 : 2022.11.01 ~ 2022.11.30\n- 채널 : 뉴스, 블로그, 트위터, 인스타그램\n\n※ 향후에는 관련 키워드 버즈추이 데이터를 구매하면 무료로 제공 예정입니다.\n\n※ 레저 관련 키워드는 ""분류별 키워드 셋""(무료 상품)을 참고하세요.",85000,,True,2025-07-15,,바이브컴퍼니,SNS,"csv, xlsx","['바이브컴퍼니', '바이브', '다음소프트', '소셜', '미디어', 'SNS', '뉴스', '블로그', '트위터', '인스타그램', '빅데이터', '분석', '2022년', '11월', '일별', '레저', '키워드', '원문정보', '문서', '제목', '내용', 'URL', '원문매핑정보']",소비/유통,소비행태,소비트렌드,"['바이브컴퍼니', '바이브', '다음소프트', '소셜', '미디어', 'SNS', '뉴스', '블로그', '트위터', '인스타그램', '빅데이터', '분석', '2022년', '11월', '일별', '레저', '키워드', '원문정보', '문서', '제목', '내용', 'URL', '원문매핑정보']",160.12MB,-1,167897989.0
KDX,page_843.html,-,[SKT]충청남도-천안시 서북구_201909_서비스인구,"SK텔레콤 기지국 데이터를 GIRAF에서 수집, 가공하여 공간통계로서 해당 지역 내의 총인구, 거주인구, 방문인구, 근무자 인구를 추정 제공합니다.       \n \n 해당 데이터는 전체 MS 50%를 차지하는 고객의 네트워크 데이터를 기초로, 통계청 등 공공데이터를 결합, 전국 250개 시군구 단위로 가공되었습니다.\n \n 50M 의 가상격자 내에 존재하는 인구수를 월별/성연령별/목적별(거주,직장 등) 로 집계하여 전체 인구 기준으로 환산하였으며,\n \n 세부항목은 거주인구 (야간체류) / 직장인구 (주간체류) / 유입인구 ( 거주와 직장을 제외한 순수방문인구 ) 로 이루어져 있으며, 이 세개의 필드를 합산하면 해당 장소에 존재하는\n \n 전체 인구를 추정 가능합니다.\n \n (시간대별, 일별, 요일별 데이터가 필요하신 경우 별도 요청을 부탁드립니다)\n \n GIRAF는 Geo Intelligence Rapid Analytic Framework의 약자로 SK텔레콤의 가장 스마트한 위치 빅데이터 분석 플랫폼입니다. SK텔레콤의 GIRAF 데이터를 활용하면 시간대 별 해당지역 존재인구 추이를 볼 수 있고, 평일과 공휴일의 유동인구 비교 분석이  가능하며  지역내 거주인구 특성을 이해할 수 있고, 유동인구의 추이를 파악 가능합니다.",2000000,,True,2025-07-15,,SK텔레콤,통신/인구,"zip, xlsx","['유동인구', '직장인구', '주거인구', '방문인구', '서비스인구', '통신데이터', '위치데이터']",공간/위치,인구이동,유동인구,"['유동인구', '직장인구', '주거인구', '방문인구', '서비스인구', '통신데이터', '위치데이터']",516.01MB,-1,541075701.0
KDX,page_39184.html,-,[온라인 쇼핑트렌드] 모니터 제품별 판매 순위 및 인기상품 최저가 정보,"온라인 시장 동향 파악을 위한 이커머스 소비 데이터입니다.\n연령,성별,지역 등 구매자 분류를 통해 주요 상품의 소비 현황과 트렌드, 쇼핑 플랫폼 등을 분석하여\n최적화된 운영 전략을 수립할 수 있습니다.",-2,,True,2025-07-15,,써머스플랫폼,이커머스,csv,"['pc', '컴퓨터', '모니터', '제조사', '브랜드', '판매순위', '판매데이터', '구매데이터', '거래데이터', '유통', '소비데이터', '소비트렌드', '쇼핑데이터', '소비행태', '소비동향', '시장동향', '이커머스', '전자상거래', '상품데이터', '구매정보', '판매정보', '온라인쇼핑']",소비/유통,소비행태,소비트렌드,"['pc', '컴퓨터', '모니터', '제조사', '브랜드', '판매순위', '판매데이터', '구매데이터', '거래데이터', '유통', '소비데이터', '소비트렌드', '쇼핑데이터', '소비행태', '소비동향', '시장동향', '이커머스', '전자상거래', '상품데이터', '구매정보', '판매정보', '온라인쇼핑']",1.80KB,-1,1843.0
KDX,page_35278.html,-,202208 지역별 GS25점포 매출분포,-. 전국 시/군/구 단위로 편의점 점포 매출수준을 통계하여 제공 \n-. 각 지역의 점포별 매출수준을 그룹화하여 해당그룹에 어느정도의 점포가 포함되어 있는지를 수치화 하여 제공,10000000,,True,2025-07-15,,지에스리테일,유통/마케팅,csv,"['KDX', '유통', '소비', 'GS', '지에스', 'GS25', 'gs25', '지역별매출수준']",소비/유통,상품,유통,"['KDX', '유통', '소비', 'GS', '지에스', 'GS25', 'gs25', '지역별매출수준']",36.94KB,-1,37826.0
KDX,page_29714.html,-,2021년 07월 반려 관련 키워드의 연관어,"반려 관련 키워드에 대한 일별/채널별 연관어\n- 기간 : 2021.07.01 ~ 2021.07.31\n- 채널 : 뉴스, 블로그, 트위터, 인스타그램, 전체\n\n※ 반려 관련 키워드는 ""분류별 키워드 셋""(무료 상품)을 참고하세요.",26000,,True,2025-07-15,,바이브컴퍼니,SNS,"csv, xlsx","['바이브컴퍼니', '바이브', '다음소프트', '소셜', '미디어', 'SNS', '뉴스', '블로그', '트위터', '인스타그램', '빅데이터', '분석', '2021년', '7월', '일별', '반려', '키워드', '연관어', '연관키워드']",소비/유통,소비행태,소비트렌드,"['바이브컴퍼니', '바이브', '다음소프트', '소셜', '미디어', 'SNS', '뉴스', '블로그', '트위터', '인스타그램', '빅데이터', '분석', '2021년', '7월', '일별', '반려', '키워드', '연관어', '연관키워드']",5.37MB,-1,5630853.0
KDX,page_30193.html,-,"[이커머스] 식품 베스트100 2021년 8월 일별 가격, 순위 정보","※ 데이터 소개\n - 온라인 마켓에 판매되고 있는 상품 전체 카테고리별 상위 100위 상품 순위, 가격 정보 제공\n - 카테고리, 제조사, 판매자, 상품명 별 판매 가격(최저가) 현황 및 순위 분석 가능\n - Raw Data 제공",1548000,기간별 분류별 개수는 달라질 수 있음,True,2025-07-15,기간별 분류별 개수는 달라질 수 있음,빌트온,이커머스,"xlsx, csv","['e커머스', '가격현황', '가격정보', '최저가', '인기순위', '베스트100', '온라인상품', '상품', '유통', '빌트온', '식품']",소비/유통,상품,쇼핑,"['e커머스', '가격현황', '가격정보', '최저가', '인기순위', '베스트100', '온라인상품', '상품', '유통', '빌트온', '식품']",991.48MB,-1,1039642132.0
KDX,page_29403.html,-,2021년 06월 욕실용품 관련 키워드에 대한 원문정보,"욕실용품 관련 키워드에 대한 일별/채널별 원문정보\n- 기간 : 2021.06.01 ~ 2021.06.30\n- 채널 : 뉴스, 블로그, 트위터, 인스타그램\n\n※ 향후에는 관련 키워드 버즈추이 데이터를 구매하면 무료로 제공 예정입니다.\n\n※ 욕실용품 관련 키워드는 ""분류별 키워드 셋""(무료 상품)을 참고하세요.",28000,,True,2025-07-15,,바이브컴퍼니,SNS,"csv, xlsx","['바이브컴퍼니', '바이브', '다음소프트', '소셜', '미디어', 'SNS', '뉴스', '블로그', '트위터', '인스타그램', '빅데이터', '분석', '2021년', '6월', '일별', '욕실용품', '키워드', '원문정보', '문서', '제목', '내용', 'URL', '원문매핑정보']",소비/유통,소비행태,마케팅,"['바이브컴퍼니', '바이브', '다음소프트', '소셜', '미디어', 'SNS', '뉴스', '블로그', '트위터', '인스타그램', '빅데이터', '분석', '2021년', '6월', '일별', '욕실용품', '키워드', '원문정보', '문서', '제목', '내용', 'URL', '원문매핑정보']",176.15MB,-1,184706662.0
KDX,page_34945.html,-,[NH농협카드] 업종별 월별 소비 트렌드_202208_보험,"보험 업종의 월별, 지역(시/군/구)별 소비 트렌드를 분석할 수 있는 데이터",-2,,True,2025-07-15,,농협은행(농협카드),소비/상권,csv,"['NH농협카드', '농협', '카드', '소비', '소비형태', '업종', '상권', '지역', '시군구', '보험', '보험서비스']",소비/유통,소비행태,소비트렌드,"['NH농협카드', '농협', '카드', '소비', '소비형태', '업종', '상권', '지역', '시군구', '보험', '보험서비스']",534Bytes,-1,534.0
KDX,page_34700.html,-,2022 가상자산 투자 앱/플랫폼,"성, 연령, 소득, Life stage 등 인구통계학적 응답자 특성 및 금융 이용 특성 별로 분석한 통계표입니다.",200000,,True,2025-07-15,,나이스디앤알,금융/증권,xlsx,"['금융', '기획조사', 'KFSS', '금융소비자', '은행', '증권사', '보험사', '저축은행', '신용카드']",소비/유통,소비행태,소비자,"['금융', '기획조사', 'KFSS', '금융소비자', '은행', '증권사', '보험사', '저축은행', '신용카드']",42.09KB,-1,43100.0
KDX,page_36659.html,-,[NH농협카드] 시도별 업종별 카드이용현황_2021년 7월,2021년 7월의 시도별 업종별 카드 이용현황,0,,True,2025-07-15,,농협은행(농협카드),소비/상권,xlsx,"['NH농협카드', '시도', '업종', '7월', '소비']",소비/유통,소비행태,소비트렌드,"['NH농협카드', '시도', '업종', '7월', '소비']",18.39KB,-1,18831.0
KDX,page_32327.html,-,2022년 01월 해외구매 관련 키워드의 연관어,"해외구매 관련 키워드에 대한 일별/채널별 연관어\n- 기간 : 2022.01.01 ~ 2022.01.31\n- 채널 : 뉴스, 블로그, 트위터, 인스타그램, 전체\n\n※ 해외구매 관련 키워드는 ""분류별 키워드 셋""(무료 상품)을 참고하세요.",10000,,True,2025-07-15,,바이브컴퍼니,SNS,"csv, xlsx","['바이브컴퍼니', '바이브', '다음소프트', '소셜', '미디어', 'SNS', '뉴스', '블로그', '트위터', '인스타그램', '빅데이터', '분석', '2022년', '1월', '일별', '해외구매', '키워드', '연관어', '연관키워드']",소비/유통,상품,쇼핑,"['바이브컴퍼니', '바이브', '다음소프트', '소셜', '미디어', 'SNS', '뉴스', '블로그', '트위터', '인스타그램', '빅데이터', '분석', '2022년', '1월', '일별', '해외구매', '키워드', '연관어', '연관키워드']",2.63MB,-1,2757754.0
KDX,page_37213.html,-,[온라인 소비 트렌드] 건조기/스타일러 종류별 판매순위 및 인기상품 최저가 추이,온라인 소비 동향 파악을위한 이커머스 상품트렌드 데이터입니다.\n\n다양한 카테고리별 인기상품과 실시간 최저가 가격 추이 등의 분석으로\n최적화된 운영/마케팅 전략을 수립할 수 있습니다.,-2,,True,2025-07-15,,써머스플랫폼,이커머스,,[''],소비/유통,소비행태,소비트렌드,[''],0 Byte,-1,0.0
KDX,page_38968.html,-,[수산물/식품] 온라인 마켓별 판매데이터와 구매자별 소비행태,"온라인 시장 동향 파악을 위한 이커머스 소비 데이터입니다.\n연령,성별,지역 등 구매자 분류를 통해 주요 상품의 소비 현황과 트렌드, 쇼핑 플랫폼 등을 분석하여\n최적화된 운영 전략을 수립할 수 있습니다.",-2,,True,2025-07-15,,써머스플랫폼,이커머스,csv,"['식품', '수산물', '생선', '해산물', '어류', '냉동식품', '온라인소비', '판매순위', '판매데이터', '소비현황', '소비동향', '소비데이터', '구매데이터', '시장동향', '인기순위', '유통데이터', '온라인쇼핑', '쇼핑데이터', '쇼핑트렌드', '소비행태', '온라인마켓', '마켓트렌드', '쇼핑플랫폼', '이커머스', '전자상거래']",소비/유통,소비행태,소비트렌드,"['식품', '수산물', '생선', '해산물', '어류', '냉동식품', '온라인소비', '판매순위', '판매데이터', '소비현황', '소비동향', '소비데이터', '구매데이터', '시장동향', '인기순위', '유통데이터', '온라인쇼핑', '쇼핑데이터', '쇼핑트렌드', '소비행태', '온라인마켓', '마켓트렌드', '쇼핑플랫폼', '이커머스', '전자상거래']",1.97KB,-1,2017.0
KDX,page_2220.html,-,[SKT]강원도-홍천군[42720]_201907_서비스인구,"SK텔레콤 기지국 데이터를 GIRAF에서 수집, 가공하여 공간통계로서 해당 지역 내의 총인구, 거주인구, 방문인구, 근무자 인구를 추정 제공합니다.       \n해당 데이터는 전체 MS 50%를 차지하는 고객의 네트워크 데이터를 기초로, 통계청 등 공공데이터를 결합, 전국 250개 시군구 단위로 가공되었습니다.\n50M 의 가상격자 내에 존재하는 인구수를 월별/성연령별/목적별(거주,직장 등) 로 집계하여 전체 인구 기준으로 환산하였으며,\n세부항목은 거주인구 (야간체류) / 직장인구 (주간체류) / 유입인구 ( 거주와 직장을 제외한 순수방문인구 ) 로 이루어져 있으며, 이 세개의 필드를 합산하면 해당 장소에 존재하는\n전체 인구를 추정 가능합니다.\n(시간대별, 일별, 요일별 데이터가 필요하신 경우 별도 요청을 부탁드립니다)\nGIRAF는 Geo Intelligence Rapid Analytic Framework의 약자로 SK텔레콤의 가장 스마트한 위치 빅데이터 분석 플랫폼입니다. SK텔레콤의 GIRAF 데이터를 활용하면 시간대 별 해당지역 존재인구 추이를 볼 수 있고, 평일과 공휴일의 유동인구 비교 분석이  가능하며  지역내 거주인구 특성을 이해할 수 있고, 유동인구의 추이를 파악 가능합니다.",2000000,,True,2025-07-15,,SK텔레콤,통신/인구,"xlsx, zip","['유동인구', '직장인구', '주거인구', '방문인구', '서비스인구', '통신데이터', '위치데이터']",공간/위치,인구이동,유동인구,"['유동인구', '직장인구', '주거인구', '방문인구', '서비스인구', '통신데이터', '위치데이터']",701.45MB,-1,735523635.0
KDX,page_39470.html,-,품목정보_의료용기기,국내 기업 제품 정보를 바탕으로 구성된 의료용기기 관련 품목정보를 제공하는 데이터 상품입니다.,0,,True,2025-07-15,,나이스디앤비,경제/산업,csv,"['기업품목정보', '상품정보', '생산정보', '기업정보', '의료용기기']",소비/유통,소비행태,마케팅,"['기업품목정보', '상품정보', '생산정보', '기업정보', '의료용기기']",816Bytes,-1,816.0
KDX,page_33800.html,-,2022년 06월 유통관련 기타 관련 키워드의 연관어,"유통관련 기타 관련 키워드에 대한 일별/채널별 연관어\n- 기간 : 2022.06.01 ~ 2022.06.30\n- 채널 : 뉴스, 블로그, 트위터, 인스타그램, 전체\n\n※ 유통관련 기타 관련 키워드는 ""분류별 키워드 셋""(무료 상품)을 참고하세요.",22000,,True,2025-07-15,,바이브컴퍼니,SNS,"csv, xlsx","['바이브컴퍼니', '바이브', '다음소프트', '소셜', '미디어', 'SNS', '뉴스', '블로그', '트위터', '인스타그램', '빅데이터', '분석', '2022년', '6월', '일별', '유통관련기타', '키워드', '연관어', '연관키워드']",소비/유통,상품,유통,"['바이브컴퍼니', '바이브', '다음소프트', '소셜', '미디어', 'SNS', '뉴스', '블로그', '트위터', '인스타그램', '빅데이터', '분석', '2022년', '6월', '일별', '유통관련기타', '키워드', '연관어', '연관키워드']",5.70MB,-1,5976883.0
KDX,page_36724.html,-,202303 GS25 상품카테고리 별 지역별 강세 분석,전국 시/군/구 단위로 편의점의 상품 매출 비율을 통계하여 제공\n각 지역의 상품 판매 평균과 전국 평균을 상품별로 비교하여 각 지역의 편의점 선호 상품을 제공함,10000000,,True,2025-07-15,,지에스리테일,유통/마케팅,csv,"['KDX', '유통', '소비', 'GS', '지에스', 'GS25', 'gs25', '카테고리별', '지역별강세']",소비/유통,소비행태,소비트렌드,"['KDX', '유통', '소비', 'GS', '지에스', 'GS25', 'gs25', '카테고리별', '지역별강세']",5.38MB,-1,5641338.0
KDX,page_4493.html,-,2020년도 2분기 온누리스토어(온라인몰) 판매 내역 - 혈당관리 카테고리,2020년도 2분기 온누리스토어(온라인몰) 판매 내역 - 혈당관리 카테고리\n\n: 해당 자료는 국내 최대규모의 온라인 헬스케어 단독몰 온누리 스토어의 해당 카테고리 판매자료입니다. 혈당관리 관련 카테고리의 매출과 판매 내역 및 금액,300000,,True,2025-07-15,,온누리에이치엔씨,보건의료,csv,"['온누리스토어', '헬스케어', '의료', '온누리', '건강기능식품', '건기식', '의약품', '의약외품', '판매내역', '매출', '판매', '온라인몰', '온라인판매내역', '온누리약국', '약국']",소비/유통,상품,온라인몰,"['온누리스토어', '헬스케어', '의료', '온누리', '건강기능식품', '건기식', '의약품', '의약외품', '판매내역', '매출', '판매', '온라인몰', '온라인판매내역', '온누리약국', '약국']",38.58KB,-1,39505.0
KDX,page_40271.html,-,202402 전국 시군구단위 연체정보 데이터,본 데이터는 KCB가 각 금융사들로부터 매일 수집하는 최신 금융 데이터를 공간 단위로 재가공해 월별로 제공하고 있습니다.,17600000,"기준년월 STD_YM; 블록구분코드 BLCK_SP_CD; 시도코드 CTPV_CD; 시도명 CTPV_NM; 시군구코드 CTGG_CD; 시군구명 CTGG_NM; 성별코드 SEXD_CD (1: 남성 2:여성); 연령대코드 AGGRD_CD (20:20대 이하 30:30대 40:40대 50:50대 60:60대 70:70대 이상); 직업군코드 JOBG_CD (1:급여소득자 2:자영업자 3:기타(주부,학생,무직); 전체연체보유자수(명) ALL_ARR_HLDR_CT; 평균연체건수(건)  AVG_ARR_CONT; 평균연체일수(일)  AVG_ARR_DACT; 평균연체금액(천원) AVG_ARR_AMT; 중위연체금액(천원) MED_ARR_AMT",True,2025-07-15,"기준년월 STD_YM; 블록구분코드 BLCK_SP_CD; 시도코드 CTPV_CD; 시도명 CTPV_NM; 시군구코드 CTGG_CD; 시군구명 CTGG_NM; 성별코드 SEXD_CD (1: 남성 2:여성); 연령대코드 AGGRD_CD (20:20대 이하 30:30대 40:40대 50:50대 60:60대 70:70대 이상); 직업군코드 JOBG_CD (1:급여소득자 2:자영업자 3:기타(주부,학생,무직); 전체연체보유자수(명) ALL_ARR_HLDR_CT; 평균연체건수(건)  AVG_ARR_CONT; 평균연체일수(일)  AVG_ARR_DACT; 평균연체금액(천원) AVG_ARR_AMT; 중위연체금액(천원) MED_ARR_AMT",코리아크레딧뷰로,금융/증권,csv,"['전국', '시군구', '연체', 'KCB']",데이터분석,빅데이터,데이터,"['전국', '시군구', '연체', 'KCB']",960.60KB,-1,983654.0
KDX,page_32190.html,-,2021년 12월 문구 관련 키워드의 감성 연관어,"문구 관련 키워드에 대한 일별/채널별 감성 연관어\n- 기간 : 2021.12.01 ~ 2021.12.31\n- 채널 : 뉴스, 블로그, 트위터, 인스타그램, 전체\n\n※ 문구 관련 키워드는 ""분류별 키워드 셋""(무료 상품)을 참고하세요.",61000,,True,2025-07-15,,바이브컴퍼니,SNS,"csv, xlsx","['바이브컴퍼니', '바이브', '다음소프트', '소셜', '미디어', 'SNS', '뉴스', '블로그', '트위터', '인스타그램', '빅데이터', '분석', '2021년', '12월', '일별', '문구', '키워드', '감성', '연관어', '감성연관어']",소비/유통,소비행태,마케팅,"['바이브컴퍼니', '바이브', '다음소프트', '소셜', '미디어', 'SNS', '뉴스', '블로그', '트위터', '인스타그램', '빅데이터', '분석', '2021년', '12월', '일별', '문구', '키워드', '감성', '연관어', '감성연관어']",21.33MB,-1,22366126.0
KDX,page_28437.html,-,식자재 상품 매출 점유율 및 순위(소분류 X 시군구단위)_202101,"식자재 납품 지역(시/군/구)별x상품(소) 분류별 월별 매출 점유율, 순위를 제공합니다.\n데이터 제공 범위는 전국 단위로 제공합니다.",2200000,,True,2025-07-15,,CJ올리브네트웍스,소비/상권,csv,"['식자재', '상품분류', '상품유통', '소비분석', '소비트랜드', '시장분석', '씨제이올리브네트웍스', '유통데이터', '카테고리', '커머스', '소분류시군구']",소비/유통,상품,유통,"['식자재', '상품분류', '상품유통', '소비분석', '소비트랜드', '시장분석', '씨제이올리브네트웍스', '유통데이터', '카테고리', '커머스', '소분류시군구']",2.62MB,-1,2747269.0
KDX,page_1942.html,-,[SKT]경기도-수원시 권선구[41113]_201911_서비스인구,"SK텔레콤 기지국 데이터를 GIRAF에서 수집, 가공하여 공간통계로서 해당 지역 내의 총인구, 거주인구, 방문인구, 근무자 인구를 추정 제공합니다.       \n해당 데이터는 전체 MS 50%를 차지하는 고객의 네트워크 데이터를 기초로, 통계청 등 공공데이터를 결합, 전국 250개 시군구 단위로 가공되었습니다.\n50M 의 가상격자 내에 존재하는 인구수를 월별/성연령별/목적별(거주,직장 등) 로 집계하여 전체 인구 기준으로 환산하였으며,\n세부항목은 거주인구 (야간체류) / 직장인구 (주간체류) / 유입인구 ( 거주와 직장을 제외한 순수방문인구 ) 로 이루어져 있으며, 이 세개의 필드를 합산하면 해당 장소에 존재하는\n전체 인구를 추정 가능합니다.\n(시간대별, 일별, 요일별 데이터가 필요하신 경우 별도 요청을 부탁드립니다)\nGIRAF는 Geo Intelligence Rapid Analytic Framework의 약자로 SK텔레콤의 가장 스마트한 위치 빅데이터 분석 플랫폼입니다. SK텔레콤의 GIRAF 데이터를 활용하면 시간대 별 해당지역 존재인구 추이를 볼 수 있고, 평일과 공휴일의 유동인구 비교 분석이  가능하며  지역내 거주인구 특성을 이해할 수 있고, 유동인구의 추이를 파악 가능합니다.",2000000,,True,2025-07-15,,SK텔레콤,통신/인구,"xlsx, zip","['유동인구', '직장인구', '주거인구', '방문인구', '서비스인구', '통신데이터', '위치데이터']",공간/위치,인구이동,유동인구,"['유동인구', '직장인구', '주거인구', '방문인구', '서비스인구', '통신데이터', '위치데이터']",227.76MB,-1,238823669.0
KDX,page_26089.html,-,원천데이터 - 보도 MBN종합뉴스 2019년,"대용량 동영상 콘텐츠 AI 원천 데이터\n \n MBN 보도, 교양, 예능 원천 데이터를 활용하여 인공지능 학습용 데이터 구축 할 수 있게 객체 별 동영상 제공",58590500,,True,2025-07-15,,MBN,미디어,"xlsx, zip","['ai', 'big', 'data', 'mbn', '학습', '데이터', '구축', '원천', '인공지능', '라벨링', '머신', '러닝', '보도', '2019', '종합', '뉴스']",산업/기술,IT기술,AI,"['ai', 'big', 'data', 'mbn', '학습', '데이터', '구축', '원천', '인공지능', '라벨링', '머신', '러닝', '보도', '2019', '종합', '뉴스']",148.42GB,-1,159364761518.0
KDX,page_29556.html,-,[이커머스] 2021년 6월 일별 e커머스 프로젝터 가격 순위 현황 정보,"※ 데이터 소개\n - 국내 17개 온라인 마켓에 판매되고 있는 프로젝터 제품 가격, 할인, 순위 정보 제공\n - 제조사, 모델명, 판매자 별 판매 가격(최저가) 현황, 할인, 순위, 평점 분석 가능",1366000,,True,2025-07-15,,빌트온,이커머스,"csv, xlsx","['e커머스', '이커머스', '가격현황', '가격정보', '인기순위', '등록순위', '가전제품', '온라인상품', '상품현황', '유통', '빌트온', '프로젝터']",소비/유통,상품,온라인몰,"['e커머스', '이커머스', '가격현황', '가격정보', '인기순위', '등록순위', '가전제품', '온라인상품', '상품현황', '유통', '빌트온', '프로젝터']",23.16MB,-1,24285020.0
KDX,page_26099.html,-,원천데이터 - 유튜브 이렇게 만들죠 (DIY),"대용량 동영상 콘텐츠 AI 원천 데이터\n \n MBN 보도, 교양, 예능 원천 데이터를 활용하여 인공지능 학습용 데이터 구축 할 수 있게 객체 별 동영상 제공",9470000,,True,2025-07-15,,MBN,미디어,"xlsx, zip","['ai', 'big', 'data', 'mbn', '학습', '데이터', '구축', '원천', '인공지능', '라벨링', '머신', '러닝', '유튜브', '유튜브', '이렇게', '만들죠', 'diy']",산업/기술,IT기술,AI,"['ai', 'big', 'data', 'mbn', '학습', '데이터', '구축', '원천', '인공지능', '라벨링', '머신', '러닝', '유튜브', '유튜브', '이렇게', '만들죠', 'diy']",3.36GB,-1,3607772528.0
KDX,page_31016.html,-,2021년 06월 뷰티 브랜드별 리뷰 추이,"뷰티 관련 브랜드에 대한 브랜드별/일별 리뷰 추이\n- 기간 : 2021.06.01 ~ 2021.06.30\n- 채널 : 글로우픽 리뷰\n- 브랜드 : 2,500여개",500000,,True,2025-07-15,,바이브컴퍼니,SNS,"csv, xlsx","['바이브컴퍼니', '바이브', '뷰티', '뷰티제품', '브랜드', '리뷰', '빅데이터', '분석', '2021년', '6월', '일별', '리뷰추이']",소비/유통,거래정보,리뷰정보,"['바이브컴퍼니', '바이브', '뷰티', '뷰티제품', '브랜드', '리뷰', '빅데이터', '분석', '2021년', '6월', '일별', '리뷰추이']",1.80MB,-1,1887436.0
KDX,page_26389.html,-,2020년 09월 도서/문구 관련 키워드 버즈추이,"도서/문구 관련 키워드에 대한 일별/채널별 버즈추이\n- 기간 : 2020.09.01 ~ 2020.09.30\n- 채널 : 뉴스, 블로그, 트위터, 인스타그램, 전체\n\n※ 도서/문구 관련 키워드는 ""분류별 키워드 셋""(무료 상품)을 참고하세요.",7100,,True,2025-07-15,,바이브컴퍼니,SNS,,[''],소비/유통,소비행태,소비트렌드,[''],0 Byte,-1,0.0
KDX,page_4891.html,-,[SKT]경기도-용인시 처인구[41461]_202001_서비스인구,"SK텔레콤 기지국 데이터를 GIRAF에서 수집, 가공하여 공간통계로서 해당 지역 내의 총인구, 거주인구, 방문인구, 근무자 인구를 추정 제공합니다.       \n해당 데이터는 전체 MS 50%를 차지하는 고객의 네트워크 데이터를 기초로, 통계청 등 공공데이터를 결합, 전국 250개 시군구 단위로 가공되었습니다.\n50M 의 가상격자 내에 존재하는 인구수를 월별/성연령별/목적별(거주,직장 등) 로 집계하여 전체 인구 기준으로 환산하였으며,\n세부항목은 거주인구 (야간체류) / 직장인구 (주간체류) / 유입인구 ( 거주와 직장을 제외한 순수방문인구 ) 로 이루어져 있으며, 이 세개의 필드를 합산하면 해당 장소에 존재하는\n전체 인구를 추정 가능합니다.\n(시간대별, 일별, 요일별 데이터가 필요하신 경우 별도 요청을 부탁드립니다)\nGIRAF는 Geo Intelligence Rapid Analytic Framework의 약자로 SK텔레콤의 가장 스마트한 위치 빅데이터 분석 플랫폼입니다. SK텔레콤의 GIRAF 데이터를 활용하면 시간대 별 해당지역 존재인구 추이를 볼 수 있고, 평일과 공휴일의 유동인구 비교 분석이  가능하며  지역내 거주인구 특성을 이해할 수 있고, 유동인구의 추이를 파악 가능합니다.",2000000,,True,2025-07-15,,SK텔레콤,통신/인구,zip,"['유동인구', '직장인구', '주거인구', '방문인구', '서비스인구', '통신데이터', '위치데이터']",공간/위치,인구이동,서비스인구,"['유동인구', '직장인구', '주거인구', '방문인구', '서비스인구', '통신데이터', '위치데이터']",678.97MB,-1,711951646.0
KDX,page_26932.html,-,오프라인 매장방문통계 카테고리(2020년 11월),2020년 11월 기준 로플랫매장방문통계_로플랫 카테고리 별 위치인식 횟수,1000000,,True,2025-07-15,,로플랫,유통/마케팅,csv,"['loplat', 'visit', 'statistics', 'category', '로플랫', '매장방문', '매장', '백화점', '대형마트', '쇼핑몰', '오프라인', '방문통계', '카테고리']",소비/유통,상품,쇼핑,"['loplat', 'visit', 'statistics', 'category', '로플랫', '매장방문', '매장', '백화점', '대형마트', '쇼핑몰', '오프라인', '방문통계', '카테고리']",8.39KB,-1,8591.0
KDX,page_56.html,-,2014년 부동산 뉴스,"- 매일방송, 2014년도 부동산 카테고리 뉴스 정보 데이터 셋\n- 텍스트를 이용한 AI 개발 등 다양한 방면에서 활용 가능\n\n1966년 창간한 매일경제신문과, 1993년 설립된 종합편성채널 MBN 등이 속한 매경미디어그룹이 보유한 뉴스 텍스트 데이터입니다.\n신문 뉴스 텍스트와 방송 뉴스 텍스트 등을 가지고 있어 문어체 텍스트와 구어체 텍스트가 모두 갖춰져 있습니다.\n또한, 텍스트의 주제 또한 정치, 경제, 사회, 문화 등 분야를 가리지 않고 고루 분포돼 있습니다.",0,,True,2025-07-15,,MBN,부동산/지리,"csv, xlsx","['mbn', '매일방송', '뉴스', '부동산', '2014', 'mk', '매일', '경제', '방송', '보도', '매경', '매일경제', '종합뉴스']",데이터분석,미디어분석,미디어,"['mbn', '매일방송', '뉴스', '부동산', '2014', 'mk', '매일', '경제', '방송', '보도', '매경', '매일경제', '종합뉴스']",24.73MB,-1,25931284.0
KDX,page_29901.html,-,전국 지역별 아파트 시세,"건축물 대장을 이용한 단지 정보 및 면적 정보, 실거래가 매칭 정보, 아파트 실거래가 등을 이용하여 머신런닝 기반으로 만든 지역별 특광도/시군구/읍면동의 아파트 시세를 제공합니다.",3000000,,True,2025-07-15,,지인플러스,부동산/지리,csv,"['아파트시세', '지역별시세', '읍면동아파트시세', '지역', '아파트실거래가', '아파트', '평균가', '매매가', '전세가', '전세율', '지역평균가', '실거래가', '유통소비', 'kdx']",데이터분석,빅데이터,데이터,"['아파트시세', '지역별시세', '읍면동아파트시세', '지역', '아파트실거래가', '아파트', '평균가', '매매가', '전세가', '전세율', '지역평균가', '실거래가', '유통소비', 'kdx']",31.56MB,-1,33093058.0
KDX,page_39819.html,-,202311 상품분류 구매횟수별 고객구성비,GS25 상품카테고리별 연령대 및 성별의 구매횟수별  월 집계 구성비 데이터로  연령대별로 어느 카테고리 상품을 상대적으로 구매 횟수가 높은지 확인 할 수 있는 데이터임,10000000,,True,2025-07-15,,지에스리테일,유통/마케팅,csv,"['KDX', '유통', '소비', 'GS', '지에스', 'GS25', 'gs25', '카테고리', '상품분류', '구매횟수', '고객구성비']",소비/유통,소비행태,소비트렌드,"['KDX', '유통', '소비', 'GS', '지에스', 'GS25', 'gs25', '카테고리', '상품분류', '구매횟수', '고객구성비']",20.71KB,-1,21207.0
KDX,page_6828.html,-,[SKT]전라북도-군산시[45130]_202008_서비스인구,"SK텔레콤 기지국 데이터를 GIRAF에서 수집, 가공하여 공간통계로서 해당 지역 내의 총인구, 거주인구, 방문인구, 근무자 인구를 추정 제공합니다.       \n해당 데이터는 전체 MS 50%를 차지하는 고객의 네트워크 데이터를 기초로, 통계청 등 공공데이터를 결합, 전국 250개 시군구 단위로 가공되었습니다.\n50M 의 가상격자 내에 존재하는 인구수를 월별/성연령별/목적별(거주,직장 등) 로 집계하여 전체 인구 기준으로 환산하였으며,\n세부항목은 거주인구 (야간체류) / 직장인구 (주간체류) / 유입인구 ( 거주와 직장을 제외한 순수방문인구 ) 로 이루어져 있으며, 이 세개의 필드를 합산하면 해당 장소에 존재하는\n전체 인구를 추정 가능합니다.\n(시간대별, 일별, 요일별 데이터가 필요하신 경우 별도 요청을 부탁드립니다)\nGIRAF는 Geo Intelligence Rapid Analytic Framework의 약자로 SK텔레콤의 가장 스마트한 위치 빅데이터 분석 플랫폼입니다. SK텔레콤의 GIRAF 데이터를 활용하면 시간대 별 해당지역 존재인구 추이를 볼 수 있고, 평일과 공휴일의 유동인구 비교 분석이  가능하며  지역내 거주인구 특성을 이해할 수 있고, 유동인구의 추이를 파악 가능합니다.",2000000,,True,2025-07-15,,SK텔레콤,통신/인구,zip,"['유동인구', '직장인구', '주거인구', '방문인구', '서비스인구', '통신데이터', '위치데이터']",공간/위치,인구이동,유동인구,"['유동인구', '직장인구', '주거인구', '방문인구', '서비스인구', '통신데이터', '위치데이터']",563.56MB,-1,590935490.0
KDX,page_4858.html,-,[SKT]울산광역시-중구[31110]_202001_서비스인구,"SK텔레콤 기지국 데이터를 GIRAF에서 수집, 가공하여 공간통계로서 해당 지역 내의 총인구, 거주인구, 방문인구, 근무자 인구를 추정 제공합니다.       \n해당 데이터는 전체 MS 50%를 차지하는 고객의 네트워크 데이터를 기초로, 통계청 등 공공데이터를 결합, 전국 250개 시군구 단위로 가공되었습니다.\n50M 의 가상격자 내에 존재하는 인구수를 월별/성연령별/목적별(거주,직장 등) 로 집계하여 전체 인구 기준으로 환산하였으며,\n세부항목은 거주인구 (야간체류) / 직장인구 (주간체류) / 유입인구 ( 거주와 직장을 제외한 순수방문인구 ) 로 이루어져 있으며, 이 세개의 필드를 합산하면 해당 장소에 존재하는\n전체 인구를 추정 가능합니다.\n(시간대별, 일별, 요일별 데이터가 필요하신 경우 별도 요청을 부탁드립니다)\nGIRAF는 Geo Intelligence Rapid Analytic Framework의 약자로 SK텔레콤의 가장 스마트한 위치 빅데이터 분석 플랫폼입니다. SK텔레콤의 GIRAF 데이터를 활용하면 시간대 별 해당지역 존재인구 추이를 볼 수 있고, 평일과 공휴일의 유동인구 비교 분석이  가능하며  지역내 거주인구 특성을 이해할 수 있고, 유동인구의 추이를 파악 가능합니다.",2000000,,True,2025-07-15,,SK텔레콤,통신/인구,zip,"['유동인구', '직장인구', '주거인구', '방문인구', '서비스인구', '통신데이터', '위치데이터']",공간/위치,인구이동,서비스인구,"['유동인구', '직장인구', '주거인구', '방문인구', '서비스인구', '통신데이터', '위치데이터']",134.34MB,-1,140865699.0
KDX,page_31923.html,-,[이커머스] 2021년 11월 일별 e커머스 유선청소기 리뷰 정보,"※ 데이터 소개\n - 국내 17개 온라인 마켓에 판매되고 있는 유선청소기 제품의 구매후기 정보\n - 제조사, 모델, 채널, 판매자 별 구매후기 현황 분석 가능",515000,,True,2025-07-15,,빌트온,이커머스,"xlsx, csv","['e커머스', '이커머스', '리뷰현황', '구매후기', '후기정보', '텍스트마이닝', '가전제품', '온라인상품', '상품현황', '유통', '빌트온', '유선청소기']",소비/유통,거래정보,리뷰정보,"['e커머스', '이커머스', '리뷰현황', '구매후기', '후기정보', '텍스트마이닝', '가전제품', '온라인상품', '상품현황', '유통', '빌트온', '유선청소기']",554.12KB,-1,567418.0
KDX,page_33555.html,-,2022년 05월 키즈 관련 키워드의 연관어,"키즈 관련 키워드에 대한 일별/채널별 연관어\n- 기간 : 2022.05.01 ~ 2022.05.31\n- 채널 : 뉴스, 블로그, 트위터, 인스타그램, 전체\n\n※ 키즈 관련 키워드는 ""분류별 키워드 셋""(무료 상품)을 참고하세요.",52000,,True,2025-07-15,,바이브컴퍼니,SNS,"csv, xlsx","['바이브컴퍼니', '바이브', '다음소프트', '소셜', '미디어', 'SNS', '뉴스', '블로그', '트위터', '인스타그램', '빅데이터', '분석', '2022년', '5월', '일별', '키즈', '키워드', '연관어', '연관키워드']",소비/유통,소비행태,마케팅,"['바이브컴퍼니', '바이브', '다음소프트', '소셜', '미디어', 'SNS', '뉴스', '블로그', '트위터', '인스타그램', '빅데이터', '분석', '2022년', '5월', '일별', '키즈', '키워드', '연관어', '연관키워드']",15.58MB,-1,16336814.0
KDX,page_5790.html,-,[SKT]경상북도-영천시[47230]_202004_서비스인구,"SK텔레콤 기지국 데이터를 GIRAF에서 수집, 가공하여 공간통계로서 해당 지역 내의 총인구, 거주인구, 방문인구, 근무자 인구를 추정 제공합니다.       \n해당 데이터는 전체 MS 50%를 차지하는 고객의 네트워크 데이터를 기초로, 통계청 등 공공데이터를 결합, 전국 250개 시군구 단위로 가공되었습니다.\n50M 의 가상격자 내에 존재하는 인구수를 월별/성연령별/목적별(거주,직장 등) 로 집계하여 전체 인구 기준으로 환산하였으며,\n세부항목은 거주인구 (야간체류) / 직장인구 (주간체류) / 유입인구 ( 거주와 직장을 제외한 순수방문인구 ) 로 이루어져 있으며, 이 세개의 필드를 합산하면 해당 장소에 존재하는\n전체 인구를 추정 가능합니다.\n(시간대별, 일별, 요일별 데이터가 필요하신 경우 별도 요청을 부탁드립니다)\nGIRAF는 Geo Intelligence Rapid Analytic Framework의 약자로 SK텔레콤의 가장 스마트한 위치 빅데이터 분석 플랫폼입니다. SK텔레콤의 GIRAF 데이터를 활용하면 시간대 별 해당지역 존재인구 추이를 볼 수 있고, 평일과 공휴일의 유동인구 비교 분석이  가능하며  지역내 거주인구 특성을 이해할 수 있고, 유동인구의 추이를 파악 가능합니다.",2000000,,True,2025-07-15,,SK텔레콤,통신/인구,zip,"['유동인구', '직장인구', '주거인구', '방문인구', '서비스인구', '통신데이터', '위치데이터']",공간/위치,인구이동,유동인구,"['유동인구', '직장인구', '주거인구', '방문인구', '서비스인구', '통신데이터', '위치데이터']",475.13MB,-1,498209914.0
KDX,page_27982.html,-,2021년 02월 음향가전 관련 키워드에 대한 원문정보,"음향가전 관련 키워드에 대한 일별/채널별 원문정보\n- 기간 : 2021.02.01 ~ 2021.02.28\n- 채널 : 뉴스, 블로그, 트위터, 인스타그램\n\n※ 향후에는 관련 키워드 버즈추이 데이터를 구매하면 무료로 제공 예정입니다.\n\n※ 음향가전 관련 키워드는 ""분류별 키워드 셋""(무료 상품)을 참고하세요.",26000,,True,2025-07-15,,바이브컴퍼니,SNS,"csv, xlsx","['바이브컴퍼니', '바이브', '다음소프트', '소셜', '미디어', 'SNS', '뉴스', '블로그', '트위터', '인스타그램', '빅데이터', '분석', '2021년', '2월', '일별', '음향가전', '키워드', '원문정보', '문서', '제목', '내용', 'URL', '원문매핑정보']",소비/유통,소비행태,마케팅,"['바이브컴퍼니', '바이브', '다음소프트', '소셜', '미디어', 'SNS', '뉴스', '블로그', '트위터', '인스타그램', '빅데이터', '분석', '2021년', '2월', '일별', '음향가전', '키워드', '원문정보', '문서', '제목', '내용', 'URL', '원문매핑정보']",89.25MB,-1,93585408.0
KDX,page_37082.html,-,202304 지역별 상품분류별 시간대별_매출구성비,-. GS25 상품카테고리의 시간대별 매출 구성비를 지역별로 분석 가능한 월 집계 데이터 \n-. 법정동단위 지역을 구분하여 지역별 상품팔림새의 비교분석이 가능하고 팔림새의 그룹핑을 통해서 유사상권의 특성파악이 가능,30000000,,True,2025-07-15,,지에스리테일,유통/마케팅,zip 파일 내 확장자(csv 등),"['KDX', '유통', '소비', 'GS', '지에스', 'GS25', 'gs25', '카테고리', '상품분류', '매출', '매출구성비', '지역시간대별']",소비/유통,상품,유통,"['KDX', '유통', '소비', 'GS', '지에스', 'GS25', 'gs25', '카테고리', '상품분류', '매출', '매출구성비', '지역시간대별']",,-1,
KDX,page_27919.html,-,2021년 02월 인테리어 관련 키워드 버즈추이,"인테리어 관련 키워드에 대한 일별/채널별 버즈추이\n- 기간 : 2021.02.01 ~ 2021.02.28\n- 채널 : 뉴스, 블로그, 트위터, 인스타그램, 전체\n\n※ 인테리어 관련 키워드는 ""분류별 키워드 셋""(무료 상품)을 참고하세요.",28600,,True,2025-07-15,,바이브컴퍼니,SNS,"csv, xlsx","['바이브컴퍼니', '바이브', '다음소프트', '소셜', '미디어', 'SNS', '뉴스', '블로그', '트위터', '인스타그램', '빅데이터', '분석', '2021년', '2월', '일별', '인테리어', '키워드', '빈도수', '버즈추이']",소비/유통,소비행태,소비트렌드,"['바이브컴퍼니', '바이브', '다음소프트', '소셜', '미디어', 'SNS', '뉴스', '블로그', '트위터', '인스타그램', '빅데이터', '분석', '2021년', '2월', '일별', '인테리어', '키워드', '빈도수', '버즈추이']",240.95KB,-1,246732.0
KDX,page_39072.html,-,[NH농협카드] 일자별 소비현황_세종_2023년 6월,2023년 6월 세종 지역 개인/기업별 카드 이용현황,0,,True,2025-07-15,,농협은행(농협카드),소비/상권,csv,"['NH농협카드', '카드', '일자별', '소비트렌드']",소비/유통,소비행태,소비트렌드,"['NH농협카드', '카드', '일자별', '소비트렌드']",1.59KB,-1,1628.0
KDX,page_39977.html,-,202312 상품분류 매출구성비,GS25의 상품카테고리별 매출구성비 월 집계데이터로 어느 카테고리가 상대적으로 매출이 우수한지 확인할 수 있으며  카테고리의 월별 트랜드를 확인 할 수 있는 데이터임,10000000,,True,2025-07-15,,지에스리테일,유통/마케팅,csv,"['KDX', '유통', '소비', 'GS', '지에스', 'GS25', 'gs25', '카테고리', '상품분류', '매출', '매출구성비']",소비/유통,소비행태,소비,"['KDX', '유통', '소비', 'GS', '지에스', 'GS25', 'gs25', '카테고리', '상품분류', '매출', '매출구성비']",28.52KB,-1,29204.0
KDX,page_32365.html,-,2022년 01월 해외구매 관련 키워드에 대한 원문정보,"해외구매 관련 키워드에 대한 일별/채널별 원문정보\n- 기간 : 2022.01.01 ~ 2022.01.31\n- 채널 : 뉴스, 블로그, 트위터, 인스타그램\n\n※ 향후에는 관련 키워드 버즈추이 데이터를 구매하면 무료로 제공 예정입니다.\n\n※ 해외구매 관련 키워드는 ""분류별 키워드 셋""(무료 상품)을 참고하세요.",10000,,True,2025-07-15,,바이브컴퍼니,SNS,"csv, xlsx","['바이브컴퍼니', '바이브', '다음소프트', '소셜', '미디어', 'SNS', '뉴스', '블로그', '트위터', '인스타그램', '빅데이터', '분석', '2022년', '1월', '일별', '해외구매', '키워드', '원문정보', '문서', '제목', '내용', 'URL', '원문매핑정보']",소비/유통,상품,구매,"['바이브컴퍼니', '바이브', '다음소프트', '소셜', '미디어', 'SNS', '뉴스', '블로그', '트위터', '인스타그램', '빅데이터', '분석', '2022년', '1월', '일별', '해외구매', '키워드', '원문정보', '문서', '제목', '내용', 'URL', '원문매핑정보']",19.20MB,-1,20132659.0
KDX,page_5516.html,-,[SKT]경상북도-구미시[47190]_202003_서비스인구,"SK텔레콤 기지국 데이터를 GIRAF에서 수집, 가공하여 공간통계로서 해당 지역 내의 총인구, 거주인구, 방문인구, 근무자 인구를 추정 제공합니다.       \n해당 데이터는 전체 MS 50%를 차지하는 고객의 네트워크 데이터를 기초로, 통계청 등 공공데이터를 결합, 전국 250개 시군구 단위로 가공되었습니다.\n50M 의 가상격자 내에 존재하는 인구수를 월별/성연령별/목적별(거주,직장 등) 로 집계하여 전체 인구 기준으로 환산하였으며,\n세부항목은 거주인구 (야간체류) / 직장인구 (주간체류) / 유입인구 ( 거주와 직장을 제외한 순수방문인구 ) 로 이루어져 있으며, 이 세개의 필드를 합산하면 해당 장소에 존재하는\n전체 인구를 추정 가능합니다.\n(시간대별, 일별, 요일별 데이터가 필요하신 경우 별도 요청을 부탁드립니다)\nGIRAF는 Geo Intelligence Rapid Analytic Framework의 약자로 SK텔레콤의 가장 스마트한 위치 빅데이터 분석 플랫폼입니다. SK텔레콤의 GIRAF 데이터를 활용하면 시간대 별 해당지역 존재인구 추이를 볼 수 있고, 평일과 공휴일의 유동인구 비교 분석이  가능하며  지역내 거주인구 특성을 이해할 수 있고, 유동인구의 추이를 파악 가능합니다.",2000000,,True,2025-07-15,,SK텔레콤,통신/인구,zip,"['유동인구', '직장인구', '주거인구', '방문인구', '서비스인구', '통신데이터', '위치데이터']",공간/위치,인구이동,서비스인구,"['유동인구', '직장인구', '주거인구', '방문인구', '서비스인구', '통신데이터', '위치데이터']",678.97MB,-1,711951646.0
KDX,page_4096.html,-,앱마인더_앱평가 결과(영상/오디오 앱 편),"모바일 logdata 분석(앱마인더)의 앱 사용성 평가\n - 총 122개 앱 대상(월간 이용자 수 30만이상 앱 대상)\n   ※ 각 카테고리 별 앱 개수는 상이함\n - 디자인, UI/UX, 상품/서비스, 마케팅 등의 세부 항목 평가",100000,구매자의 목적에 따라 카테고리별 구매 가능(총 9개 상품 카테고리),True,2025-07-15,구매자의 목적에 따라 카테고리별 구매 가능(총 9개 상품 카테고리),나이스디앤알,경제/산업,pdf,"['넷플릭스', '멜론', '티빙', 'u모바일tv', '틱톡', '아프리카티비', '지니', '카카오뮤직', '플로', '앱', '앱평가']",소비/유통,소비행태,마케팅,"['넷플릭스', '멜론', '티빙', 'u모바일tv', '틱톡', '아프리카티비', '지니', '카카오뮤직', '플로', '앱', '앱평가']",4.44MB,-1,4655677.0
KDX,page_38910.html,-,[NH농협카드] 일자별 소비현황_경북_2020년 3월,2020년 3월 경북 지역 개인/기업별 카드 이용현황,0,,True,2025-07-15,,농협은행(농협카드),소비/상권,csv,"['NH농협카드', '카드', '일자별', '소비트렌드']",소비/유통,소비행태,소비트렌드,"['NH농협카드', '카드', '일자별', '소비트렌드']",1.72KB,-1,1761.0
KDX,page_28397.html,-,[이커머스] 2021년 3월 일별 e커머스 전기밥솥 가격 순위 현황 정보,"※ 데이터 소개\n - 국내 17개 온라인 마켓에 판매되고 있는 전기밥솥 제품 가격, 할인, 순위 정보 제공\n - 제조사, 모델명, 판매자 별 판매 가격(최저가) 현황, 할인, 순위, 평점 분석 가능",4726000,,True,2025-07-15,,빌트온,이커머스,"xlsx, csv","['e커머스', '이커머스', '가격현황', '가격정보', '인기순위', '등록순위', '가전제품', '온라인상품', '상품현황', '유통', '빌트온', '전기밥솥', '최저가격']",소비/유통,상품,쇼핑,"['e커머스', '이커머스', '가격현황', '가격정보', '인기순위', '등록순위', '가전제품', '온라인상품', '상품현황', '유통', '빌트온', '전기밥솥', '최저가격']",104.72MB,-1,109806878.0
KDX,page_29441.html,-,2021년 06월 욕실용품 관련 키워드의 감성 연관어,"욕실용품 관련 키워드에 대한 일별/채널별 감성 연관어\n- 기간 : 2021.06.01 ~ 2021.06.30\n- 채널 : 뉴스, 블로그, 트위터, 인스타그램, 전체\n\n※ 욕실용품 관련 키워드는 ""분류별 키워드 셋""(무료 상품)을 참고하세요.",28000,,True,2025-07-15,,바이브컴퍼니,SNS,"csv, xlsx","['바이브컴퍼니', '바이브', '다음소프트', '소셜', '미디어', 'SNS', '뉴스', '블로그', '트위터', '인스타그램', '빅데이터', '분석', '2021년', '6월', '일별', '욕실용품', '키워드', '감성', '연관어', '감성연관어']",소비/유통,소비행태,소비트렌드,"['바이브컴퍼니', '바이브', '다음소프트', '소셜', '미디어', 'SNS', '뉴스', '블로그', '트위터', '인스타그램', '빅데이터', '분석', '2021년', '6월', '일별', '욕실용품', '키워드', '감성', '연관어', '감성연관어']",5.71MB,-1,5987368.0
KDX,page_1954.html,-,[SKT]경상남도-김해시[48250]_201911_서비스인구,"SK텔레콤 기지국 데이터를 GIRAF에서 수집, 가공하여 공간통계로서 해당 지역 내의 총인구, 거주인구, 방문인구, 근무자 인구를 추정 제공합니다.       \n해당 데이터는 전체 MS 50%를 차지하는 고객의 네트워크 데이터를 기초로, 통계청 등 공공데이터를 결합, 전국 250개 시군구 단위로 가공되었습니다.\n50M 의 가상격자 내에 존재하는 인구수를 월별/성연령별/목적별(거주,직장 등) 로 집계하여 전체 인구 기준으로 환산하였으며,\n세부항목은 거주인구 (야간체류) / 직장인구 (주간체류) / 유입인구 ( 거주와 직장을 제외한 순수방문인구 ) 로 이루어져 있으며, 이 세개의 필드를 합산하면 해당 장소에 존재하는\n전체 인구를 추정 가능합니다.\n(시간대별, 일별, 요일별 데이터가 필요하신 경우 별도 요청을 부탁드립니다)\nGIRAF는 Geo Intelligence Rapid Analytic Framework의 약자로 SK텔레콤의 가장 스마트한 위치 빅데이터 분석 플랫폼입니다. SK텔레콤의 GIRAF 데이터를 활용하면 시간대 별 해당지역 존재인구 추이를 볼 수 있고, 평일과 공휴일의 유동인구 비교 분석이  가능하며  지역내 거주인구 특성을 이해할 수 있고, 유동인구의 추이를 파악 가능합니다.",2000000,,True,2025-07-15,,SK텔레콤,통신/인구,"xlsx, zip","['유동인구', '직장인구', '주거인구', '방문인구', '서비스인구', '통신데이터', '위치데이터']",공간/위치,인구이동,유동인구,"['유동인구', '직장인구', '주거인구', '방문인구', '서비스인구', '통신데이터', '위치데이터']",832.89MB,-1,873348464.0
KDX,page_40720.html,-,202406 전국 시도단위 대출정보 데이터 ,본 데이터는 KCB가 각 금융사들로부터 매일 수집하는 최신 금융 데이터를 공간 단위로 재가공해 월별로 제공하고 있습니다.,0,기준년월 STD_YM; 블록구분코드 BLCK_SP_CD; 시도코드 CTPV_CD; 시도명 CTPV_NM; 대출보유자수(명) LN_HLDR_CT; 평균대출건수(건) AVG_LN_CONT; 전체대출잔액(천원) ALL_LN_BLC; 평균대출잔액(천원) AVG_LN_BLC,True,2025-07-15,기준년월 STD_YM; 블록구분코드 BLCK_SP_CD; 시도코드 CTPV_CD; 시도명 CTPV_NM; 대출보유자수(명) LN_HLDR_CT; 평균대출건수(건) AVG_LN_CONT; 전체대출잔액(천원) ALL_LN_BLC; 평균대출잔액(천원) AVG_LN_BLC,코리아크레딧뷰로,금융/증권,csv,"['전국', '시도', '대출', 'KCB', '2024']",데이터분석,빅데이터,데이터,"['전국', '시도', '대출', 'KCB', '2024']",957Bytes,-1,957.0
KDX,page_34115.html,-,[NH농협카드] 온라인 업종별 소비 트렌드_#4 외식배달,온라인 외식 배달 서비스 이용고객 속성 및 소비현황 데이터,-2,,True,2025-07-15,,농협은행(농협카드),소비/상권,csv,"['NH농협카드', '온라인쇼핑', '온라인소비', '카드', '소비', '비대면', '시간대', '업종', '요일', '연령대', '성별', '외식배달', '배달', '배달앱']",소비/유통,소비행태,소비트렌드,"['NH농협카드', '온라인쇼핑', '온라인소비', '카드', '소비', '비대면', '시간대', '업종', '요일', '연령대', '성별', '외식배달', '배달', '배달앱']",4.23KB,-1,4331.0
KDX,page_40667.html,-,한국/미국 특허청의 기업별 기술키워드 데이터,"해당 상품은 한국과 미국의 협력 파트너를 발굴하기 위해, 기술 키워드로 특허데이터 에서 협력가능성이 큰 기업들의 기술분야를 파악하기 위한 통계 데이터입니다.",-2,,True,2025-07-15,,윕스,경제/산업,xlsx,"['기업', '기업국적', '기업총특허수', '키워드', '키워드관련특허수', '년도']",기타,기타,기타,"['기업', '기업국적', '기업총특허수', '키워드', '키워드관련특허수', '년도']",4.58MB,-1,4802478.0
KDX,page_187.html,-,1801/1909 전국 (2000여개 온누리회원약국) 제품공급내역,"*전국 2000여개의 온누리 약국체인으로 공급되고 있는 온누리 H&C의 제품의 카테고리 정보입니다.\n약국의 판매되고 있는 제품의 카테고리별 매출 비중을 확인 할 수 있는 제품입니다.\n(1) 제품 종류\n: 일반 의약품 , 건강기능식품 , 의약외품 , 기타제품\n(2) 기간\n: 2018년 1월 - 2019년 9월",2000000,,True,2025-07-15,,온누리에이치엔씨,보건의료,"xlsx, csv","['의약품', '일반약품', '의약외품', '건강기능식품', '건기식', '약국', '헬스케어', '온누리에이치엔씨', '온누리hnc', '건강', '데이터루', '데이터저널리즘']",소비/유통,소비행태,소비트렌드,"['의약품', '일반약품', '의약외품', '건강기능식품', '건기식', '약국', '헬스케어', '온누리에이치엔씨', '온누리hnc', '건강', '데이터루', '데이터저널리즘']",254.86MB,-1,267240079.0
KDX,page_5069.html,-,[SKT]서울특별시-관악구[11620]_202002_서비스인구,"SK텔레콤 기지국 데이터를 GIRAF에서 수집, 가공하여 공간통계로서 해당 지역 내의 총인구, 거주인구, 방문인구, 근무자 인구를 추정 제공합니다.       \n해당 데이터는 전체 MS 50%를 차지하는 고객의 네트워크 데이터를 기초로, 통계청 등 공공데이터를 결합, 전국 250개 시군구 단위로 가공되었습니다.\n50M 의 가상격자 내에 존재하는 인구수를 월별/성연령별/목적별(거주,직장 등) 로 집계하여 전체 인구 기준으로 환산하였으며,\n세부항목은 거주인구 (야간체류) / 직장인구 (주간체류) / 유입인구 ( 거주와 직장을 제외한 순수방문인구 ) 로 이루어져 있으며, 이 세개의 필드를 합산하면 해당 장소에 존재하는\n전체 인구를 추정 가능합니다.\n(시간대별, 일별, 요일별 데이터가 필요하신 경우 별도 요청을 부탁드립니다)\nGIRAF는 Geo Intelligence Rapid Analytic Framework의 약자로 SK텔레콤의 가장 스마트한 위치 빅데이터 분석 플랫폼입니다. SK텔레콤의 GIRAF 데이터를 활용하면 시간대 별 해당지역 존재인구 추이를 볼 수 있고, 평일과 공휴일의 유동인구 비교 분석이  가능하며  지역내 거주인구 특성을 이해할 수 있고, 유동인구의 추이를 파악 가능합니다.",2000000,,True,2025-07-15,,SK텔레콤,통신/인구,zip,"['유동인구', '직장인구', '주거인구', '방문인구', '서비스인구', '통신데이터', '위치데이터']",공간/위치,위치기반,위치데이터,"['유동인구', '직장인구', '주거인구', '방문인구', '서비스인구', '통신데이터', '위치데이터']",146.84MB,-1,153972899.0
KDX,page_40791.html,-,202407 전국 시도단위 연체정보 데이터,본 데이터는 KCB가 각 금융사들로부터 매일 수집하는 최신 금융 데이터를 공간 단위로 재가공해 월별로 제공하고 있습니다.,0,기준년월 STD_YM; 블록구분코드 BLCK_SP_CD; 시도코드 CTPV_CD; 시도명 CTPV_NM; 전체연체보유자수(명) ALL_ARR_HLDR_CT; 평균연체건수(건)  AVG_ARR_CONT; 평균연체일수(일)  AVG_ARR_DACT; 평균연체금액(천원) AVG_ARR_AMT; 중위연체금액(천원) MED_ARR_AMT,True,2025-07-15,기준년월 STD_YM; 블록구분코드 BLCK_SP_CD; 시도코드 CTPV_CD; 시도명 CTPV_NM; 전체연체보유자수(명) ALL_ARR_HLDR_CT; 평균연체건수(건)  AVG_ARR_CONT; 평균연체일수(일)  AVG_ARR_DACT; 평균연체금액(천원) AVG_ARR_AMT; 중위연체금액(천원) MED_ARR_AMT,코리아크레딧뷰로,금융/증권,csv,"['전국', '연체', '시도', 'KCB']",데이터분석,빅데이터,데이터,"['전국', '연체', '시도', 'KCB']",896Bytes,-1,896.0
KDX,page_32148.html,-,2021년 12월 주방가전 관련 키워드에 대한 원문정보,"주방가전 관련 키워드에 대한 일별/채널별 원문정보\n- 기간 : 2021.12.01 ~ 2021.12.31\n- 채널 : 뉴스, 블로그, 트위터, 인스타그램\n\n※ 향후에는 관련 키워드 버즈추이 데이터를 구매하면 무료로 제공 예정입니다.\n\n※ 주방가전 관련 키워드는 ""분류별 키워드 셋""(무료 상품)을 참고하세요.",46000,,True,2025-07-15,,바이브컴퍼니,SNS,"csv, xlsx","['바이브컴퍼니', '바이브', '다음소프트', '소셜', '미디어', 'SNS', '뉴스', '블로그', '트위터', '인스타그램', '빅데이터', '분석', '2021년', '12월', '일별', '주방가전', '키워드', '원문정보', '문서', '제목', '내용', 'URL', '원문매핑정보']",소비/유통,소비행태,소비트렌드,"['바이브컴퍼니', '바이브', '다음소프트', '소셜', '미디어', 'SNS', '뉴스', '블로그', '트위터', '인스타그램', '빅데이터', '분석', '2021년', '12월', '일별', '주방가전', '키워드', '원문정보', '문서', '제목', '내용', 'URL', '원문매핑정보']",72.97MB,-1,76514590.0
KDX,page_29276.html,-,전국 상품 물동량 점유율(중분류)_202105,대한통운 송장정보의 상품분류별(대/중분류) 주문 점유율/월  : 대분류 전체 포함,1100000,,True,2025-07-15,,CJ올리브네트웍스,물류/교통,csv,"['상품명', '상품분류', '상품유통', '소비분석', '소비트랜드', '송장', '시장분석', '씨제이올리브네트웍스', '유통데이터', '주문수', '카테고리', '커머스', '택배']",소비/유통,상품,물류,"['상품명', '상품분류', '상품유통', '소비분석', '소비트랜드', '송장', '시장분석', '씨제이올리브네트웍스', '유통데이터', '주문수', '카테고리', '커머스', '택배']",5.69KB,-1,5826.0
KDX,page_29296.html,-,오프라인 매장데이터(2021년 6월 기준 전체),2021년 6월 기준 로플랫매장데이터(전체)_로플랫이 수집하고 검증한 매장 데이터 전체,30000000,,True,2025-07-15,,로플랫,유통/마케팅,,"['loplat', 'visit', 'poi', 'store', 'complex', '로플랫', '매장방문', '매장', '백화점', '대형마트', '쇼핑몰', '매장정보', '오프라인']",소비/유통,상품,쇼핑,"['loplat', 'visit', 'poi', 'store', 'complex', '로플랫', '매장방문', '매장', '백화점', '대형마트', '쇼핑몰', '매장정보', '오프라인']",0 Byte,-1,0.0
KDX,page_28020.html,-,2021년 02월 음향가전 관련 키워드의 감성 연관어,"음향가전 관련 키워드에 대한 일별/채널별 감성 연관어\n- 기간 : 2021.02.01 ~ 2021.02.28\n- 채널 : 뉴스, 블로그, 트위터, 인스타그램, 전체\n\n※ 음향가전 관련 키워드는 ""분류별 키워드 셋""(무료 상품)을 참고하세요.",26000,,True,2025-07-15,,바이브컴퍼니,SNS,"csv, xlsx","['바이브컴퍼니', '바이브', '다음소프트', '소셜', '미디어', 'SNS', '뉴스', '블로그', '트위터', '인스타그램', '빅데이터', '분석', '2021년', '2월', '일별', '음향가전', '키워드', '감성', '연관어', '감성연관어']",소비/유통,소비행태,마케팅,"['바이브컴퍼니', '바이브', '다음소프트', '소셜', '미디어', 'SNS', '뉴스', '블로그', '트위터', '인스타그램', '빅데이터', '분석', '2021년', '2월', '일별', '음향가전', '키워드', '감성', '연관어', '감성연관어']",5.50MB,-1,5767168.0
KDX,page_156.html,-,2016년 푸드 이색요리 나는 자연인이다,"- 매일방송, 2016년도 이색요리 나는 자연인이다 미디어 정보 데이터 셋\n- 스트리밍 영상 포함\n- 영상을 이용한 머신러닝 통해 다양한 AI 개발 등에 유용하게 활용 가능\n\n대자연의 품에서 저마다의 사연을 간직한 채 자연과 동화되어 욕심 없이 살아가는 이들이 있다.\n바로 자연인\n돈 한 푼, 가진 것 하나 없고 불편한 삶이지만 하나같이 행복하다고 말 하는 사람들\n그들에게는 어떤 행복의 비결이 있는 걸까?\n\n대자연 속 힐링 여정을 담는 자연 다큐멘터리\n\n나는 자연인이다 에서는그들의 삶의 방식을 들여다봄으로써\n자연으로 돌아가고 싶어 하는 현대인들에게 힐링과 참된 행복의 의미를 전하고자 한다.",100000,,True,2025-07-15,,MBN,소비/상권,"csv, xlsx","['mbn', '매일방송', '이색요리', '요리', '나는', '자연인이다', '자연인', '2016', '매경', '매일경제', 'mk', '매일', '경제', '방송', '푸드', '종합뉴스']",데이터분석,미디어분석,미디어,"['mbn', '매일방송', '이색요리', '요리', '나는', '자연인이다', '자연인', '2016', '매경', '매일경제', 'mk', '매일', '경제', '방송', '푸드', '종합뉴스']",5.56MB,-1,5830082.0
KDX,page_30063.html,-,2021년 08월 취미 관련 키워드의 연관어,"취미 관련 키워드에 대한 일별/채널별 연관어\n- 기간 : 2021.08.01 ~ 2021.08.31\n- 채널 : 뉴스, 블로그, 트위터, 인스타그램, 전체\n\n※ 취미 관련 키워드는 ""분류별 키워드 셋""(무료 상품)을 참고하세요.",235000,,True,2025-07-15,,바이브컴퍼니,SNS,"csv, xlsx","['바이브컴퍼니', '바이브', '다음소프트', '소셜', '미디어', 'SNS', '뉴스', '블로그', '트위터', '인스타그램', '빅데이터', '분석', '2021년', '8월', '일별', '취미', '키워드', '연관어', '연관키워드']",소비/유통,소비행태,소비트렌드,"['바이브컴퍼니', '바이브', '다음소프트', '소셜', '미디어', 'SNS', '뉴스', '블로그', '트위터', '인스타그램', '빅데이터', '분석', '2021년', '8월', '일별', '취미', '키워드', '연관어', '연관키워드']",39.20MB,-1,41104179.0
KDX,page_307.html,-,2019년 자동차앱 이용행태/이용자수/성별연령별,"NICE디앤알 자동차앱 이용현황 집계정보입니다.\n- 집계 기준: 1만명 패널을 활용한 집계통계(성별/연령별/지역별/직업별 등)\n- 집계 기간 : 2019년 8월 ~ 2019년 10월\n- 집계 어플리케이션(대한민국 대표 중고자동차 어플리케이션 8개) : SK엔카, Kcar, 첫차, \nKB차차차, 헤이딜러, 보배드림, AJ셀카, 다나와자동차",100000,,True,2025-07-15,,나이스디앤알,자동차,"xlsx, csv","['kdx', '유통', '소비', 'nice', '나이스디앤알', '자동차', '중고차어플', '성별', '연령별', '이용자수']",소비/유통,소비행태,소비트렌드,"['kdx', '유통', '소비', 'nice', '나이스디앤알', '자동차', '중고차어플', '성별', '연령별', '이용자수']",59.07KB,-1,60487.0
KDX,page_41170.html,-,202412 유통소비플랫폼 상품분류체계에 따른 매출구성비,GS25의 상품매출을 유통소비플랫폼의 상품분류체계를 적용하여 매출 집계 데이터로 어느 카테고리가 상대적으로 매출이 우수한지 확인할 수 있으며  카테고리의 월별 트랜드를 확인 할 수 있는 데이터임,10000000,,True,2025-07-15,,지에스리테일,유통/마케팅,csv,"['KDX', '유통', '소비', 'GS', '지에스', 'GS25', 'gs25', '통합카테고리', '통합상품분류', '매출', '매출구성비']",소비/유통,소비행태,소비트렌드,"['KDX', '유통', '소비', 'GS', '지에스', 'GS25', 'gs25', '통합카테고리', '통합상품분류', '매출', '매출구성비']",39.79KB,-1,40744.0
KDX,page_5379.html,-,[SKT]울산광역시-남구[31140]_202003_서비스인구,"SK텔레콤 기지국 데이터를 GIRAF에서 수집, 가공하여 공간통계로서 해당 지역 내의 총인구, 거주인구, 방문인구, 근무자 인구를 추정 제공합니다.       \n해당 데이터는 전체 MS 50%를 차지하는 고객의 네트워크 데이터를 기초로, 통계청 등 공공데이터를 결합, 전국 250개 시군구 단위로 가공되었습니다.\n50M 의 가상격자 내에 존재하는 인구수를 월별/성연령별/목적별(거주,직장 등) 로 집계하여 전체 인구 기준으로 환산하였으며,\n세부항목은 거주인구 (야간체류) / 직장인구 (주간체류) / 유입인구 ( 거주와 직장을 제외한 순수방문인구 ) 로 이루어져 있으며, 이 세개의 필드를 합산하면 해당 장소에 존재하는\n전체 인구를 추정 가능합니다.\n(시간대별, 일별, 요일별 데이터가 필요하신 경우 별도 요청을 부탁드립니다)\nGIRAF는 Geo Intelligence Rapid Analytic Framework의 약자로 SK텔레콤의 가장 스마트한 위치 빅데이터 분석 플랫폼입니다. SK텔레콤의 GIRAF 데이터를 활용하면 시간대 별 해당지역 존재인구 추이를 볼 수 있고, 평일과 공휴일의 유동인구 비교 분석이  가능하며  지역내 거주인구 특성을 이해할 수 있고, 유동인구의 추이를 파악 가능합니다.",2000000,,True,2025-07-15,,SK텔레콤,통신/인구,zip,"['유동인구', '직장인구', '주거인구', '방문인구', '서비스인구', '통신데이터', '위치데이터']",공간/위치,인구이동,유동인구,"['유동인구', '직장인구', '주거인구', '방문인구', '서비스인구', '통신데이터', '위치데이터']",249.33MB,-1,261441454.0
KDX,page_34307.html,-,2022년 07월 뷰티 브랜드별 리뷰 추이,"뷰티 관련 브랜드에 대한 브랜드별/일별 리뷰 추이\n- 기간 : 2022.07.01 ~ 2022.07.31\n- 채널 : 글로우픽 리뷰\n- 브랜드 : 2,500여개",500000,,True,2025-07-15,,바이브컴퍼니,SNS,"csv, xlsx","['바이브컴퍼니', '바이브', '뷰티', '뷰티제품', '브랜드', '리뷰', '빅데이터', '분석', '2022년', '7월', '일별', '리뷰추이']",소비/유통,거래정보,리뷰정보,"['바이브컴퍼니', '바이브', '뷰티', '뷰티제품', '브랜드', '리뷰', '빅데이터', '분석', '2022년', '7월', '일별', '리뷰추이']",1.38MB,-1,1447034.0
KDX,page_4014.html,-,202001 전국 행정동단위 소득정보 데이터,본 데이터는 KCB가 각 금융사들로부터 매일 수집하는 최신 금융 데이터를 공간 단위로 재가공해 월별로 제공하고 있습니다.,22000000,,True,2025-07-15,,코리아크레딧뷰로,소비/상권,csv,"['kdx', '유통소비', 'kcb', '코리아크레딧뷰로', '202001', '전국', '행정동', '신용정보', '소득']",소비/유통,소비행태,소비,"['kdx', '유통소비', 'kcb', '코리아크레딧뷰로', '202001', '전국', '행정동', '신용정보', '소득']",6.70MB,-1,7025459.0
KDX,page_1946.html,-,[SKT]전라북도-장수군[45740]_201911_서비스인구,"SK텔레콤 기지국 데이터를 GIRAF에서 수집, 가공하여 공간통계로서 해당 지역 내의 총인구, 거주인구, 방문인구, 근무자 인구를 추정 제공합니다.       \n해당 데이터는 전체 MS 50%를 차지하는 고객의 네트워크 데이터를 기초로, 통계청 등 공공데이터를 결합, 전국 250개 시군구 단위로 가공되었습니다.\n50M 의 가상격자 내에 존재하는 인구수를 월별/성연령별/목적별(거주,직장 등) 로 집계하여 전체 인구 기준으로 환산하였으며,\n세부항목은 거주인구 (야간체류) / 직장인구 (주간체류) / 유입인구 ( 거주와 직장을 제외한 순수방문인구 ) 로 이루어져 있으며, 이 세개의 필드를 합산하면 해당 장소에 존재하는\n전체 인구를 추정 가능합니다.\n(시간대별, 일별, 요일별 데이터가 필요하신 경우 별도 요청을 부탁드립니다)\nGIRAF는 Geo Intelligence Rapid Analytic Framework의 약자로 SK텔레콤의 가장 스마트한 위치 빅데이터 분석 플랫폼입니다. SK텔레콤의 GIRAF 데이터를 활용하면 시간대 별 해당지역 존재인구 추이를 볼 수 있고, 평일과 공휴일의 유동인구 비교 분석이  가능하며  지역내 거주인구 특성을 이해할 수 있고, 유동인구의 추이를 파악 가능합니다.",2000000,,True,2025-07-15,,SK텔레콤,통신/인구,"xlsx, zip","['유동인구', '직장인구', '주거인구', '방문인구', '서비스인구', '통신데이터', '위치데이터']",공간/위치,인구이동,유동인구,"['유동인구', '직장인구', '주거인구', '방문인구', '서비스인구', '통신데이터', '위치데이터']",183.77MB,-1,192696811.0
KDX,page_33995.html,-,K패션 지역별 트렌드 데이터_비수도권_M2204,비수도권 지역에서 판매된 패션 제품의 트렌드 및 분석 데이터,0,,True,2025-07-15,,어반유니온,유통/마케팅,csv,"['패션빅데이터', '패션트렌드', '판매점유율', '베스트셀링', '트렌드랭킹', '아이템트렌드', '컬러트렌드', '소재트렌드', '프린트트렌드', '디테일트렌드', '상의', '팬츠', '원피스', '스커트아우터', '패션', '속성']",소비/유통,소비행태,소비트렌드,"['패션빅데이터', '패션트렌드', '판매점유율', '베스트셀링', '트렌드랭킹', '아이템트렌드', '컬러트렌드', '소재트렌드', '프린트트렌드', '디테일트렌드', '상의', '팬츠', '원피스', '스커트아우터', '패션', '속성']",1.35MB,-1,1415577.0
KDX,page_39311.html,-,[NH농협카드] 시도별 업종별 카드이용현황_2020년 4월,2020년 4월의 시도별 업종별 카드 이용현황,0,,True,2025-07-15,,농협은행(농협카드),소비/상권,csv,"['NH농협카드', '시도', '업종', '4월', '소비']",소비/유통,소비행태,소비,"['NH농협카드', '시도', '업종', '4월', '소비']",5.27KB,-1,5396.0
KDX,page_29325.html,-,2021년 06월 식음 관련 키워드 버즈추이,"식음 관련 키워드에 대한 일별/채널별 버즈추이\n- 기간 : 2021.06.01 ~ 2021.06.30\n- 채널 : 뉴스, 블로그, 트위터, 인스타그램, 전체\n\n※ 식음 관련 키워드는 ""분류별 키워드 셋""(무료 상품)을 참고하세요.",616800,,True,2025-07-15,,바이브컴퍼니,SNS,"csv, xlsx","['바이브컴퍼니', '바이브', '다음소프트', '소셜', '미디어', 'SNS', '뉴스', '블로그', '트위터', '인스타그램', '빅데이터', '분석', '2021년', '6월', '일별', '식음', '키워드', '빈도수', '버즈추이']",소비/유통,소비행태,소비트렌드,"['바이브컴퍼니', '바이브', '다음소프트', '소셜', '미디어', 'SNS', '뉴스', '블로그', '트위터', '인스타그램', '빅데이터', '분석', '2021년', '6월', '일별', '식음', '키워드', '빈도수', '버즈추이']",5.13MB,-1,5379194.0
KDX,page_499.html,-,[SKT]광주광역시-서구_201910_서비스인구,"SK텔레콤 기지국 데이터를 GIRAF에서 수집, 가공하여 공간통계로서 해당 지역 내의 총인구, 거주인구, 방문인구, 근무자 인구를 추정 제공합니다.       \n \n 해당 데이터는 전체 MS 50%를 차지하는 고객의 네트워크 데이터를 기초로, 통계청 등 공공데이터를 결합, 전국 250개 시군구 단위로 가공되었습니다.\n \n 50M 의 가상격자 내에 존재하는 인구수를 월별/성연령별/목적별(거주,직장 등) 로 집계하여 전체 인구 기준으로 환산하였으며,\n \n 세부항목은 거주인구 (야간체류) / 직장인구 (주간체류) / 유입인구 ( 거주와 직장을 제외한 순수방문인구 ) 로 이루어져 있으며, 이 세개의 필드를 합산하면 해당 장소에 존재하는\n \n 전체 인구를 추정 가능합니다.\n \n (시간대별, 일별, 요일별 데이터가 필요하신 경우 별도 요청을 부탁드립니다)\n \n GIRAF는 Geo Intelligence Rapid Analytic Framework의 약자로 SK텔레콤의 가장 스마트한 위치 빅데이터 분석 플랫폼입니다. SK텔레콤의 GIRAF 데이터를 활용하면 시간대 별 해당지역 존재인구 추이를 볼 수 있고, 평일과 공휴일의 유동인구 비교 분석이  가능하며  지역내 거주인구 특성을 이해할 수 있고, 유동인구의 추이를 파악 가능합니다.",2000000,,True,2025-07-15,,SK텔레콤,통신/인구,"zip, xlsx","['유동인구', '직장인구', '주거인구', '방문인구', '서비스인구', '통신데이터', '위치데이터']",공간/위치,인구이동,유동인구,"['유동인구', '직장인구', '주거인구', '방문인구', '서비스인구', '통신데이터', '위치데이터']",229.17MB,-1,240302161.0
KDX,page_455.html,-,[SKT]서울특별시-영등포구_201910_서비스인구,"SK텔레콤 기지국 데이터를 GIRAF에서 수집, 가공하여 공간통계로서 해당 지역 내의 총인구, 거주인구, 방문인구, 근무자 인구를 추정 제공합니다.       \n \n 해당 데이터는 전체 MS 50%를 차지하는 고객의 네트워크 데이터를 기초로, 통계청 등 공공데이터를 결합, 전국 250개 시군구 단위로 가공되었습니다.\n \n 50M 의 가상격자 내에 존재하는 인구수를 월별/성연령별/목적별(거주,직장 등) 로 집계하여 전체 인구 기준으로 환산하였으며,\n \n 세부항목은 거주인구 (야간체류) / 직장인구 (주간체류) / 유입인구 ( 거주와 직장을 제외한 순수방문인구 ) 로 이루어져 있으며, 이 세개의 필드를 합산하면 해당 장소에 존재하는\n \n 전체 인구를 추정 가능합니다.\n \n (시간대별, 일별, 요일별 데이터가 필요하신 경우 별도 요청을 부탁드립니다)\n \n GIRAF는 Geo Intelligence Rapid Analytic Framework의 약자로 SK텔레콤의 가장 스마트한 위치 빅데이터 분석 플랫폼입니다. SK텔레콤의 GIRAF 데이터를 활용하면 시간대 별 해당지역 존재인구 추이를 볼 수 있고, 평일과 공휴일의 유동인구 비교 분석이  가능하며  지역내 거주인구 특성을 이해할 수 있고, 유동인구의 추이를 파악 가능합니다.",2000000,,True,2025-07-15,,SK텔레콤,통신/인구,"zip, xlsx","['유동인구', '직장인구', '주거인구', '방문인구', '서비스인구', '통신데이터', '위치데이터']",공간/위치,인구이동,유동인구,"['유동인구', '직장인구', '주거인구', '방문인구', '서비스인구', '통신데이터', '위치데이터']",360.67MB,-1,378189905.0
KDX,page_32490.html,-,"[이커머스] 출산/육아 베스트100 2022년 1월 일별 가격, 순위 정보","※ 데이터 소개\n - 온라인 마켓에 판매되고 있는 상품 전체 카테고리별 상위 100위 상품 순위, 가격 정보 제공\n - 카테고리, 제조사, 판매자, 상품명 별 판매 가격(최저가) 현황 및 순위 분석 가능\n - Raw Data 제공",2758000,기간별 분류별 개수는 달라질 수 있음,True,2025-07-15,기간별 분류별 개수는 달라질 수 있음,빌트온,이커머스,"xlsx, csv","['e커머스', '가격현황', '가격정보', '최저가', '온라인상품', '상품현황', '유통', '빌트온', '출산', '육아', '출산육아', '인기순위', '베스트100']",소비/유통,상품,쇼핑,"['e커머스', '가격현황', '가격정보', '최저가', '온라인상품', '상품현황', '유통', '빌트온', '출산', '육아', '출산육아', '인기순위', '베스트100']",259.39MB,-1,271990128.0
KDX,page_30011.html,-,2021년 08월 레저 관련 키워드 버즈추이,"레저 관련 키워드에 대한 일별/채널별 버즈추이\n- 기간 : 2021.08.01 ~ 2021.08.31\n- 채널 : 뉴스, 블로그, 트위터, 인스타그램, 전체\n\n※ 레저 관련 키워드는 ""분류별 키워드 셋""(무료 상품)을 참고하세요.",55200,,True,2025-07-15,,바이브컴퍼니,SNS,"csv, xlsx","['바이브컴퍼니', '바이브', '다음소프트', '소셜', '미디어', 'SNS', '뉴스', '블로그', '트위터', '인스타그램', '빅데이터', '분석', '2021년', '8월', '일별', '레저', '키워드', '빈도수', '버즈추이']",소비/유통,소비행태,소비트렌드,"['바이브컴퍼니', '바이브', '다음소프트', '소셜', '미디어', 'SNS', '뉴스', '블로그', '트위터', '인스타그램', '빅데이터', '분석', '2021년', '8월', '일별', '레저', '키워드', '빈도수', '버즈추이']",490.89KB,-1,502671.0
KDX,page_6775.html,-,[SKT]경기도-가평군[41820]_202008_서비스인구,"SK텔레콤 기지국 데이터를 GIRAF에서 수집, 가공하여 공간통계로서 해당 지역 내의 총인구, 거주인구, 방문인구, 근무자 인구를 추정 제공합니다.       \n해당 데이터는 전체 MS 50%를 차지하는 고객의 네트워크 데이터를 기초로, 통계청 등 공공데이터를 결합, 전국 250개 시군구 단위로 가공되었습니다.\n50M 의 가상격자 내에 존재하는 인구수를 월별/성연령별/목적별(거주,직장 등) 로 집계하여 전체 인구 기준으로 환산하였으며,\n세부항목은 거주인구 (야간체류) / 직장인구 (주간체류) / 유입인구 ( 거주와 직장을 제외한 순수방문인구 ) 로 이루어져 있으며, 이 세개의 필드를 합산하면 해당 장소에 존재하는\n전체 인구를 추정 가능합니다.\n(시간대별, 일별, 요일별 데이터가 필요하신 경우 별도 요청을 부탁드립니다)\nGIRAF는 Geo Intelligence Rapid Analytic Framework의 약자로 SK텔레콤의 가장 스마트한 위치 빅데이터 분석 플랫폼입니다. SK텔레콤의 GIRAF 데이터를 활용하면 시간대 별 해당지역 존재인구 추이를 볼 수 있고, 평일과 공휴일의 유동인구 비교 분석이  가능하며  지역내 거주인구 특성을 이해할 수 있고, 유동인구의 추이를 파악 가능합니다.",2000000,,True,2025-07-15,,SK텔레콤,통신/인구,zip,"['유동인구', '직장인구', '주거인구', '방문인구', '서비스인구', '통신데이터', '위치데이터']",공간/위치,인구이동,유동인구,"['유동인구', '직장인구', '주거인구', '방문인구', '서비스인구', '통신데이터', '위치데이터']",459.19MB,-1,481495613.0
KDX,page_32218.html,-,"[이커머스] 패션/잡화 베스트100 2021년 12월 일별 가격, 순위 정보","※ 데이터 소개\n - 온라인 마켓에 판매되고 있는 상품 전체 카테고리별 상위 100위 상품 순위, 가격 정보 제공\n - 카테고리, 제조사, 판매자, 상품명 별 판매 가격(최저가) 현황 및 순위 분석 가능\n - Raw Data 제공",2179000,기간별 분류별 개수는 달라질 수 있음,True,2025-07-15,기간별 분류별 개수는 달라질 수 있음,빌트온,이커머스,"xlsx, csv","['e커머스', '가격현황', '가격정보', '최저가', '인기순위', '베스트100', '온라인상품', '상품현황', '잡화', '패션잡화', '유통', '빌트온']",소비/유통,상품,쇼핑,"['e커머스', '가격현황', '가격정보', '최저가', '인기순위', '베스트100', '온라인상품', '상품현황', '잡화', '패션잡화', '유통', '빌트온']",158.31MB,-1,166000066.0
KDX,page_33107.html,-,공간 정보 기반의 전국 아파트 환경정보 데이터_서울특별시 성동구,- 전국 지역별 100가구 이상의 아파트와 주변 반경 2.5Km 내의 모든 주변 환경 및 시설 정보 제공 (기피유해시설 미포함)\n- 2022년 4월 서울특별시 성동구,1958000,,True,2025-07-15,,비씨티원,부동산/지리,csv,"['공간정보', '아파트', '부동산', '환경정보', '일반시설물', '비씨티원', '지역별', '서울특별시성동구', '2022년4월']",데이터분석,빅데이터,데이터,"['공간정보', '아파트', '부동산', '환경정보', '일반시설물', '비씨티원', '지역별', '서울특별시성동구', '2022년4월']",89.91MB,-1,94277468.0
KDX,page_3074.html,-,[SKT]충청남도-청양군[44790]_201905_서비스인구,"SK텔레콤 기지국 데이터를 GIRAF에서 수집, 가공하여 공간통계로서 해당 지역 내의 총인구, 거주인구, 방문인구, 근무자 인구를 추정 제공합니다.       \n해당 데이터는 전체 MS 50%를 차지하는 고객의 네트워크 데이터를 기초로, 통계청 등 공공데이터를 결합, 전국 250개 시군구 단위로 가공되었습니다.\n50M 의 가상격자 내에 존재하는 인구수를 월별/성연령별/목적별(거주,직장 등) 로 집계하여 전체 인구 기준으로 환산하였으며,\n세부항목은 거주인구 (야간체류) / 직장인구 (주간체류) / 유입인구 ( 거주와 직장을 제외한 순수방문인구 ) 로 이루어져 있으며, 이 세개의 필드를 합산하면 해당 장소에 존재하는\n전체 인구를 추정 가능합니다.\n(시간대별, 일별, 요일별 데이터가 필요하신 경우 별도 요청을 부탁드립니다)\nGIRAF는 Geo Intelligence Rapid Analytic Framework의 약자로 SK텔레콤의 가장 스마트한 위치 빅데이터 분석 플랫폼입니다. SK텔레콤의 GIRAF 데이터를 활용하면 시간대 별 해당지역 존재인구 추이를 볼 수 있고, 평일과 공휴일의 유동인구 비교 분석이  가능하며  지역내 거주인구 특성을 이해할 수 있고, 유동인구의 추이를 파악 가능합니다.",2000000,,True,2025-07-15,,SK텔레콤,통신/인구,zip,"['유동인구', '직장인구', '주거인구', '방문인구', '서비스인구', '통신데이터', '위치데이터']",공간/위치,인구이동,서비스인구,"['유동인구', '직장인구', '주거인구', '방문인구', '서비스인구', '통신데이터', '위치데이터']",238.27MB,-1,249844203.0
KDX,page_3921.html,-,202003 전국 시도단위 연체정보 데이터,"KCB 전국 시도단위 연체비정보 데이터\n- 집계 기간 : 2020년 03월(1개월)\n- 집계 차원 : 전국, 시도\n- 집계 값 : 연체자 보유수, 평균 연체건수, 평균 연체일, 평균 연체금액, 중위 연체금액",0,,True,2025-07-15,,코리아크레딧뷰로,금융/증권,"csv, xlsx","['kdx', '유통소비', 'kcb', '코리아크레딧뷰로', '202003', '전국', '시도', '신용정보', '연체']",소비/유통,소비행태,소비,"['kdx', '유통소비', 'kcb', '코리아크레딧뷰로', '202003', '전국', '시도', '신용정보', '연체']",35.84KB,-1,36700.0
KDX,page_28514.html,-,202012 전국 시도단위 하이엔드 데이터,본 데이터는 KCB가 각 금융사들로부터 매일 수집하는 최신 금융 데이터를 공간 단위로 재가공해 월별로 제공하고 있습니다.,0,,True,2025-07-15,,코리아크레딧뷰로,금융/증권,csv,"['kdx', '유통소비', 'kcb', '코리아크레딧뷰로', '202012', '전국', '시도', '법인대표자비율', '전문직비율', '외제차보유비율', '소비전국3비율', '하이엔드대상자비율']",소비/유통,소비행태,소비트렌드,"['kdx', '유통소비', 'kcb', '코리아크레딧뷰로', '202012', '전국', '시도', '법인대표자비율', '전문직비율', '외제차보유비율', '소비전국3비율', '하이엔드대상자비율']",890Bytes,-1,890.0
KDX,page_1853.html,-,[SKT]경상남도-창원시 의창구[48121]_201911_서비스인구,"SK텔레콤 기지국 데이터를 GIRAF에서 수집, 가공하여 공간통계로서 해당 지역 내의 총인구, 거주인구, 방문인구, 근무자 인구를 추정 제공합니다.       \n해당 데이터는 전체 MS 50%를 차지하는 고객의 네트워크 데이터를 기초로, 통계청 등 공공데이터를 결합, 전국 250개 시군구 단위로 가공되었습니다.\n50M 의 가상격자 내에 존재하는 인구수를 월별/성연령별/목적별(거주,직장 등) 로 집계하여 전체 인구 기준으로 환산하였으며,\n세부항목은 거주인구 (야간체류) / 직장인구 (주간체류) / 유입인구 ( 거주와 직장을 제외한 순수방문인구 ) 로 이루어져 있으며, 이 세개의 필드를 합산하면 해당 장소에 존재하는\n전체 인구를 추정 가능합니다.\n(시간대별, 일별, 요일별 데이터가 필요하신 경우 별도 요청을 부탁드립니다)\nGIRAF는 Geo Intelligence Rapid Analytic Framework의 약자로 SK텔레콤의 가장 스마트한 위치 빅데이터 분석 플랫폼입니다. SK텔레콤의 GIRAF 데이터를 활용하면 시간대 별 해당지역 존재인구 추이를 볼 수 있고, 평일과 공휴일의 유동인구 비교 분석이  가능하며  지역내 거주인구 특성을 이해할 수 있고, 유동인구의 추이를 파악 가능합니다.",2000000,,True,2025-07-15,,SK텔레콤,통신/인구,"xlsx, zip","['유동인구', '직장인구', '주거인구', '방문인구', '서비스인구', '통신데이터', '위치데이터']",공간/위치,인구이동,유동인구,"['유동인구', '직장인구', '주거인구', '방문인구', '서비스인구', '통신데이터', '위치데이터']",400.42MB,-1,419870801.0
KDX,page_33762.html,-,2022년 06월 유통관련 기타 관련 키워드 버즈추이,"유통관련 기타 관련 키워드에 대한 일별/채널별 버즈추이\n- 기간 : 2022.06.01 ~ 2022.06.30\n- 채널 : 뉴스, 블로그, 트위터, 인스타그램, 전체\n\n※ 유통관련 기타 관련 키워드는 ""분류별 키워드 셋""(무료 상품)을 참고하세요.",14300,,True,2025-07-15,,바이브컴퍼니,SNS,"csv, xlsx","['바이브컴퍼니', '바이브', '다음소프트', '소셜', '미디어', 'SNS', '뉴스', '블로그', '트위터', '인스타그램', '빅데이터', '분석', '2022년', '6월', '일별', '유통관련기타', '키워드', '빈도수', '버즈추이']",소비/유통,소비행태,소비트렌드,"['바이브컴퍼니', '바이브', '다음소프트', '소셜', '미디어', 'SNS', '뉴스', '블로그', '트위터', '인스타그램', '빅데이터', '분석', '2022년', '6월', '일별', '유통관련기타', '키워드', '빈도수', '버즈추이']",143.17KB,-1,146606.0
KDX,page_26206.html,-,202009 계절별 인기메뉴,대한민국 NO.1 맛집 서비스 식신의 사용자가 각 계절마다 많이 조회하는 맛집의 메뉴 데이터입니다. 해당 데이터를 통해 계절 변화에 따라 선호하는 메뉴가 무엇인지 살펴볼 수 있습니다.,0,,True,2025-07-15,,식신,소비/상권,csv,"['맛집', '음식점', '계절별메뉴', '계절메뉴', '메뉴', '음식', '인기메뉴', '인기음식']",소비/유통,소비행태,소비트렌드,"['맛집', '음식점', '계절별메뉴', '계절메뉴', '메뉴', '음식', '인기메뉴', '인기음식']",28.04MB,-1,29402071.0
KDX,page_30736.html,-,202109 포털검색/맛집 검색순위 정보,포털 사이트에서 지역명과 맛집 키워드 조합으로 검색했을 때 표출되는 컨텐츠의 순위를 보여주는 데이터입니다.,595000,,True,2025-07-15,,식신,소비/상권,csv,"['포털', '포털검색', '맛집', '맛집검색', '맛집키워드', '맛집트렌드', '블로그', '컨텐츠', '키워드', '순위']",소비/유통,소비행태,소비트렌드,"['포털', '포털검색', '맛집', '맛집검색', '맛집키워드', '맛집트렌드', '블로그', '컨텐츠', '키워드', '순위']",212.04MB,-1,222340055.0
KDX,page_39448.html,-,"품목정보_농업, 어업, 임업","국내 기업 제품 정보를 바탕으로 구성된 농업, 어업, 임업 관련 품목정보를 제공하는 데이터 상품입니다.",0,,True,2025-07-15,,나이스디앤비,경제/산업,csv,"['기업품목정보', '상품정보', '생산정보', '기업정보', '농업', '어업', '임업']",기타,기타,기타,"['기업품목정보', '상품정보', '생산정보', '기업정보', '농업', '어업', '임업']",748Bytes,-1,748.0
KDX,page_5991.html,-,[SKT]강원도-춘천시[42110]_202005_서비스인구,"SK텔레콤 기지국 데이터를 GIRAF에서 수집, 가공하여 공간통계로서 해당 지역 내의 총인구, 거주인구, 방문인구, 근무자 인구를 추정 제공합니다.       \n해당 데이터는 전체 MS 50%를 차지하는 고객의 네트워크 데이터를 기초로, 통계청 등 공공데이터를 결합, 전국 250개 시군구 단위로 가공되었습니다.\n50M 의 가상격자 내에 존재하는 인구수를 월별/성연령별/목적별(거주,직장 등) 로 집계하여 전체 인구 기준으로 환산하였으며,\n세부항목은 거주인구 (야간체류) / 직장인구 (주간체류) / 유입인구 ( 거주와 직장을 제외한 순수방문인구 ) 로 이루어져 있으며, 이 세개의 필드를 합산하면 해당 장소에 존재하는\n전체 인구를 추정 가능합니다.\n(시간대별, 일별, 요일별 데이터가 필요하신 경우 별도 요청을 부탁드립니다)\nGIRAF는 Geo Intelligence Rapid Analytic Framework의 약자로 SK텔레콤의 가장 스마트한 위치 빅데이터 분석 플랫폼입니다. SK텔레콤의 GIRAF 데이터를 활용하면 시간대 별 해당지역 존재인구 추이를 볼 수 있고, 평일과 공휴일의 유동인구 비교 분석이  가능하며  지역내 거주인구 특성을 이해할 수 있고, 유동인구의 추이를 파악 가능합니다.",2000000,,True,2025-07-15,,SK텔레콤,통신/인구,zip,"['유동인구', '직장인구', '주거인구', '방문인구', '서비스인구', '통신데이터', '위치데이터']",공간/위치,인구이동,유동인구,"['유동인구', '직장인구', '주거인구', '방문인구', '서비스인구', '통신데이터', '위치데이터']",730.06MB,-1,765523394.0
KDX,page_41027.html,-,[NH농협카드] 업종별 카드이용현황_2021년 5월,2021년 5월의 업종별 카드 이용현황,0,,True,2025-07-15,,농협은행(농협카드),소비/상권,csv,"['NH농협카드', '업종', '5월', '소비']",소비/유통,소비행태,소비트렌드,"['NH농협카드', '업종', '5월', '소비']",1.79KB,-1,1832.0
KDX,page_31110.html,-,전국 건축물대장 기준 아파트 면적 상세 정보,전국 건축물대장 기준 아파트 면적 상세 정보.\n\n건축물 단지 정보와 연계 데이터로 단지별 면적 정보 데이터입니다.,20000000,,True,2025-07-15,,지인플러스,부동산/지리,csv,"['부동산', '단지별면적', '면적정보', '공급면적', '전용면적', '주거공용면적', '기타공용면적', '면적상세정보', '기타공용상세', '주거공용상세', '면적별정보', 'kdx']",공공/행정,정책,공공데이터,"['부동산', '단지별면적', '면적정보', '공급면적', '전용면적', '주거공용면적', '기타공용면적', '면적상세정보', '기타공용상세', '주거공용상세', '면적별정보', 'kdx']",27.74MB,-1,29087498.0
KDX,page_31882.html,-,중소기업 특화 ESG 평가항목 데이터*,중소기업 특화 ESG 평가항목 데이터는 ESG 평가대상 기업에 대한 최근 뉴스 정보와 재무 및 비재무 기업정보와의 결합으로 구성된 데이터 상품입니다. 뉴스기사를 통한 데이터 식별을 통해 다양한 형태의 분석결과 도출이 가능한 분석용 데이터 셋 입니다.,-2,,True,2025-07-15,,나이스디앤비,경제/산업,csv,"['ESG', '특화정보', '분석용데이터', '뉴스정보', '기업뉴스', '지속가능경영', '환경', '사회', '지배구조', '중소기업', 'SME']",데이터분석,빅데이터,분석,"['ESG', '특화정보', '분석용데이터', '뉴스정보', '기업뉴스', '지속가능경영', '환경', '사회', '지배구조', '중소기업', 'SME']",5.97MB,-1,6259998.0
KDX,page_2342.html,-,[SKT]대구광역시-동구[27140]_201907_서비스인구,"SK텔레콤 기지국 데이터를 GIRAF에서 수집, 가공하여 공간통계로서 해당 지역 내의 총인구, 거주인구, 방문인구, 근무자 인구를 추정 제공합니다.       \n해당 데이터는 전체 MS 50%를 차지하는 고객의 네트워크 데이터를 기초로, 통계청 등 공공데이터를 결합, 전국 250개 시군구 단위로 가공되었습니다.\n50M 의 가상격자 내에 존재하는 인구수를 월별/성연령별/목적별(거주,직장 등) 로 집계하여 전체 인구 기준으로 환산하였으며,\n세부항목은 거주인구 (야간체류) / 직장인구 (주간체류) / 유입인구 ( 거주와 직장을 제외한 순수방문인구 ) 로 이루어져 있으며, 이 세개의 필드를 합산하면 해당 장소에 존재하는\n전체 인구를 추정 가능합니다.\n(시간대별, 일별, 요일별 데이터가 필요하신 경우 별도 요청을 부탁드립니다)\nGIRAF는 Geo Intelligence Rapid Analytic Framework의 약자로 SK텔레콤의 가장 스마트한 위치 빅데이터 분석 플랫폼입니다. SK텔레콤의 GIRAF 데이터를 활용하면 시간대 별 해당지역 존재인구 추이를 볼 수 있고, 평일과 공휴일의 유동인구 비교 분석이  가능하며  지역내 거주인구 특성을 이해할 수 있고, 유동인구의 추이를 파악 가능합니다.",2000000,,True,2025-07-15,,SK텔레콤,통신/인구,"xlsx, zip","['유동인구', '직장인구', '주거인구', '방문인구', '서비스인구', '통신데이터', '위치데이터']",공간/위치,인구이동,유동인구,"['유동인구', '직장인구', '주거인구', '방문인구', '서비스인구', '통신데이터', '위치데이터']",328.65MB,-1,344614502.0
KDX,page_3303.html,-,신중년의 소비행태,제2의 인생을 사는 신중년 (Active 50~60대) 소비자의 업종(대/중/소)별 이용건수 및 매출금액의 소비 트렌드를 분석할 수 있습니다.,18000000,,True,2025-07-15,,삼성카드,소비/상권,dat,"['신중년소비', '소비']",소비/유통,소비행태,소비트렌드,"['신중년소비', '소비']",11.12KB,-1,11386.0
KDX,page_4020.html,-,202002 전국 시군구단위 대출정보 데이터,본 데이터는 KCB가 각 금융사들로부터 매일 수집하는 최신 금융 데이터를 공간 단위로 재가공해 월별로 제공하고 있습니다.,17600000,,True,2025-07-15,,코리아크레딧뷰로,금융/증권,csv,"['kdx', '유통소비', 'kcb', '코리아크레딧뷰로', '202002', '전국', '시군구', '신용정보', '대출', '성별', '연령별', '직업군별']",소비/유통,소비행태,소비,"['kdx', '유통소비', 'kcb', '코리아크레딧뷰로', '202002', '전국', '시군구', '신용정보', '대출', '성별', '연령별', '직업군별']",625.75KB,-1,640768.0
KDX,page_30234.html,-,[이커머스] 2021년 8월 일별 e커머스 무선청소기 리뷰 정보,"※ 데이터 소개\n - 국내 17개 온라인 마켓에 판매되고 있는 무선청소기 제품의 구매후기 정보\n - 제조사, 모델, 채널, 판매자 별 구매후기 현황 분석 가능",2350000,,True,2025-07-15,,빌트온,이커머스,"xlsx, csv","['e커머스', '이커머스', '리뷰현황', '구매후기', '후기정보', '텍스트마이닝', '가전제품', '온라인상품', '상품현황', '유통', '빌트온', '무선청소기']",소비/유통,거래정보,리뷰정보,"['e커머스', '이커머스', '리뷰현황', '구매후기', '후기정보', '텍스트마이닝', '가전제품', '온라인상품', '상품현황', '유통', '빌트온', '무선청소기']",1.48MB,-1,1551892.0
KDX,page_2225.html,-,[SKT]경상북도-안동시[47170]_201907_서비스인구,"SK텔레콤 기지국 데이터를 GIRAF에서 수집, 가공하여 공간통계로서 해당 지역 내의 총인구, 거주인구, 방문인구, 근무자 인구를 추정 제공합니다.       \n해당 데이터는 전체 MS 50%를 차지하는 고객의 네트워크 데이터를 기초로, 통계청 등 공공데이터를 결합, 전국 250개 시군구 단위로 가공되었습니다.\n50M 의 가상격자 내에 존재하는 인구수를 월별/성연령별/목적별(거주,직장 등) 로 집계하여 전체 인구 기준으로 환산하였으며,\n세부항목은 거주인구 (야간체류) / 직장인구 (주간체류) / 유입인구 ( 거주와 직장을 제외한 순수방문인구 ) 로 이루어져 있으며, 이 세개의 필드를 합산하면 해당 장소에 존재하는\n전체 인구를 추정 가능합니다.\n(시간대별, 일별, 요일별 데이터가 필요하신 경우 별도 요청을 부탁드립니다)\nGIRAF는 Geo Intelligence Rapid Analytic Framework의 약자로 SK텔레콤의 가장 스마트한 위치 빅데이터 분석 플랫폼입니다. SK텔레콤의 GIRAF 데이터를 활용하면 시간대 별 해당지역 존재인구 추이를 볼 수 있고, 평일과 공휴일의 유동인구 비교 분석이  가능하며  지역내 거주인구 특성을 이해할 수 있고, 유동인구의 추이를 파악 가능합니다.",2000000,,True,2025-07-15,,SK텔레콤,통신/인구,"xlsx, zip","['유동인구', '직장인구', '주거인구', '방문인구', '서비스인구', '통신데이터', '위치데이터']",공간/위치,인구이동,서비스인구,"['유동인구', '직장인구', '주거인구', '방문인구', '서비스인구', '통신데이터', '위치데이터']",660.11MB,-1,692175503.0
KDX,page_4466.html,-,2020년도 2분기 온누리스토어(온라인몰) 판매 내역 - 여성건강 카테고리,2020년도 2분기 온누리스토어(온라인몰) 판매 내역 - 여성건강 카테고리\n\n: 해당 자료는 국내 최대규모의 온라인 헬스케어 단독몰 온누리 스토어의 해당 카테고리 판매자료입니다. 여성건강 관련 카테고리의 매출과 판매 내역 및 금액,300000,,True,2025-07-15,,온누리에이치엔씨,보건의료,csv,"['온누리스토어', '헬스케어', '의료', '온누리', '건강기능식품', '건기식', '의약품', '의약외품', '판매내역', '매출', '판매', '온라인몰', '온라인판매내역', '온누리약국', '약국']",소비/유통,상품,온라인몰,"['온누리스토어', '헬스케어', '의료', '온누리', '건강기능식품', '건기식', '의약품', '의약외품', '판매내역', '매출', '판매', '온라인몰', '온라인판매내역', '온누리약국', '약국']",87.92KB,-1,90030.0
KDX,page_492.html,-,[SKT]인천광역시-부평구_201910_서비스인구,"SK텔레콤 기지국 데이터를 GIRAF에서 수집, 가공하여 공간통계로서 해당 지역 내의 총인구, 거주인구, 방문인구, 근무자 인구를 추정 제공합니다.       \n \n 해당 데이터는 전체 MS 50%를 차지하는 고객의 네트워크 데이터를 기초로, 통계청 등 공공데이터를 결합, 전국 250개 시군구 단위로 가공되었습니다.\n \n 50M 의 가상격자 내에 존재하는 인구수를 월별/성연령별/목적별(거주,직장 등) 로 집계하여 전체 인구 기준으로 환산하였으며,\n \n 세부항목은 거주인구 (야간체류) / 직장인구 (주간체류) / 유입인구 ( 거주와 직장을 제외한 순수방문인구 ) 로 이루어져 있으며, 이 세개의 필드를 합산하면 해당 장소에 존재하는\n \n 전체 인구를 추정 가능합니다.\n \n (시간대별, 일별, 요일별 데이터가 필요하신 경우 별도 요청을 부탁드립니다)\n \n GIRAF는 Geo Intelligence Rapid Analytic Framework의 약자로 SK텔레콤의 가장 스마트한 위치 빅데이터 분석 플랫폼입니다. SK텔레콤의 GIRAF 데이터를 활용하면 시간대 별 해당지역 존재인구 추이를 볼 수 있고, 평일과 공휴일의 유동인구 비교 분석이  가능하며  지역내 거주인구 특성을 이해할 수 있고, 유동인구의 추이를 파악 가능합니다.",2000000,,True,2025-07-15,,SK텔레콤,통신/인구,"zip, xlsx","['유동인구', '직장인구', '주거인구', '방문인구', '서비스인구', '통신데이터', '위치데이터']",공간/위치,인구이동,서비스인구,"['유동인구', '직장인구', '주거인구', '방문인구', '서비스인구', '통신데이터', '위치데이터']",421.06MB,-1,441513410.0
KDX,page_26665.html,-,2020년 10월 드럭스토어 관련 키워드의 감성 연관어,"드럭스토어 관련 키워드에 대한 일별/채널별 감성 연관어\n- 기간 : 2020.10.01 ~ 2020.10.31\n- 채널 : 뉴스, 블로그, 트위터, 인스타그램, 전체\n\n※ 드럭스토어 관련 키워드는 ""분류별 키워드 셋""(무료 상품)을 참고하세요.",7000,,True,2025-07-15,,바이브컴퍼니,SNS,"csv, xlsx","['바이브컴퍼니', '바이브', '다음소프트', '소셜', '미디어', 'SNS', '뉴스', '블로그', '트위터', '인스타그램', '빅데이터', '분석', '2020년', '10월', '일별', '드럭스토어', '키워드', '감성', '연관어', '감성연관어']",소비/유통,소비행태,마케팅,"['바이브컴퍼니', '바이브', '다음소프트', '소셜', '미디어', 'SNS', '뉴스', '블로그', '트위터', '인스타그램', '빅데이터', '분석', '2020년', '10월', '일별', '드럭스토어', '키워드', '감성', '연관어', '감성연관어']",1.26MB,-1,1321205.0
KDX,page_38309.html,-,[NH농협카드] 일자별 소비현황_강원_2022년 12월,2022년 12월 강원 지역 개인/기업별 카드 이용현황,0,,True,2025-07-15,,농협은행(농협카드),소비/상권,csv,"['NH농협카드', '카드', '일자별', '소비트렌드']",소비/유통,소비행태,소비트렌드,"['NH농협카드', '카드', '일자별', '소비트렌드']",1.75KB,-1,1792.0
KDX,page_35520.html,-,"앞으로 1년, 고객들이 생각하는 소비 전망부터 달라질 소비 행동까지-",소비자들에게 들어본 2023 소비트렌드,0,,True,2025-07-15,,삼성카드,유통/마케팅,pdf,"['업종별소비', '소비', '소비트렌드', '소비자', '카드', '삼성카드', '소비데이터', '엔데믹', '소득구간', '고소득', '소득수준별']",소비/유통,소비행태,소비트렌드,"['업종별소비', '소비', '소비트렌드', '소비자', '카드', '삼성카드', '소비데이터', '엔데믹', '소득구간', '고소득', '소득수준별']",1.22MB,-1,1279262.0
KDX,page_36389.html,-,202301 전국 행정동단위 하이엔드 데이터,본 데이터는 KCB가 각 금융사들로부터 매일 수집하는 최신 금융 데이터를 공간 단위로 재가공해 월별로 제공하고 있습니다.,22000000,"기준년월 STD_YM; 블록구분코드 BLCK_SP_CD; 시도코드 CTPV_CD; 시도명 CTPV_NM; 시군구코드 CTGG_CD; 시군구명 CTGG_NM; 행정동코드 ADSTRD_CD; 행정동명 ADSTRD_NM; 성별코드 SEXD_CD (1: 남성 2:여성); 연령대코드 AGGRD_CD (20:20대 이하 30:30대 40:40대 50:50대 60:60대 70:70대 이상); 직업군코드 JOBG_CD (1:급여소득자 2:자영업자 3:기타(주부,학생,무직); 하이엔드 대상자 비율 HIGHEND_RT",True,2025-07-15,"기준년월 STD_YM; 블록구분코드 BLCK_SP_CD; 시도코드 CTPV_CD; 시도명 CTPV_NM; 시군구코드 CTGG_CD; 시군구명 CTGG_NM; 행정동코드 ADSTRD_CD; 행정동명 ADSTRD_NM; 성별코드 SEXD_CD (1: 남성 2:여성); 연령대코드 AGGRD_CD (20:20대 이하 30:30대 40:40대 50:50대 60:60대 70:70대 이상); 직업군코드 JOBG_CD (1:급여소득자 2:자영업자 3:기타(주부,학생,무직); 하이엔드 대상자 비율 HIGHEND_RT",코리아크레딧뷰로,금융/증권,csv,"['KDX', 'KCB', '202301', '유통소비', '코리아크레딧뷰로', '전국', '행정동', '신용정보', '성별', '연령별', '직업군별', '하이엔드대상자비율']",소비/유통,소비행태,소비,"['KDX', 'KCB', '202301', '유통소비', '코리아크레딧뷰로', '전국', '행정동', '신용정보', '성별', '연령별', '직업군별', '하이엔드대상자비율']",5.85MB,-1,6134169.0
KDX,page_343.html,-,2017년 골프포위민,"- 매경골프포위민 2017년도 뉴스 데이터 셋\n- 텍스트를 이용한 AI 개발 등 다양한 방면에서 활용 가능\n\n1966년 창간한 매일경제신문과, 1993년 설립된 종합편성채널 MBN 등이 속한 매경미디어그룹이 보유한 뉴스 텍스트 데이터입니다.\n신문 뉴스 텍스트와 방송 뉴스 텍스트 등을 가지고 있어 문어체 텍스트와 구어체 텍스트가 모두 갖춰져 있습니다.\n또한, 텍스트의 주제 또한 정치, 경제, 사회, 문화 등 분야를 가리지 않고 고루 분포돼 있습니다.",0,,True,2025-07-15,,MBN,미디어,"csv, xlsx","['mbn', '매일방송', '매일경제', '매경', '골프', '골프포위민', '2017', 'mk', '매일', '경제', '방송', '보도', '위민']",데이터분석,미디어분석,미디어,"['mbn', '매일방송', '매일경제', '매경', '골프', '골프포위민', '2017', 'mk', '매일', '경제', '방송', '보도', '위민']",5.85MB,-1,6134169.0
KDX,page_33445.html,-,패션 빅데이터 트렌드 레포트_W2203(2주차),패션 빅데이터 분석 보고서,0,,True,2025-07-15,,어반유니온,유통/마케팅,pdf,"['패션트렌드', '의류품목별판매']",소비/유통,소비행태,소비트렌드,"['패션트렌드', '의류품목별판매']",686.03KB,-1,702494.0
KDX,page_38981.html,-,[NH농협카드] 일자별 소비현황_2022년 5월,2022년 5월 개인/기업별 카드 이용현황,0,,True,2025-07-15,,농협은행(농협카드),소비/상권,csv,"['NH농협카드', '카드', '일자별', '소비트렌드']",소비/유통,소비행태,소비트렌드,"['NH농협카드', '카드', '일자별', '소비트렌드']",1.82KB,-1,1863.0
KDX,page_1891.html,-,[SKT]경기도-안산시 단원구[41273]_201911_서비스인구,"SK텔레콤 기지국 데이터를 GIRAF에서 수집, 가공하여 공간통계로서 해당 지역 내의 총인구, 거주인구, 방문인구, 근무자 인구를 추정 제공합니다.       \n해당 데이터는 전체 MS 50%를 차지하는 고객의 네트워크 데이터를 기초로, 통계청 등 공공데이터를 결합, 전국 250개 시군구 단위로 가공되었습니다.\n50M 의 가상격자 내에 존재하는 인구수를 월별/성연령별/목적별(거주,직장 등) 로 집계하여 전체 인구 기준으로 환산하였으며,\n세부항목은 거주인구 (야간체류) / 직장인구 (주간체류) / 유입인구 ( 거주와 직장을 제외한 순수방문인구 ) 로 이루어져 있으며, 이 세개의 필드를 합산하면 해당 장소에 존재하는\n전체 인구를 추정 가능합니다.\n(시간대별, 일별, 요일별 데이터가 필요하신 경우 별도 요청을 부탁드립니다)\nGIRAF는 Geo Intelligence Rapid Analytic Framework의 약자로 SK텔레콤의 가장 스마트한 위치 빅데이터 분석 플랫폼입니다. SK텔레콤의 GIRAF 데이터를 활용하면 시간대 별 해당지역 존재인구 추이를 볼 수 있고, 평일과 공휴일의 유동인구 비교 분석이  가능하며  지역내 거주인구 특성을 이해할 수 있고, 유동인구의 추이를 파악 가능합니다.",2000000,,True,2025-07-15,,SK텔레콤,통신/인구,"xlsx, zip","['유동인구', '직장인구', '주거인구', '방문인구', '서비스인구', '통신데이터', '위치데이터']",공간/위치,인구이동,유동인구,"['유동인구', '직장인구', '주거인구', '방문인구', '서비스인구', '통신데이터', '위치데이터']",335.44MB,-1,351734333.0
KDX,page_28727.html,-,202104 직장인 업종별 식권 사용 주 시간대,식신e식권 가맹점을 대상으로 직장인들의 식권 결제시간 분포 통계 데이터입니다.,0,,True,2025-07-15,,식신,소비/상권,csv,"['직장인식사시간', '직장인', '식사시간', '점심시간']",소비/유통,소비행태,소비트렌드,"['직장인식사시간', '직장인', '식사시간', '점심시간']",754.01KB,-1,772106.0
KDX,page_39232.html,-,"[인덕션/가스레인지] 제조사, 브랜드, 제품별 온라인 구매추이와 소비데이터","온라인 시장 동향 파악을 위한 이커머스 소비 데이터입니다.\n연령,성별,지역 등 구매자 분류를 통해 주요 상품의 소비 현황과 트렌드, 쇼핑 플랫폼 등을 분석하여\n최적화된 운영 전략을 수립할 수 있습니다.",-2,,True,2025-07-15,,써머스플랫폼,이커머스,csv,"['생활가전', '가전제품', '주방가전', '가스레인지', '인덕션', 'lg전자', '삼성전자', '판매순위', '판매데이터', '구매데이터', '소비행태', '소비트렌드', '소비동향', '쇼핑데이터', '온라인쇼핑', '유통데이터', '소비분석', '이커머스', '전자상거래']",소비/유통,소비행태,소비,"['생활가전', '가전제품', '주방가전', '가스레인지', '인덕션', 'lg전자', '삼성전자', '판매순위', '판매데이터', '구매데이터', '소비행태', '소비트렌드', '소비동향', '쇼핑데이터', '온라인쇼핑', '유통데이터', '소비분석', '이커머스', '전자상거래']",1.83KB,-1,1873.0
KDX,page_72.html,-,2014년 사회 뉴스,"- 매일방송, 2014년도 사회 카테고리 뉴스 정보 데이터 셋\n- 텍스트를 이용한 AI 개발 등 다양한 방면에서 활용 가능\n\n1966년 창간한 매일경제신문과, 1993년 설립된 종합편성채널 MBN 등이 속한 매경미디어그룹이 보유한 뉴스 텍스트 데이터입니다.\n신문 뉴스 텍스트와 방송 뉴스 텍스트 등을 가지고 있어 문어체 텍스트와 구어체 텍스트가 모두 갖춰져 있습니다.\n또한, 텍스트의 주제 또한 정치, 경제, 사회, 문화 등 분야를 가리지 않고 고루 분포돼 있습니다.",0,,True,2025-07-15,,MBN,미디어,"csv, xlsx","['mbn', '매일방송', '뉴스', '사회', '2014', 'mk', '매일', '경제', '방송', '보도', '매경', '매일경제', '종합뉴스']",데이터분석,미디어분석,미디어,"['mbn', '매일방송', '뉴스', '사회', '2014', 'mk', '매일', '경제', '방송', '보도', '매경', '매일경제', '종합뉴스']",70.37MB,-1,73788293.0
KDX,page_35524.html,-,202210 전국 일반 맛집 정보,대한민국 NO.1 맛집 서비스 식신이 수집한 전국에 위치한 일반 음식점 POI 데이터입니다.,194415900,,True,2025-07-15,,식신,소비/상권,csv,"['맛집', '음식점', '식당', 'POI', '장소명', '카테고리', '좌표', '주소', '전화번호', '일반맛집', '전국음식점']",공간/위치,인구이동,서비스인구,"['맛집', '음식점', '식당', 'POI', '장소명', '카테고리', '좌표', '주소', '전화번호', '일반맛집', '전국음식점']",93.78MB,-1,98335457.0
KDX,page_35940.html,-,2022년 12월 인테리어 관련 키워드 버즈추이,"인테리어 관련 키워드에 대한 일별/채널별 버즈추이\n- 기간 : 2022.12.01 ~ 2022.12.31\n- 채널 : 뉴스, 블로그, 트위터, 인스타그램, 전체\n\n※ 인테리어 관련 키워드는 ""분류별 키워드 셋""(무료 상품)을 참고하세요.",28600,,True,2025-07-15,,바이브컴퍼니,SNS,"csv, xlsx","['바이브컴퍼니', '바이브', '다음소프트', '소셜', '미디어', 'SNS', '뉴스', '블로그', '트위터', '인스타그램', '빅데이터', '분석', '2022년', '12월', '일별', '인테리어', '키워드', '빈도수', '버즈추이']",소비/유통,소비행태,소비트렌드,"['바이브컴퍼니', '바이브', '다음소프트', '소셜', '미디어', 'SNS', '뉴스', '블로그', '트위터', '인스타그램', '빅데이터', '분석', '2022년', '12월', '일별', '인테리어', '키워드', '빈도수', '버즈추이']",269.88KB,-1,276357.0
KDX,page_37986.html,-,[온라인 쇼핑트렌드] 완구류/유아매트 제품별 구매 순위 및 인기상품 최저가 데이터,온라인 쇼핑몰 사업자를 위한 이커머스 상품트렌드 데이터입니다.\n\n다양한 카테고리별 인기상품과 실시간 최저가 가격 추이 등의 분석으로\n내 쇼핑몰에 최적화된 운영/마케팅 전략을 수립할 수 있습니다.,-2,,True,2025-07-15,,써머스플랫폼,이커머스,,[''],소비/유통,소비행태,소비트렌드,[''],0 Byte,-1,0.0
KDX,page_36673.html,-,2023년 3월 울산 현시점 공실 정보,2023년 3월 울산 현시점 공실 정보,3000000,,True,2025-07-15,,경동도시가스,경제/산업,csv,"['데이터바우처', '울산공실']",공공/행정,정책,공공데이터,"['데이터바우처', '울산공실']",84.93MB,-1,89055559.0
KDX,page_1038.html,-,[SKT]경기도-과천시[41290]_201908_서비스인구,"SK텔레콤 기지국 데이터를 GIRAF에서 수집, 가공하여 공간통계로서 해당 지역 내의 총인구, 거주인구, 방문인구, 근무자 인구를 추정 제공합니다.       \n해당 데이터는 전체 MS 50%를 차지하는 고객의 네트워크 데이터를 기초로, 통계청 등 공공데이터를 결합, 전국 250개 시군구 단위로 가공되었습니다.\n50M 의 가상격자 내에 존재하는 인구수를 월별/성연령별/목적별(거주,직장 등) 로 집계하여 전체 인구 기준으로 환산하였으며,\n세부항목은 거주인구 (야간체류) / 직장인구 (주간체류) / 유입인구 ( 거주와 직장을 제외한 순수방문인구 ) 로 이루어져 있으며, 이 세개의 필드를 합산하면 해당 장소에 존재하는\n전체 인구를 추정 가능합니다.\n(시간대별, 일별, 요일별 데이터가 필요하신 경우 별도 요청을 부탁드립니다)\nGIRAF는 Geo Intelligence Rapid Analytic Framework의 약자로 SK텔레콤의 가장 스마트한 위치 빅데이터 분석 플랫폼입니다. SK텔레콤의 GIRAF 데이터를 활용하면 시간대 별 해당지역 존재인구 추이를 볼 수 있고, 평일과 공휴일의 유동인구 비교 분석이  가능하며  지역내 거주인구 특성을 이해할 수 있고, 유동인구의 추이를 파악 가능합니다.",2000000,,True,2025-07-15,,SK텔레콤,통신/인구,"xlsx, zip","['유동인구', '직장인구', '주거인구', '방문인구', '서비스인구', '통신데이터', '위치데이터']",공간/위치,인구이동,유동인구,"['유동인구', '직장인구', '주거인구', '방문인구', '서비스인구', '통신데이터', '위치데이터']",92.28MB,-1,96762593.0
KDX,page_34808.html,-,2022년 09월 기타 소비품목 관련 키워드 버즈추이,"기타 소비품목 관련 키워드에 대한 일별/채널별 버즈추이\n- 기간 : 2022.09.01 ~ 2022.09.30\n- 채널 : 뉴스, 블로그, 트위터, 인스타그램, 전체\n\n※ 기타 소비품목 관련 키워드는 ""분류별 키워드 셋""(무료 상품)을 참고하세요.",27900,,True,2025-07-15,,바이브컴퍼니,SNS,"csv, xlsx","['바이브컴퍼니', '바이브', '다음소프트', '소셜', '미디어', 'SNS', '뉴스', '블로그', '트위터', '인스타그램', '빅데이터', '분석', '2022년', '9월', '일별', '기타소비품목', '키워드', '빈도수', '버즈추이']",소비/유통,소비행태,소비트렌드,"['바이브컴퍼니', '바이브', '다음소프트', '소셜', '미디어', 'SNS', '뉴스', '블로그', '트위터', '인스타그램', '빅데이터', '분석', '2022년', '9월', '일별', '기타소비품목', '키워드', '빈도수', '버즈추이']",252.78KB,-1,258846.0
KDX,page_33047.html,-,2022년 03월 문구 관련 키워드의 감성 연관어,"문구 관련 키워드에 대한 일별/채널별 감성 연관어\n- 기간 : 2022.03.01 ~ 2022.03.31\n- 채널 : 뉴스, 블로그, 트위터, 인스타그램, 전체\n\n※ 문구 관련 키워드는 ""분류별 키워드 셋""(무료 상품)을 참고하세요.",61000,,True,2025-07-15,,바이브컴퍼니,SNS,"csv, xlsx","['바이브컴퍼니', '바이브', '다음소프트', '소셜', '미디어', 'SNS', '뉴스', '블로그', '트위터', '인스타그램', '빅데이터', '분석', '2022년', '3월', '일별', '문구', '키워드', '감성', '연관어', '감성연관어']",소비/유통,소비행태,마케팅,"['바이브컴퍼니', '바이브', '다음소프트', '소셜', '미디어', 'SNS', '뉴스', '블로그', '트위터', '인스타그램', '빅데이터', '분석', '2022년', '3월', '일별', '문구', '키워드', '감성', '연관어', '감성연관어']",22.74MB,-1,23844618.0
KDX,page_29182.html,-,202105 지역별 상품분류별 매출구성비,GS25편의점의 상품카테고리별 매출 비중을 지역별로 차이가 있는지 비교분석 할 수 있는 월 집계 데이터로 지역별 선호 상품 카테고리를 확인 할 수 있음,30000000,,True,2025-07-15,,지에스리테일,유통/마케팅,csv,"['KDX', '유통', '소비', 'GS', '지에스', 'GS25', 'gs25', '카테고리', '상품분류', '매출', '매출구성비', '지역별']",소비/유통,소비행태,소비,"['KDX', '유통', '소비', 'GS', '지에스', 'GS25', 'gs25', '카테고리', '상품분류', '매출', '매출구성비', '지역별']",2.47MB,-1,2589982.0
KDX,page_36398.html,-,[NH농협카드] 2022년 12월 성별/연령별 업종별 소비현황_20대 여성,20대 여성고객의 거주지별 이용업종별 소비현황,-2,,True,2025-07-15,,농협은행(농협카드),소비/상권,csv,"['NH농협카드', '카드', '소비', '소비형태', '시간대', '사용시간대별', '업종', '요일', '연령대', '성별', '신용카드', '체크카드', '가맹점', '청년', '20대', '여성']",소비/유통,소비행태,소비트렌드,"['NH농협카드', '카드', '소비', '소비형태', '시간대', '사용시간대별', '업종', '요일', '연령대', '성별', '신용카드', '체크카드', '가맹점', '청년', '20대', '여성']",3.17KB,-1,3246.0
KDX,page_3496.html,-,오프라인 매장방문통계 여의도상권 Top100(2020년 3월),2020년 3월 기준 로플랫매장방문통계_로플랫 여의도상권 내 방문수가 가장 많은 매장 100개 정보,1000000,,True,2025-07-15,,로플랫,유통/마케팅,csv,"['loplat', 'visit', 'statistics', 'area', '여의도', '로플랫', '매장방문', '매장', '백화점', '대형마트', '쇼핑몰', '오프라인', '상권', '방문통계']",소비/유통,상품,쇼핑,"['loplat', 'visit', 'statistics', 'area', '여의도', '로플랫', '매장방문', '매장', '백화점', '대형마트', '쇼핑몰', '오프라인', '상권', '방문통계']",14.05KB,-1,14387.0
KDX,page_40669.html,-,국가첨단전략기술('11~'24년) - 디스플레이편,"국가첨단전략기술 디스플레이 특허 데이터(서지사항 72개), 특허로 바로가기 및 패밀리정보가 담긴 웹버전 제공",200000,,True,2025-07-15,,윕스,경제/산업,xlsx,"['특허', '기술', '분석', '국가첨단전략', '디스플레이', 'OLED', 'AMOLED', 'QD', 'Quantumdot', '퀀텀', '퀀텀닷', 'MicroLED', 'NanoLED', 'LED', '마이크로', '나노', 'Micro', 'Nano']",공공/행정,정책,공공데이터,"['특허', '기술', '분석', '국가첨단전략', '디스플레이', 'OLED', 'AMOLED', 'QD', 'Quantumdot', '퀀텀', '퀀텀닷', 'MicroLED', 'NanoLED', 'LED', '마이크로', '나노', 'Micro', 'Nano']",10.49MB,-1,10999562.0
KDX,page_27082.html,-,2020년 11월 식음 관련 키워드에 대한 원문정보,"식음 관련 키워드에 대한 일별/채널별 원문정보\n- 기간 : 2020.11.01 ~ 2020.11.30\n- 채널 : 뉴스, 블로그, 트위터, 인스타그램\n\n※ 향후에는 관련 키워드 버즈추이 데이터를 구매하면 무료로 제공 예정입니다.\n\n※ 식음 관련 키워드는 ""분류별 키워드 셋""(무료 상품)을 참고하세요.",949000,,True,2025-07-15,,바이브컴퍼니,SNS,"csv, xlsx","['바이브컴퍼니', '바이브', '다음소프트', '소셜', '미디어', 'SNS', '뉴스', '블로그', '트위터', '인스타그램', '빅데이터', '분석', '2020년', '11월', '일별', '식음', '키워드', '원문정보', '문서', '제목', '내용', 'URL', '원문매핑정보']",소비/유통,소비행태,소비트렌드,"['바이브컴퍼니', '바이브', '다음소프트', '소셜', '미디어', 'SNS', '뉴스', '블로그', '트위터', '인스타그램', '빅데이터', '분석', '2020년', '11월', '일별', '식음', '키워드', '원문정보', '문서', '제목', '내용', 'URL', '원문매핑정보']",2.94GB,-1,3156800962.0
KDX,page_34621.html,-,2022년 08월 음향가전 관련 키워드의 감성 연관어,"음향가전 관련 키워드에 대한 일별/채널별 감성 연관어\n- 기간 : 2022.08.01 ~ 2022.08.31\n- 채널 : 뉴스, 블로그, 트위터, 인스타그램, 전체\n\n※ 음향가전 관련 키워드는 ""분류별 키워드 셋""(무료 상품)을 참고하세요.",26000,,True,2025-07-15,,바이브컴퍼니,SNS,"csv, xlsx","['바이브컴퍼니', '바이브', '다음소프트', '소셜', '미디어', 'SNS', '뉴스', '블로그', '트위터', '인스타그램', '빅데이터', '분석', '2022년', '8월', '일별', '음향가전', '키워드', '감성', '연관어', '감성연관어']",데이터분석,자연어처리,감성분석,"['바이브컴퍼니', '바이브', '다음소프트', '소셜', '미디어', 'SNS', '뉴스', '블로그', '트위터', '인스타그램', '빅데이터', '분석', '2022년', '8월', '일별', '음향가전', '키워드', '감성', '연관어', '감성연관어']",6.40MB,-1,6710886.0
KDX,page_28851.html,-,오프라인 매장데이터(2021년 5월 변경분),로플랫매장데이터(변경분)_로플랫매장데이터(전체) 중 2021년 5월 변경 분,1000000,,True,2025-07-15,,로플랫,유통/마케팅,,"['loplat', 'visit', 'poi', 'store', 'complex', '로플랫', '매장방문', '매장', '백화점', '대형마트', '쇼핑몰', '매장정보', '오프라인']",소비/유통,상품,쇼핑,"['loplat', 'visit', 'poi', 'store', 'complex', '로플랫', '매장방문', '매장', '백화점', '대형마트', '쇼핑몰', '매장정보', '오프라인']",0 Byte,-1,0.0
KDX,page_38161.html,-,[NH농협카드] 일자별 소비현황_전북_2023년 3월,2023년 3월 전북 지역 개인/기업별 카드 이용현황,0,,True,2025-07-15,,농협은행(농협카드),소비/상권,csv,"['NH농협카드', '카드', '일자별', '소비트렌드']",소비/유통,소비행태,소비트렌드,"['NH농협카드', '카드', '일자별', '소비트렌드']",1.75KB,-1,1792.0
KDX,page_37121.html,-,[샘플] 지역주력산업 특허데이터('01~'23년) - 전라북도편,"23년 전북 지역 주력산업별 특허 데이터(서지사항 74개), 특허로 바로가기 및 패밀리정보가 담긴 웹버전 제공",0,,True,2025-07-15,,윕스,경제/산업,xlsx,"['특허', '기술', '분석', '산업', '윕스', '전북', '전라북도', '주력산업', '지역산업', '농생명', '농업', '바이오', '기계', '탄소']",데이터분석,빅데이터,데이터,"['특허', '기술', '분석', '산업', '윕스', '전북', '전라북도', '주력산업', '지역산업', '농생명', '농업', '바이오', '기계', '탄소']",38.55KB,-1,39475.0
KDX,page_40016.html,-,202312 전국 시도단위 대출정보 데이터,본 데이터는 KCB가 각 금융사들로부터 매일 수집하는 최신 금융 데이터를 공간 단위로 재가공해 월별로 제공하고 있습니다.,0,기준년월 STD_YM; 블록구분코드 BLCK_SP_CD; 시도코드 CTPV_CD; 시도명 CTPV_NM; 대출보유자수(명) LN_HLDR_CT; 평균대출건수(건) AVG_LN_CONT; 전체대출잔액(천원) ALL_LN_BLC; 평균대출잔액(천원) AVG_LN_BLC,True,2025-07-15,기준년월 STD_YM; 블록구분코드 BLCK_SP_CD; 시도코드 CTPV_CD; 시도명 CTPV_NM; 대출보유자수(명) LN_HLDR_CT; 평균대출건수(건) AVG_LN_CONT; 전체대출잔액(천원) ALL_LN_BLC; 평균대출잔액(천원) AVG_LN_BLC,코리아크레딧뷰로,금융/증권,csv,"['KDX', 'KCB', '코리아크레딧뷰로', '대출정보', '시도', '전국']",데이터분석,빅데이터,데이터,"['KDX', 'KCB', '코리아크레딧뷰로', '대출정보', '시도', '전국']",1.70KB,-1,1740.0
KDX,page_1207.html,-,[SKT]전라남도-함평군[46860]_201908_서비스인구,"SK텔레콤 기지국 데이터를 GIRAF에서 수집, 가공하여 공간통계로서 해당 지역 내의 총인구, 거주인구, 방문인구, 근무자 인구를 추정 제공합니다.       \n해당 데이터는 전체 MS 50%를 차지하는 고객의 네트워크 데이터를 기초로, 통계청 등 공공데이터를 결합, 전국 250개 시군구 단위로 가공되었습니다.\n50M 의 가상격자 내에 존재하는 인구수를 월별/성연령별/목적별(거주,직장 등) 로 집계하여 전체 인구 기준으로 환산하였으며,\n세부항목은 거주인구 (야간체류) / 직장인구 (주간체류) / 유입인구 ( 거주와 직장을 제외한 순수방문인구 ) 로 이루어져 있으며, 이 세개의 필드를 합산하면 해당 장소에 존재하는\n전체 인구를 추정 가능합니다.\n(시간대별, 일별, 요일별 데이터가 필요하신 경우 별도 요청을 부탁드립니다)\nGIRAF는 Geo Intelligence Rapid Analytic Framework의 약자로 SK텔레콤의 가장 스마트한 위치 빅데이터 분석 플랫폼입니다. SK텔레콤의 GIRAF 데이터를 활용하면 시간대 별 해당지역 존재인구 추이를 볼 수 있고, 평일과 공휴일의 유동인구 비교 분석이  가능하며  지역내 거주인구 특성을 이해할 수 있고, 유동인구의 추이를 파악 가능합니다.",2000000,,True,2025-07-15,,SK텔레콤,통신/인구,"xlsx, zip","['유동인구', '직장인구', '주거인구', '방문인구', '서비스인구', '통신데이터', '위치데이터']",공간/위치,인구이동,유동인구,"['유동인구', '직장인구', '주거인구', '방문인구', '서비스인구', '통신데이터', '위치데이터']",297.40MB,-1,311846502.0
KDX,page_34286.html,-,2022년 07월 음향가전 관련 키워드의 감성 연관어,"음향가전 관련 키워드에 대한 일별/채널별 감성 연관어\n- 기간 : 2022.07.01 ~ 2022.07.31\n- 채널 : 뉴스, 블로그, 트위터, 인스타그램, 전체\n\n※ 음향가전 관련 키워드는 ""분류별 키워드 셋""(무료 상품)을 참고하세요.",26000,,True,2025-07-15,,바이브컴퍼니,SNS,"csv, xlsx","['바이브컴퍼니', '바이브', '다음소프트', '소셜', '미디어', 'SNS', '뉴스', '블로그', '트위터', '인스타그램', '빅데이터', '분석', '2022년', '7월', '일별', '음향가전', '키워드', '감성', '연관어', '감성연관어']",소비/유통,소비행태,마케팅,"['바이브컴퍼니', '바이브', '다음소프트', '소셜', '미디어', 'SNS', '뉴스', '블로그', '트위터', '인스타그램', '빅데이터', '분석', '2022년', '7월', '일별', '음향가전', '키워드', '감성', '연관어', '감성연관어']",6.38MB,-1,6689914.0
KDX,page_38225.html,-,[NH농협카드] 2월 세부 업종별 카드 이용금액 트렌드 (2019년 2월 ~ 2023년 2월),2월의 세부 업종별 카드이용금액 추이를 분석할 수 있는 데이터,0,,True,2025-07-15,,농협은행(농협카드),소비/상권,csv,"['NH농협카드', '업종', '2월', '추세', '소비', '트렌드']",소비/유통,소비행태,소비트렌드,"['NH농협카드', '업종', '2월', '추세', '소비', '트렌드']",2.68KB,-1,2744.0
KDX,page_32672.html,-,2022년 02월 잡화 관련 키워드의 연관어,"잡화 관련 키워드에 대한 일별/채널별 연관어\n- 기간 : 2022.02.01 ~ 2022.02.28\n- 채널 : 뉴스, 블로그, 트위터, 인스타그램, 전체\n\n※ 잡화 관련 키워드는 ""분류별 키워드 셋""(무료 상품)을 참고하세요.",185000,,True,2025-07-15,,바이브컴퍼니,SNS,"csv, xlsx","['바이브컴퍼니', '바이브', '다음소프트', '소셜', '미디어', 'SNS', '뉴스', '블로그', '트위터', '인스타그램', '빅데이터', '분석', '2022년', '2월', '일별', '잡화', '키워드', '연관어', '연관키워드']",소비/유통,소비행태,소비트렌드,"['바이브컴퍼니', '바이브', '다음소프트', '소셜', '미디어', 'SNS', '뉴스', '블로그', '트위터', '인스타그램', '빅데이터', '분석', '2022년', '2월', '일별', '잡화', '키워드', '연관어', '연관키워드']",45.33MB,-1,47531950.0
KDX,page_1443.html,-,[SKT]경상북도-울진군[47930]_201909_서비스인구,"SK텔레콤 기지국 데이터를 GIRAF에서 수집, 가공하여 공간통계로서 해당 지역 내의 총인구, 거주인구, 방문인구, 근무자 인구를 추정 제공합니다.       \n해당 데이터는 전체 MS 50%를 차지하는 고객의 네트워크 데이터를 기초로, 통계청 등 공공데이터를 결합, 전국 250개 시군구 단위로 가공되었습니다.\n50M 의 가상격자 내에 존재하는 인구수를 월별/성연령별/목적별(거주,직장 등) 로 집계하여 전체 인구 기준으로 환산하였으며,\n세부항목은 거주인구 (야간체류) / 직장인구 (주간체류) / 유입인구 ( 거주와 직장을 제외한 순수방문인구 ) 로 이루어져 있으며, 이 세개의 필드를 합산하면 해당 장소에 존재하는\n전체 인구를 추정 가능합니다.\n(시간대별, 일별, 요일별 데이터가 필요하신 경우 별도 요청을 부탁드립니다)\nGIRAF는 Geo Intelligence Rapid Analytic Framework의 약자로 SK텔레콤의 가장 스마트한 위치 빅데이터 분석 플랫폼입니다. SK텔레콤의 GIRAF 데이터를 활용하면 시간대 별 해당지역 존재인구 추이를 볼 수 있고, 평일과 공휴일의 유동인구 비교 분석이  가능하며  지역내 거주인구 특성을 이해할 수 있고, 유동인구의 추이를 파악 가능합니다.",2000000,,True,2025-07-15,,SK텔레콤,통신/인구,"xlsx, zip","['유동인구', '직장인구', '주거인구', '방문인구', '서비스인구', '통신데이터', '위치데이터']",공간/위치,인구이동,유동인구,"['유동인구', '직장인구', '주거인구', '방문인구', '서비스인구', '통신데이터', '위치데이터']",283.17MB,-1,296925265.0
KDX,page_34682.html,-,2022 증권사 만족도 평가,"성, 연령, 소득, Life stage 등 인구통계학적 응답자 특성 및 금융 이용 특성 별로 분석한 통계표입니다.",700000,,True,2025-07-15,,나이스디앤알,금융/증권,xlsx,"['금융', '기획조사', 'KFSS', '금융소비자', '은행', '증권사', '보험사', '저축은행', '신용카드']",소비/유통,소비행태,소비자,"['금융', '기획조사', 'KFSS', '금융소비자', '은행', '증권사', '보험사', '저축은행', '신용카드']",1.20MB,-1,1258291.0
KDX,page_29217.html,-,202105 포털 인기검색 맛집 트렌드,대한민국 NO. 맛집 서비스 식신에서 발행한 매거진을 페이지 뷰 순으로 나열한 데이터입니다.,1000000,,True,2025-07-15,,식신,소비/상권,csv,"['매거진', '맛집매거진', '맛집컨텐츠', '맛집트렌드', '음식트렌드', '인기맛집', '인기맛집트렌드']",소비/유통,소비행태,소비트렌드,"['매거진', '맛집매거진', '맛집컨텐츠', '맛집트렌드', '음식트렌드', '인기맛집', '인기맛집트렌드']",4.29MB,-1,4498391.0
KDX,page_1882.html,-,[SKT]서울특별시-도봉구[11320]_201911_서비스인구,"SK텔레콤 기지국 데이터를 GIRAF에서 수집, 가공하여 공간통계로서 해당 지역 내의 총인구, 거주인구, 방문인구, 근무자 인구를 추정 제공합니다.       \n해당 데이터는 전체 MS 50%를 차지하는 고객의 네트워크 데이터를 기초로, 통계청 등 공공데이터를 결합, 전국 250개 시군구 단위로 가공되었습니다.\n50M 의 가상격자 내에 존재하는 인구수를 월별/성연령별/목적별(거주,직장 등) 로 집계하여 전체 인구 기준으로 환산하였으며,\n세부항목은 거주인구 (야간체류) / 직장인구 (주간체류) / 유입인구 ( 거주와 직장을 제외한 순수방문인구 ) 로 이루어져 있으며, 이 세개의 필드를 합산하면 해당 장소에 존재하는\n전체 인구를 추정 가능합니다.\n(시간대별, 일별, 요일별 데이터가 필요하신 경우 별도 요청을 부탁드립니다)\nGIRAF는 Geo Intelligence Rapid Analytic Framework의 약자로 SK텔레콤의 가장 스마트한 위치 빅데이터 분석 플랫폼입니다. SK텔레콤의 GIRAF 데이터를 활용하면 시간대 별 해당지역 존재인구 추이를 볼 수 있고, 평일과 공휴일의 유동인구 비교 분석이  가능하며  지역내 거주인구 특성을 이해할 수 있고, 유동인구의 추이를 파악 가능합니다.",2000000,,True,2025-07-15,,SK텔레콤,통신/인구,"xlsx, zip","['유동인구', '직장인구', '주거인구', '방문인구', '서비스인구', '통신데이터', '위치데이터']",공간/위치,인구이동,유동인구,"['유동인구', '직장인구', '주거인구', '방문인구', '서비스인구', '통신데이터', '위치데이터']",108.97MB,-1,114263326.0
KDX,page_39205.html,-,[NH농협카드] 2023년 8월 페르소나별 소비현황_밀레니얼 청년사업가,NH농협카드에서 개발한 고객 니즈 및 행동 특성 기반 Persona별로 소비현황을 분석할 수 있는 데이터,-2,,True,2025-07-15,,농협은행(농협카드),소비/상권,,[''],소비/유통,소비행태,소비트렌드,[''],0 Byte,-1,0.0
KDX,page_6030.html,-,[SKT]충청남도-부여군[44760]_202005_서비스인구,"SK텔레콤 기지국 데이터를 GIRAF에서 수집, 가공하여 공간통계로서 해당 지역 내의 총인구, 거주인구, 방문인구, 근무자 인구를 추정 제공합니다.       \n해당 데이터는 전체 MS 50%를 차지하는 고객의 네트워크 데이터를 기초로, 통계청 등 공공데이터를 결합, 전국 250개 시군구 단위로 가공되었습니다.\n50M 의 가상격자 내에 존재하는 인구수를 월별/성연령별/목적별(거주,직장 등) 로 집계하여 전체 인구 기준으로 환산하였으며,\n세부항목은 거주인구 (야간체류) / 직장인구 (주간체류) / 유입인구 ( 거주와 직장을 제외한 순수방문인구 ) 로 이루어져 있으며, 이 세개의 필드를 합산하면 해당 장소에 존재하는\n전체 인구를 추정 가능합니다.\n(시간대별, 일별, 요일별 데이터가 필요하신 경우 별도 요청을 부탁드립니다)\nGIRAF는 Geo Intelligence Rapid Analytic Framework의 약자로 SK텔레콤의 가장 스마트한 위치 빅데이터 분석 플랫폼입니다. SK텔레콤의 GIRAF 데이터를 활용하면 시간대 별 해당지역 존재인구 추이를 볼 수 있고, 평일과 공휴일의 유동인구 비교 분석이  가능하며  지역내 거주인구 특성을 이해할 수 있고, 유동인구의 추이를 파악 가능합니다.",2000000,,True,2025-07-15,,SK텔레콤,통신/인구,zip,"['유동인구', '직장인구', '주거인구', '방문인구', '서비스인구', '통신데이터', '위치데이터']",공간/위치,인구이동,유동인구,"['유동인구', '직장인구', '주거인구', '방문인구', '서비스인구', '통신데이터', '위치데이터']",386.12MB,-1,404876165.0
KDX,page_29262.html,-,[이커머스] 2021년 5월 일별 e커머스 의류관리기 리뷰 정보,"※ 데이터 소개\n - 국내 17개 온라인 마켓에 판매되고 있는 의류관리기 제품의 구매후기 정보\n - 제조사, 모델, 채널, 판매자 별 구매후기 현황 분석 가능",500000,,True,2025-07-15,,빌트온,이커머스,"xlsx, csv","['e커머스', '이커머스', '리뷰현황', '구매후기', '후기정보', '텍스트마이닝', '가전제품', '온라인상품', '상품현황', '유통', '빌트온', '의류관리기']",소비/유통,거래정보,리뷰정보,"['e커머스', '이커머스', '리뷰현황', '구매후기', '후기정보', '텍스트마이닝', '가전제품', '온라인상품', '상품현황', '유통', '빌트온', '의류관리기']",276.97KB,-1,283617.0
KDX,page_31049.html,-,2021년 03월 경제감성 원문정보,"경제감성 분류별 긍부정 추이에 대한 원문정보\n- 기간 : 2021.03.01 ~ 2021.03.31\n- 채널 : 뉴스\n\n※  경제감성 분류는 ""경제감성 분류표""(무료 상품)을 참고하세요.",2000000,,True,2025-07-15,,바이브컴퍼니,SNS,"csv, xlsx","['바이브컴퍼니', '바이브', '경제뉴스', '금융뉴스', '빅데이터', '분석', '2021년', '3월', '일별', '경제감성', '긍부정추이', '원문정보']",데이터분석,자연어처리,감성분석,"['바이브컴퍼니', '바이브', '경제뉴스', '금융뉴스', '빅데이터', '분석', '2021년', '3월', '일별', '경제감성', '긍부정추이', '원문정보']",99.00MB,-1,103809024.0
KDX,page_5028.html,-,[SKT]경상남도-남해군[48840]_202001_서비스인구,"SK텔레콤 기지국 데이터를 GIRAF에서 수집, 가공하여 공간통계로서 해당 지역 내의 총인구, 거주인구, 방문인구, 근무자 인구를 추정 제공합니다.       \n해당 데이터는 전체 MS 50%를 차지하는 고객의 네트워크 데이터를 기초로, 통계청 등 공공데이터를 결합, 전국 250개 시군구 단위로 가공되었습니다.\n50M 의 가상격자 내에 존재하는 인구수를 월별/성연령별/목적별(거주,직장 등) 로 집계하여 전체 인구 기준으로 환산하였으며,\n세부항목은 거주인구 (야간체류) / 직장인구 (주간체류) / 유입인구 ( 거주와 직장을 제외한 순수방문인구 ) 로 이루어져 있으며, 이 세개의 필드를 합산하면 해당 장소에 존재하는\n전체 인구를 추정 가능합니다.\n(시간대별, 일별, 요일별 데이터가 필요하신 경우 별도 요청을 부탁드립니다)\nGIRAF는 Geo Intelligence Rapid Analytic Framework의 약자로 SK텔레콤의 가장 스마트한 위치 빅데이터 분석 플랫폼입니다. SK텔레콤의 GIRAF 데이터를 활용하면 시간대 별 해당지역 존재인구 추이를 볼 수 있고, 평일과 공휴일의 유동인구 비교 분석이  가능하며  지역내 거주인구 특성을 이해할 수 있고, 유동인구의 추이를 파악 가능합니다.",2000000,,True,2025-07-15,,SK텔레콤,통신/인구,zip,"['유동인구', '직장인구', '주거인구', '방문인구', '서비스인구', '통신데이터', '위치데이터']",공간/위치,인구이동,유동인구,"['유동인구', '직장인구', '주거인구', '방문인구', '서비스인구', '통신데이터', '위치데이터']",267.39MB,-1,280378736.0
KDX,page_5636.html,-,[SKT]대구광역시-달성군[27710]_202004_서비스인구,"SK텔레콤 기지국 데이터를 GIRAF에서 수집, 가공하여 공간통계로서 해당 지역 내의 총인구, 거주인구, 방문인구, 근무자 인구를 추정 제공합니다.       \n해당 데이터는 전체 MS 50%를 차지하는 고객의 네트워크 데이터를 기초로, 통계청 등 공공데이터를 결합, 전국 250개 시군구 단위로 가공되었습니다.\n50M 의 가상격자 내에 존재하는 인구수를 월별/성연령별/목적별(거주,직장 등) 로 집계하여 전체 인구 기준으로 환산하였으며,\n세부항목은 거주인구 (야간체류) / 직장인구 (주간체류) / 유입인구 ( 거주와 직장을 제외한 순수방문인구 ) 로 이루어져 있으며, 이 세개의 필드를 합산하면 해당 장소에 존재하는\n전체 인구를 추정 가능합니다.\n(시간대별, 일별, 요일별 데이터가 필요하신 경우 별도 요청을 부탁드립니다)\nGIRAF는 Geo Intelligence Rapid Analytic Framework의 약자로 SK텔레콤의 가장 스마트한 위치 빅데이터 분석 플랫폼입니다. SK텔레콤의 GIRAF 데이터를 활용하면 시간대 별 해당지역 존재인구 추이를 볼 수 있고, 평일과 공휴일의 유동인구 비교 분석이  가능하며  지역내 거주인구 특성을 이해할 수 있고, 유동인구의 추이를 파악 가능합니다.",2000000,,True,2025-07-15,,SK텔레콤,통신/인구,zip,"['유동인구', '직장인구', '주거인구', '방문인구', '서비스인구', '통신데이터', '위치데이터']",공간/위치,인구이동,유동인구,"['유동인구', '직장인구', '주거인구', '방문인구', '서비스인구', '통신데이터', '위치데이터']",476.54MB,-1,499688407.0
KDX,page_28233.html,-,2021년 03월 유통관련 기타 관련 키워드의 연관어,"유통관련 기타 관련 키워드에 대한 일별/채널별 연관어\n- 기간 : 2021.03.01 ~ 2021.03.31\n- 채널 : 뉴스, 블로그, 트위터, 인스타그램, 전체\n\n※ 유통관련 기타 관련 키워드는 ""분류별 키워드 셋""(무료 상품)을 참고하세요.",22000,,True,2025-07-15,,바이브컴퍼니,SNS,"csv, xlsx","['바이브컴퍼니', '바이브', '다음소프트', '소셜', '미디어', 'SNS', '뉴스', '블로그', '트위터', '인스타그램', '빅데이터', '분석', '2021년', '3월', '일별', '유통관련기타', '키워드', '연관어', '연관키워드']",소비/유통,상품,유통,"['바이브컴퍼니', '바이브', '다음소프트', '소셜', '미디어', 'SNS', '뉴스', '블로그', '트위터', '인스타그램', '빅데이터', '분석', '2021년', '3월', '일별', '유통관련기타', '키워드', '연관어', '연관키워드']",5.55MB,-1,5819596.0
KDX,page_929.html,-,[SKT]경상남도-고성군_201909_서비스인구,"SK텔레콤 기지국 데이터를 GIRAF에서 수집, 가공하여 공간통계로서 해당 지역 내의 총인구, 거주인구, 방문인구, 근무자 인구를 추정 제공합니다.       \n \n 해당 데이터는 전체 MS 50%를 차지하는 고객의 네트워크 데이터를 기초로, 통계청 등 공공데이터를 결합, 전국 250개 시군구 단위로 가공되었습니다.\n \n 50M 의 가상격자 내에 존재하는 인구수를 월별/성연령별/목적별(거주,직장 등) 로 집계하여 전체 인구 기준으로 환산하였으며,\n \n 세부항목은 거주인구 (야간체류) / 직장인구 (주간체류) / 유입인구 ( 거주와 직장을 제외한 순수방문인구 ) 로 이루어져 있으며, 이 세개의 필드를 합산하면 해당 장소에 존재하는\n \n 전체 인구를 추정 가능합니다.\n \n (시간대별, 일별, 요일별 데이터가 필요하신 경우 별도 요청을 부탁드립니다)\n \n GIRAF는 Geo Intelligence Rapid Analytic Framework의 약자로 SK텔레콤의 가장 스마트한 위치 빅데이터 분석 플랫폼입니다. SK텔레콤의 GIRAF 데이터를 활용하면 시간대 별 해당지역 존재인구 추이를 볼 수 있고, 평일과 공휴일의 유동인구 비교 분석이  가능하며  지역내 거주인구 특성을 이해할 수 있고, 유동인구의 추이를 파악 가능합니다.",2000000,,True,2025-07-15,,SK텔레콤,통신/인구,"zip, xlsx","['유동인구', '직장인구', '주거인구', '방문인구', '서비스인구', '통신데이터', '위치데이터']",공간/위치,인구이동,유동인구,"['유동인구', '직장인구', '주거인구', '방문인구', '서비스인구', '통신데이터', '위치데이터']",345.37MB,-1,362146693.0
KDX,page_39650.html,-,패션잡화 상품 동단위 물동량(소분류)_202310,패션잡화 상품분류별(3단계) X 지역(동) 주문 건수/월 : \n판매가격 기준: 대분류 1개 X 시도 그룹 1개 선택,3300000,,True,2025-07-15,,CJ올리브네트웍스,물류/교통,csv,"['상품명', '상품분류', '상품유통', '소비분석', '소비트랜드', '송장', '시장분석', '씨제이올리브네트웍스', '유통데이터', '주문수', '카테고리', '커머스', '택배', '패션잡화']",소비/유통,상품,유통,"['상품명', '상품분류', '상품유통', '소비분석', '소비트랜드', '송장', '시장분석', '씨제이올리브네트웍스', '유통데이터', '주문수', '카테고리', '커머스', '택배', '패션잡화']",28.68MB,-1,30073159.0
KDX,page_36483.html,-,202301 서울 직장인 점심식대 금액 평균,식신E식권을 이용하는 직장인들의 서울특별시 구단위 별 점심 식대 소비 통계 데이터입니다.,0,,True,2025-07-15,,식신,소비/상권,csv,"['점심', '식권', '식대', '식당', '서울', '모바일식권', '직장인', '기업', '서울직장인', '음식점']",소비/유통,소비행태,소비트렌드,"['점심', '식권', '식대', '식당', '서울', '모바일식권', '직장인', '기업', '서울직장인', '음식점']",294.14KB,-1,301199.0
KDX,page_30917.html,-,2021년 10월 유통관련 기타 관련 키워드의 감성 연관어,"유통관련 기타 관련 키워드에 대한 일별/채널별 감성 연관어\n- 기간 : 2021.10.01 ~ 2021.10.31\n- 채널 : 뉴스, 블로그, 트위터, 인스타그램, 전체\n\n※ 유통관련 기타 관련 키워드는 ""분류별 키워드 셋""(무료 상품)을 참고하세요.",22000,,True,2025-07-15,,바이브컴퍼니,SNS,"csv, xlsx","['바이브컴퍼니', '바이브', '다음소프트', '소셜', '미디어', 'SNS', '뉴스', '블로그', '트위터', '인스타그램', '빅데이터', '분석', '2021년', '10월', '일별', '유통관련기타', '키워드', '감성', '연관어', '감성연관어']",소비/유통,상품,유통,"['바이브컴퍼니', '바이브', '다음소프트', '소셜', '미디어', 'SNS', '뉴스', '블로그', '트위터', '인스타그램', '빅데이터', '분석', '2021년', '10월', '일별', '유통관련기타', '키워드', '감성', '연관어', '감성연관어']",3.82MB,-1,4005560.0
KDX,page_30196.html,-,AI 학습용 원시데이터 - 생활안전 / 예능교양,AI 인공지능 학습 활용 및 연구 개발 할 수 있는 원시 데이터 및 메타 데이터 셋을 제공 합니다.\n(동영상 가격 및 제공 프로토콜은 협의),39600000,,True,2025-07-15,,KDX한국데이터거래소,인공지능,xlsx,"['인공지능', '원시데이터', 'KDX']",산업/기술,IT기술,AI,"['인공지능', '원시데이터', 'KDX']",730.83KB,-1,748369.0
KDX,page_40107.html,-,2024년 다시 축제속으로- 성공적인 지역축제 어떻게 준비해야 할까요?,2024년 다시 축제속으로- 성공적인 지역축제 어떻게 준비해야 할까요?,0,,True,2025-07-15,,삼성카드,여가/레저,,[''],기타,기타,기타,[''],0 Byte,-1,0.0
KDX,page_5309.html,-,[SKT]경기도-오산시[41370]_202003_서비스인구,"SK텔레콤 기지국 데이터를 GIRAF에서 수집, 가공하여 공간통계로서 해당 지역 내의 총인구, 거주인구, 방문인구, 근무자 인구를 추정 제공합니다.       \n해당 데이터는 전체 MS 50%를 차지하는 고객의 네트워크 데이터를 기초로, 통계청 등 공공데이터를 결합, 전국 250개 시군구 단위로 가공되었습니다.\n50M 의 가상격자 내에 존재하는 인구수를 월별/성연령별/목적별(거주,직장 등) 로 집계하여 전체 인구 기준으로 환산하였으며,\n세부항목은 거주인구 (야간체류) / 직장인구 (주간체류) / 유입인구 ( 거주와 직장을 제외한 순수방문인구 ) 로 이루어져 있으며, 이 세개의 필드를 합산하면 해당 장소에 존재하는\n전체 인구를 추정 가능합니다.\n(시간대별, 일별, 요일별 데이터가 필요하신 경우 별도 요청을 부탁드립니다)\nGIRAF는 Geo Intelligence Rapid Analytic Framework의 약자로 SK텔레콤의 가장 스마트한 위치 빅데이터 분석 플랫폼입니다. SK텔레콤의 GIRAF 데이터를 활용하면 시간대 별 해당지역 존재인구 추이를 볼 수 있고, 평일과 공휴일의 유동인구 비교 분석이  가능하며  지역내 거주인구 특성을 이해할 수 있고, 유동인구의 추이를 파악 가능합니다.",2000000,,True,2025-07-15,,SK텔레콤,통신/인구,zip,"['유동인구', '직장인구', '주거인구', '방문인구', '서비스인구', '통신데이터', '위치데이터']",공간/위치,인구이동,유동인구,"['유동인구', '직장인구', '주거인구', '방문인구', '서비스인구', '통신데이터', '위치데이터']",182.75MB,-1,191627264.0
KDX,page_5434.html,-,[SKT]강원도-철원군[42780]_202003_서비스인구,"SK텔레콤 기지국 데이터를 GIRAF에서 수집, 가공하여 공간통계로서 해당 지역 내의 총인구, 거주인구, 방문인구, 근무자 인구를 추정 제공합니다.       \n해당 데이터는 전체 MS 50%를 차지하는 고객의 네트워크 데이터를 기초로, 통계청 등 공공데이터를 결합, 전국 250개 시군구 단위로 가공되었습니다.\n50M 의 가상격자 내에 존재하는 인구수를 월별/성연령별/목적별(거주,직장 등) 로 집계하여 전체 인구 기준으로 환산하였으며,\n세부항목은 거주인구 (야간체류) / 직장인구 (주간체류) / 유입인구 ( 거주와 직장을 제외한 순수방문인구 ) 로 이루어져 있으며, 이 세개의 필드를 합산하면 해당 장소에 존재하는\n전체 인구를 추정 가능합니다.\n(시간대별, 일별, 요일별 데이터가 필요하신 경우 별도 요청을 부탁드립니다)\nGIRAF는 Geo Intelligence Rapid Analytic Framework의 약자로 SK텔레콤의 가장 스마트한 위치 빅데이터 분석 플랫폼입니다. SK텔레콤의 GIRAF 데이터를 활용하면 시간대 별 해당지역 존재인구 추이를 볼 수 있고, 평일과 공휴일의 유동인구 비교 분석이  가능하며  지역내 거주인구 특성을 이해할 수 있고, 유동인구의 추이를 파악 가능합니다.",2000000,,True,2025-07-15,,SK텔레콤,통신/인구,zip,"['유동인구', '직장인구', '주거인구', '방문인구', '서비스인구', '통신데이터', '위치데이터']",공간/위치,인구이동,유동인구,"['유동인구', '직장인구', '주거인구', '방문인구', '서비스인구', '통신데이터', '위치데이터']",243.15MB,-1,254961254.0
KDX,page_1594.html,-,[SKT]대전광역시-대덕구[30230]_201910_서비스인구,"SK텔레콤 기지국 데이터를 GIRAF에서 수집, 가공하여 공간통계로서 해당 지역 내의 총인구, 거주인구, 방문인구, 근무자 인구를 추정 제공합니다.       \n해당 데이터는 전체 MS 50%를 차지하는 고객의 네트워크 데이터를 기초로, 통계청 등 공공데이터를 결합, 전국 250개 시군구 단위로 가공되었습니다.\n50M 의 가상격자 내에 존재하는 인구수를 월별/성연령별/목적별(거주,직장 등) 로 집계하여 전체 인구 기준으로 환산하였으며,\n세부항목은 거주인구 (야간체류) / 직장인구 (주간체류) / 유입인구 ( 거주와 직장을 제외한 순수방문인구 ) 로 이루어져 있으며, 이 세개의 필드를 합산하면 해당 장소에 존재하는\n전체 인구를 추정 가능합니다.\n(시간대별, 일별, 요일별 데이터가 필요하신 경우 별도 요청을 부탁드립니다)\nGIRAF는 Geo Intelligence Rapid Analytic Framework의 약자로 SK텔레콤의 가장 스마트한 위치 빅데이터 분석 플랫폼입니다. SK텔레콤의 GIRAF 데이터를 활용하면 시간대 별 해당지역 존재인구 추이를 볼 수 있고, 평일과 공휴일의 유동인구 비교 분석이  가능하며  지역내 거주인구 특성을 이해할 수 있고, 유동인구의 추이를 파악 가능합니다.",2000000,,True,2025-07-15,,SK텔레콤,통신/인구,"xlsx, zip","['유동인구', '직장인구', '주거인구', '방문인구', '서비스인구', '통신데이터', '위치데이터']",공간/위치,인구이동,유동인구,"['유동인구', '직장인구', '주거인구', '방문인구', '서비스인구', '통신데이터', '위치데이터']",203.80MB,-1,213699788.0
KDX,page_26205.html,-,202008 전국 시도단위 예금여력 데이터,본 데이터는 KCB가 각 금융사들로부터 매일 수집하는 최신 금융 데이터를 공간 단위로 재가공해 월별로 제공하고 있습니다.,0,"- 집계 값(단위 : 만원); 3. 월평균 카드소비 금액 : 해당지역 전체 고객군의 월평균 카드소비 금액 (신용카드, 체크카드 등 모든 카드이용금액)",True,2025-07-15,"- 집계 값(단위 : 만원); 3. 월평균 카드소비 금액 : 해당지역 전체 고객군의 월평균 카드소비 금액 (신용카드, 체크카드 등 모든 카드이용금액)",코리아크레딧뷰로,금융/증권,csv,"['kdx', '유통소비', 'kcb', '코리아크레딧뷰로', '202008', '전국', '시도', '예금여력', '소비가능금액', '연평균소득', '카드소비', '채무상환액']",소비/유통,소비행태,소비,"['kdx', '유통소비', 'kcb', '코리아크레딧뷰로', '202008', '전국', '시도', '예금여력', '소비가능금액', '연평균소득', '카드소비', '채무상환액']",813Bytes,-1,813.0
KDX,page_295.html,-,2019년 차종별 중고차등록현황,"NICE디앤알 중고차등록 현황 집계정보입니다.\n- 집계 기간 : 2019년 1월 ~ 2019년 10월(10개월)\n- 주요 항목 : 성별, 연령별(10세 단위), 지역별 (시/군/구), 유형별, 모델별 등 중고차등록 현황",500000,,True,2025-07-15,,나이스디앤알,자동차,"xlsx, csv","['kdx', '유통', '소비', 'nice', '나이스디앤알', '자동차', '중고차', '등록현황', '차량모델', '대표모델']",소비/유통,소비행태,소비,"['kdx', '유통', '소비', 'nice', '나이스디앤알', '자동차', '중고차', '등록현황', '차량모델', '대표모델']",59.25KB,-1,60672.0
KDX,page_28071.html,-,202101 상품분류 지역별 매출구성비,GS25 상품카테고리별 지역별 매출구성비 월 집계 데이터로 지역별로 상품카테고리의 선호도를 차이를 확인 할 수 있는 데이터임,10000000,,True,2025-07-15,,지에스리테일,유통/마케팅,csv,"['KDX', '유통', '소비', 'GS', '지에스', 'GS25', 'gs25', '카테고리', '상품분류', '매출', '매출구성비', '지역별']",소비/유통,소비행태,소비트렌드,"['KDX', '유통', '소비', 'GS', '지에스', 'GS25', 'gs25', '카테고리', '상품분류', '매출', '매출구성비', '지역별']",2.48MB,-1,2600468.0
KDX,page_39884.html,-,2023 은행 채널 이용률_KB국민은행,"성, 연령, 소득, Life stage 등 인구통계학적 응답자 특성 및 금융 이용 특성 별로 분석한 통계표입니다.",200000,,True,2025-07-15,,나이스디앤알,금융/증권,xlsx,"['금융', '기획조사', 'KFSS', '금융소비자', '은행', '증권사', '보험사', '저축은행', '신용카드']",소비/유통,소비행태,소비,"['금융', '기획조사', 'KFSS', '금융소비자', '은행', '증권사', '보험사', '저축은행', '신용카드']",51.97KB,-1,53217.0
KDX,page_5926.html,-,[SKT]인천광역시-연수구[28185]_202005_서비스인구,"SK텔레콤 기지국 데이터를 GIRAF에서 수집, 가공하여 공간통계로서 해당 지역 내의 총인구, 거주인구, 방문인구, 근무자 인구를 추정 제공합니다.       \n해당 데이터는 전체 MS 50%를 차지하는 고객의 네트워크 데이터를 기초로, 통계청 등 공공데이터를 결합, 전국 250개 시군구 단위로 가공되었습니다.\n50M 의 가상격자 내에 존재하는 인구수를 월별/성연령별/목적별(거주,직장 등) 로 집계하여 전체 인구 기준으로 환산하였으며,\n세부항목은 거주인구 (야간체류) / 직장인구 (주간체류) / 유입인구 ( 거주와 직장을 제외한 순수방문인구 ) 로 이루어져 있으며, 이 세개의 필드를 합산하면 해당 장소에 존재하는\n전체 인구를 추정 가능합니다.\n(시간대별, 일별, 요일별 데이터가 필요하신 경우 별도 요청을 부탁드립니다)\nGIRAF는 Geo Intelligence Rapid Analytic Framework의 약자로 SK텔레콤의 가장 스마트한 위치 빅데이터 분석 플랫폼입니다. SK텔레콤의 GIRAF 데이터를 활용하면 시간대 별 해당지역 존재인구 추이를 볼 수 있고, 평일과 공휴일의 유동인구 비교 분석이  가능하며  지역내 거주인구 특성을 이해할 수 있고, 유동인구의 추이를 파악 가능합니다.",2000000,,True,2025-07-15,,SK텔레콤,통신/인구,zip,"['유동인구', '직장인구', '주거인구', '방문인구', '서비스인구', '통신데이터', '위치데이터']",공간/위치,인구이동,서비스인구,"['유동인구', '직장인구', '주거인구', '방문인구', '서비스인구', '통신데이터', '위치데이터']",252.07MB,-1,264314552.0
KDX,page_36601.html,-,[NH농협카드] 온라인 업종별 소비 트렌드_2023년 2월_#27 인테리어,온라인으로 인테리어 관련 구매를 한 고객의 속성 및 소비현황 데이터,-2,,True,2025-07-15,,농협은행(농협카드),소비/상권,csv,"['NH농협카드', '온라인쇼핑', '온라인소비', '카드', '소비', '비대면', '시간대', '업종', '요일', '연령대', '성별', '인테리어']",소비/유통,소비행태,소비트렌드,"['NH농협카드', '온라인쇼핑', '온라인소비', '카드', '소비', '비대면', '시간대', '업종', '요일', '연령대', '성별', '인테리어']",2.80KB,-1,2867.0
KDX,page_37979.html,-,KB차차차 인기 검색 차종 현황(2023년 8월),KB차차차 방문고객의 인기 검색(시세) 차종 현황(2023년 8월),300000,,True,2025-07-15,,KB캐피탈,자동차,csv,"['KB캐피탈', 'KB차차차', '자동차', '중고차', '중고차순위', '인기중고차', '중고차시세']",소비/유통,상품,구매,"['KB캐피탈', 'KB차차차', '자동차', '중고차', '중고차순위', '인기중고차', '중고차시세']",10.23KB,-1,10475.0
KDX,page_25893.html,-,2020년 08월 이슈키워드,최근 1주일 대비 소셜상에서 빈도수가 급상승한 키워드 (일별 TOP 20개)\n- 기간 : 2020.08.01 ~ 2020.08.31\n- 채널 : 트위터,0,,True,2025-07-15,,바이브컴퍼니,SNS,"xlsx, csv","['바이브컴퍼니', '바이브', '다음소프트', '소셜', '미디어', 'sns', '트위터', '빅데이터', '분석', '2020년', '8월', '일별', '이슈', '키워드', '이슈키워드']",소비/유통,소비행태,마케팅,"['바이브컴퍼니', '바이브', '다음소프트', '소셜', '미디어', 'sns', '트위터', '빅데이터', '분석', '2020년', '8월', '일별', '이슈', '키워드', '이슈키워드']",55.65KB,-1,56985.0
KDX,page_30114.html,-,2021년 08월 쇼핑몰 관련 키워드의 감성 연관어,"쇼핑몰 관련 키워드에 대한 일별/채널별 감성 연관어\n- 기간 : 2021.08.01 ~ 2021.08.31\n- 채널 : 뉴스, 블로그, 트위터, 인스타그램, 전체\n\n※ 쇼핑몰 관련 키워드는 ""분류별 키워드 셋""(무료 상품)을 참고하세요.",14000,,True,2025-07-15,,바이브컴퍼니,SNS,"csv, xlsx","['바이브컴퍼니', '바이브', '다음소프트', '소셜', '미디어', 'SNS', '뉴스', '블로그', '트위터', '인스타그램', '빅데이터', '분석', '2021년', '8월', '일별', '쇼핑몰', '키워드', '감성', '연관어', '감성연관어']",소비/유통,상품,쇼핑,"['바이브컴퍼니', '바이브', '다음소프트', '소셜', '미디어', 'SNS', '뉴스', '블로그', '트위터', '인스타그램', '빅데이터', '분석', '2021년', '8월', '일별', '쇼핑몰', '키워드', '감성', '연관어', '감성연관어']",2.08MB,-1,2181038.0
KDX,page_39597.html,-,K 패션 지역별 트렌드 데이터_수도권_M2311,수도권 지역별 판매된 패션 제품의 트렌드 및 분석 데이터,0,,True,2025-07-15,,어반유니온,유통/마케팅,csv,"['패션트렌드', '패션트렌드분석', '패션빅데이터', '판매점유율', '아이템트렌드', '속성', '판매분석']",소비/유통,상품,판매,"['패션트렌드', '패션트렌드분석', '패션빅데이터', '판매점유율', '아이템트렌드', '속성', '판매분석']",834.81KB,-1,854845.0
KDX,page_34585.html,-,2022년 08월 디지털 관련 키워드에 대한 원문정보,"디지털 관련 키워드에 대한 일별/채널별 원문정보\n- 기간 : 2022.08.01 ~ 2022.08.31\n- 채널 : 뉴스, 블로그, 트위터, 인스타그램\n\n※ 향후에는 관련 키워드 버즈추이 데이터를 구매하면 무료로 제공 예정입니다.\n\n※ 디지털 관련 키워드는 ""분류별 키워드 셋""(무료 상품)을 참고하세요.",64000,,True,2025-07-15,,바이브컴퍼니,SNS,"csv, xlsx","['바이브컴퍼니', '바이브', '다음소프트', '소셜', '미디어', 'SNS', '뉴스', '블로그', '트위터', '인스타그램', '빅데이터', '분석', '2022년', '8월', '일별', '디지털', '키워드', '원문정보', '문서', '제목', '내용', 'URL', '원문매핑정보']",데이터분석,빅데이터,빅데이터,"['바이브컴퍼니', '바이브', '다음소프트', '소셜', '미디어', 'SNS', '뉴스', '블로그', '트위터', '인스타그램', '빅데이터', '분석', '2022년', '8월', '일별', '디지털', '키워드', '원문정보', '문서', '제목', '내용', 'URL', '원문매핑정보']",573.20MB,-1,601043763.0
KDX,page_31684.html,-,공간 정보 기반의 전국 아파트 환경정보 데이터_서울특별시 중랑구,- 전국 지역별 100가구 이상의 아파트와 주변 반경 2.5Km 내의 모든 주변 환경 및 시설 정보 제공 (기피유해시설 미포함)\n- 2021년 12월 서울특별시 중랑구,1936000,,True,2025-07-15,,비씨티원,부동산/지리,csv,"['공간정보', '아파트', '부동산', '환경정보', '일반시설물', '비씨티원', '지역별', '서울특별시중랑구', '2021년12월']",공공/행정,정책,공공데이터,"['공간정보', '아파트', '부동산', '환경정보', '일반시설물', '비씨티원', '지역별', '서울특별시중랑구', '2021년12월']",88.29MB,-1,92578775.0
KDX,page_31486.html,-,공간 정보 기반의 전국 아파트 환경정보 데이터_서울특별시 영등포구,- 전국 지역별 100가구 이상의 아파트와 주변 반경 2.5Km 내의 모든 주변 환경 및 시설 정보 제공 (기피유해시설 미포함)\n- 2021년 11월 서울특별시 영등포구,1584000,,True,2025-07-15,,비씨티원,부동산/지리,csv,"['공간정보', '아파트', '부동산', '환경정보', '일반시설물', '비씨티원', '지역별', '서울특별시영등포구', '2021년11월']",공공/행정,정책,공공데이터,"['공간정보', '아파트', '부동산', '환경정보', '일반시설물', '비씨티원', '지역별', '서울특별시영등포구', '2021년11월']",72.91MB,-1,76451676.0
KDX,page_39917.html,-,2023 대출 현황_월 상환 금액,"성, 연령, 소득, Life stage 등 인구통계학적 응답자 특성 및 금융 이용 특성 별로 분석한 통계표입니다.",200000,,True,2025-07-15,,나이스디앤알,금융/증권,xlsx,"['금융', '기획조사', 'KFSS', '금융소비자', '은행', '증권사', '보험사', '저축은행', '신용카드']",기타,기타,기타,"['금융', '기획조사', 'KFSS', '금융소비자', '은행', '증권사', '보험사', '저축은행', '신용카드']",112.05KB,-1,114739.0
KDX,page_37036.html,-,[NH농협카드] 2023년 4월 지역화폐 이용현황_태안사랑,NH농협카드에서 발급한 태안사랑 체크카드로 충전·결제된 지역화폐 이용 관련 데이터,-2,,True,2025-07-15,,농협은행(농협카드),소비/상권,csv,"['NH농협카드', '카드', '소비', '소비형태', '시간대', '사용시간대별', '업종', '요일', '연령대', '성별', '지역', '지역화폐', '태안', '태안사랑']",소비/유통,소비행태,소비트렌드,"['NH농협카드', '카드', '소비', '소비형태', '시간대', '사용시간대별', '업종', '요일', '연령대', '성별', '지역', '지역화폐', '태안', '태안사랑']",3.27KB,-1,3348.0
KDX,page_31134.html,-,[이커머스] 2021년 10월 일별 e커머스 무선청소기 가격 순위 현황 정보,"※ 데이터 소개\n - 국내 17개 온라인 마켓에 판매되고 있는 무선청소기 제품 가격, 할인, 순위 정보 제공\n - 제조사, 모델명, 판매자 별 판매 가격(최저가) 현황, 할인, 순위, 평점 분석 가능",2624000,,True,2025-07-15,,빌트온,이커머스,"xlsx, csv","['e커머스', '이커머스', '가격현황', '가격정보', '인기순위', '등록순위', '가전제품', '온라인상품', '상품현황', '유통', '무선청소기']",소비/유통,상품,온라인몰,"['e커머스', '이커머스', '가격현황', '가격정보', '인기순위', '등록순위', '가전제품', '온라인상품', '상품현황', '유통', '무선청소기']",57.94MB,-1,60754493.0
KDX,page_27479.html,-,2020년 12월 일별 인기기사 Top10,2020년 12월 국내 2200개 미디어의  일별 인기기사 Top10 데이터입니다.\nDATE: 날짜	RANK: 일별 순위	ART_SJ_CN: 기사 제목	URL_ADDR: 해당 기사 링크,0,,True,2025-07-15,,dable,미디어,"csv, pdf, xlsx","['미디어', '일별', '인기기사', 'top10', '2020년', '12월', '웹로그', '언론사', '매체사']",데이터분석,미디어분석,미디어,"['미디어', '일별', '인기기사', 'top10', '2020년', '12월', '웹로그', '언론사', '매체사']",178.14KB,-1,182415.0
KDX,page_34629.html,-,2022년 08월 식음 관련 키워드의 감성 연관어,"식음 관련 키워드에 대한 일별/채널별 감성 연관어\n- 기간 : 2022.08.01 ~ 2022.08.31\n- 채널 : 뉴스, 블로그, 트위터, 인스타그램, 전체\n\n※ 식음 관련 키워드는 ""분류별 키워드 셋""(무료 상품)을 참고하세요.",949000,,True,2025-07-15,,바이브컴퍼니,SNS,"csv, xlsx","['바이브컴퍼니', '바이브', '다음소프트', '소셜', '미디어', 'SNS', '뉴스', '블로그', '트위터', '인스타그램', '빅데이터', '분석', '2022년', '8월', '일별', '식음', '키워드', '감성', '연관어', '감성연관어']",소비/유통,소비행태,소비트렌드,"['바이브컴퍼니', '바이브', '다음소프트', '소셜', '미디어', 'SNS', '뉴스', '블로그', '트위터', '인스타그램', '빅데이터', '분석', '2022년', '8월', '일별', '식음', '키워드', '감성', '연관어', '감성연관어']",296.14MB,-1,310525296.0
KDX,page_37266.html,-,패션 빅데이터 트렌드 레포트_W2302(2주차),매월 주차별 의류품목별 판매점유율 등 패션 빅데이터 분석 보고서,0,,True,2025-07-15,,어반유니온,유통/마케팅,pdf,"['패션트렌드', '패션트렌드레포트', '의류품목별판매', '패션연관키워드', '패션연관키워드랭킹', '패션연관키워드분석', '패션데이터분석', '패션아이템분석', '패션마케팅', '패션데이터분석레포트']",소비/유통,소비행태,마케팅,"['패션트렌드', '패션트렌드레포트', '의류품목별판매', '패션연관키워드', '패션연관키워드랭킹', '패션연관키워드분석', '패션데이터분석', '패션아이템분석', '패션마케팅', '패션데이터분석레포트']",539.51KB,-1,552458.0
KDX,page_1766.html,-,[SKT]경상남도-남해군[48840]_201910_서비스인구,"SK텔레콤 기지국 데이터를 GIRAF에서 수집, 가공하여 공간통계로서 해당 지역 내의 총인구, 거주인구, 방문인구, 근무자 인구를 추정 제공합니다.       \n해당 데이터는 전체 MS 50%를 차지하는 고객의 네트워크 데이터를 기초로, 통계청 등 공공데이터를 결합, 전국 250개 시군구 단위로 가공되었습니다.\n50M 의 가상격자 내에 존재하는 인구수를 월별/성연령별/목적별(거주,직장 등) 로 집계하여 전체 인구 기준으로 환산하였으며,\n세부항목은 거주인구 (야간체류) / 직장인구 (주간체류) / 유입인구 ( 거주와 직장을 제외한 순수방문인구 ) 로 이루어져 있으며, 이 세개의 필드를 합산하면 해당 장소에 존재하는\n전체 인구를 추정 가능합니다.\n(시간대별, 일별, 요일별 데이터가 필요하신 경우 별도 요청을 부탁드립니다)\nGIRAF는 Geo Intelligence Rapid Analytic Framework의 약자로 SK텔레콤의 가장 스마트한 위치 빅데이터 분석 플랫폼입니다. SK텔레콤의 GIRAF 데이터를 활용하면 시간대 별 해당지역 존재인구 추이를 볼 수 있고, 평일과 공휴일의 유동인구 비교 분석이  가능하며  지역내 거주인구 특성을 이해할 수 있고, 유동인구의 추이를 파악 가능합니다.",2000000,,True,2025-07-15,,SK텔레콤,통신/인구,"xlsx, zip","['유동인구', '직장인구', '주거인구', '방문인구', '서비스인구', '통신데이터', '위치데이터']",공간/위치,인구이동,서비스인구,"['유동인구', '직장인구', '주거인구', '방문인구', '서비스인구', '통신데이터', '위치데이터']",299.53MB,-1,314079969.0
KDX,page_39156.html,-,[NH농협카드] 2023년 8월 지역화폐 이용현황_해남사랑,NH농협카드에서 발급한 해남사랑 체크카드로 충전·결제된 지역화폐 이용 관련 데이터,-2,,True,2025-07-15,,농협은행(농협카드),소비/상권,csv,"['NH농협카드', '카드', '소비', '소비형태', '시간대', '사용시간대별', '업종', '요일', '연령대', '성별', '지역', '지역화폐', '해남', '해남사랑']",소비/유통,소비행태,소비트렌드,"['NH농협카드', '카드', '소비', '소비형태', '시간대', '사용시간대별', '업종', '요일', '연령대', '성별', '지역', '지역화폐', '해남', '해남사랑']",3.32KB,-1,3399.0
KDX,page_37396.html,-,[NH농협카드] 10월 세부 업종별 카드 이용건수 트렌드 (2018년 10월 ~ 2022년 10월),"NH농협카드, 업종, 10월, 추세, 소비, 트렌드",0,,True,2025-07-15,,농협은행(농협카드),소비/상권,xlsx,"['NH농협카드', '업종', '10월', '추세', '소비', '트렌드']",소비/유통,소비행태,소비트렌드,"['NH농협카드', '업종', '10월', '추세', '소비', '트렌드']",15.93KB,-1,16312.0
KDX,page_6972.html,-,SKT 마켓 인사이트 - 재택지수,"코로나 이후, 사람들은 얼마나 집에 머물러 있었을까요? \n거주지(홈) 인근 체류 시간과 기타 활동의 체류 시간을 집계해 지수화한 데이터로 지역, 성별, 연령별로 제공합니다.",0,,True,2025-07-15,,SK텔레콤,경제/산업,csv,"['skt', 'sk텔레콤', '마켓인사이트', '데이터서비스', '데이터활용사례', '행동데이터', '재택지수', '코로나19', '코로나전후비교', '코로나데이터', '질병관리청', '데이터루', '데이터저널리즘']",공간/위치,인구이동,유동인구,"['skt', 'sk텔레콤', '마켓인사이트', '데이터서비스', '데이터활용사례', '행동데이터', '재택지수', '코로나19', '코로나전후비교', '코로나데이터', '질병관리청', '데이터루', '데이터저널리즘']",437.63KB,-1,448133.0
KDX,page_31472.html,-,공간 정보 기반의 전국 아파트 환경정보 데이터_서울특별시 구로구,- 전국 지역별 100가구 이상의 아파트와 주변 반경 2.5Km 내의 모든 주변 환경 및 시설 정보 제공 (기피유해시설 미포함)\n- 2021년 11월 서울특별시 구로구,6710000,,True,2025-07-15,,비씨티원,부동산/지리,csv,"['공간정보', '아파트', '부동산', '환경정보', '일반시설물', '비씨티원', '지역별', '서울특별시구로구', '2021년11월']",공공/행정,지역,지역,"['공간정보', '아파트', '부동산', '환경정보', '일반시설물', '비씨티원', '지역별', '서울특별시구로구', '2021년11월']",305.32MB,-1,320151224.0
KDX,page_3913.html,-,202001 전국 시도단위 연체정보 데이터,"KCB 전국 시도단위 연체비정보 데이터\n- 집계 기간 : 2020년 01월(1개월)\n- 집계 차원 : 전국, 시도\n- 집계 값 : 연체자 보유수, 평균 연체건수, 평균 연체일, 평균 연체금액, 중위 연체금액",0,,True,2025-07-15,,코리아크레딧뷰로,금융/증권,"csv, xlsx","['kdx', '유통소비', 'kcb', '코리아크레딧뷰로', '202001', '전국', '시도', '신용정보', '연체']",소비/유통,소비행태,소비,"['kdx', '유통소비', 'kcb', '코리아크레딧뷰로', '202001', '전국', '시도', '신용정보', '연체']",35.83KB,-1,36689.0
KDX,page_28730.html,-,202104 전국 시도별 맛집 PV 순위,대한민국 NO. 맛집 서비스 식신 사용자가 한 접속 지역과 당시 조회한 맛집의 페이지 뷰 순위 데이터입니다.,2000000,,True,2025-07-15,,식신,소비/상권,csv,"['맛집', '맛집조회지역', '로그데이터', '사용자로그', '맛집조회데이터']",소비/유통,소비행태,소비트렌드,"['맛집', '맛집조회지역', '로그데이터', '사용자로그', '맛집조회데이터']",95.28MB,-1,99908321.0
KDX,page_1608.html,-,[SKT]경기도-동두천시[41250]_201910_서비스인구,"SK텔레콤 기지국 데이터를 GIRAF에서 수집, 가공하여 공간통계로서 해당 지역 내의 총인구, 거주인구, 방문인구, 근무자 인구를 추정 제공합니다.       \n해당 데이터는 전체 MS 50%를 차지하는 고객의 네트워크 데이터를 기초로, 통계청 등 공공데이터를 결합, 전국 250개 시군구 단위로 가공되었습니다.\n50M 의 가상격자 내에 존재하는 인구수를 월별/성연령별/목적별(거주,직장 등) 로 집계하여 전체 인구 기준으로 환산하였으며,\n세부항목은 거주인구 (야간체류) / 직장인구 (주간체류) / 유입인구 ( 거주와 직장을 제외한 순수방문인구 ) 로 이루어져 있으며, 이 세개의 필드를 합산하면 해당 장소에 존재하는\n전체 인구를 추정 가능합니다.\n(시간대별, 일별, 요일별 데이터가 필요하신 경우 별도 요청을 부탁드립니다)\nGIRAF는 Geo Intelligence Rapid Analytic Framework의 약자로 SK텔레콤의 가장 스마트한 위치 빅데이터 분석 플랫폼입니다. SK텔레콤의 GIRAF 데이터를 활용하면 시간대 별 해당지역 존재인구 추이를 볼 수 있고, 평일과 공휴일의 유동인구 비교 분석이  가능하며  지역내 거주인구 특성을 이해할 수 있고, 유동인구의 추이를 파악 가능합니다.",2000000,,True,2025-07-15,,SK텔레콤,통신/인구,"xlsx, zip","['유동인구', '직장인구', '주거인구', '방문인구', '서비스인구', '통신데이터', '위치데이터']",공간/위치,위치기반,위치데이터,"['유동인구', '직장인구', '주거인구', '방문인구', '서비스인구', '통신데이터', '위치데이터']",95.61MB,-1,100254351.0
KDX,page_40274.html,-,부산 경제상황 진단용 월정기 데이터 (2024.02) ,(부산연구원 제공용) 부산 경제상황 진단용 월정기 데이터 (2024.02) ︎,0,,True,2025-07-15,,코리아크레딧뷰로,공공데이터,7z,"['KDXKCB코리아크레딧뷰로맞춤형지역경제모니터링지표부산연구원', 'KCB', '코리아크레딧뷰로', '맞춤형', '지역경제', '모니터링', '지표']",공공/행정,지역,지역,"['KDXKCB코리아크레딧뷰로맞춤형지역경제모니터링지표부산연구원', 'KCB', '코리아크레딧뷰로', '맞춤형', '지역경제', '모니터링', '지표']",146.74KB,-1,150261.0
